1790655963,118.09
1790655966,118.08
1790655969,118.13
1790655972,117.97
1790655975,117.87
1790655978,116.62
1790655981,112.98
1790655984,113.06
1790655987,112.78
1790655990,112.70
1790655993,108.36
1790655996,102.06
1790655999,95.38
1790656002,88.31
1790656005,82.32
1790656008,76.17
1790656011,46.98
1790656014,46.86
1790656017,46.88
1790656020,46.93
1790656023,47.02
1790656026,47.03
1790656029,47.08
1790656032,47.15
1790656035,47.17
1790656038,47.30
1790656041,47.39
1790656044,47.47
1790656047,73.03
1790656050,47.87
1790656053,47.77
1790656056,47.70
1790656059,47.79
1790656062,47.86
1790656065,47.86
1790656068,47.95
1790656071,47.90
1790656074,47.93
1790656077,48.09
1790656080,48.11
1790656083,48.07
1790656086,47.94
1790656089,47.95
1790656092,47.95
1790656095,47.98
1790656098,47.93
1790656101,47.91
1790656104,47.93
1790656107,47.95
1790656110,48.10
1790656113,48.13
1790656116,72.53
1790656119,48.06
1790656122,47.95
1790656125,47.88
1790656128,47.98
1790656131,47.91
1790656134,48.08
1790656137,48.11
1790656140,48.02
1790656143,48.18
1790656146,48.20
1790656149,48.23
1790656152,48.12
1790656155,48.02
1790656158,48.03
1790656161,47.93
1790656164,47.95
1790656167,47.97
1790656170,48.12
1790656173,48.15
1790656176,48.17
1790656179,48.06
1790656182,66.17
1790656185,46.26
1790656188,43.60
1790656191,43.52
1790656194,43.55
1790656197,68.14
1790656200,33.39
1790656203,10.40
1790656207,10.36
1790656210,10.31
1790656213,10.09
1790656216,7.45
1790656219,5.19
1790656222,3.08
1790656225,1.07
1790656229,0.20
1790656235,0.19
1790656248,0.19
1790656253,0.21
1790656258,0.19
1790656265,0.20
1790656275,0.17
1790656295,0.17
1790656329,0.19
1790656364,0.20
1790656380,0.17
1790656387,0.16
1790656392,0.17
1790656400,0.14
1790656407,0.13
1790656414,0.12
1790656422,0.09
1790656429,0.10
1790656438,0.08
1790656444,0.07
1790656453,0.05
1790656461,0.05
1790656470,0.05
1790656479,0.02
1790656488,0.01
1790656493,0.01
1790656505,0.03
1790656516,0.01
1790656525,0.00
1790656543,0.01
1790656556,0.00
1790656564,0.03
1790656581,0.00
1790656587,0.00
1790656594,0.00
1790656611,0.00
1790656622,0.00
1790656640,0.00
1790675071,116.08
1790675074,118.79
1790675077,117.72
1790675080,114.30
1790675083,114.04
1790675086,113.88
1790675089,109.43
1790675092,101.49
1790675095,95.22
1790675098,89.21
1790675101,115.40
1790675104,115.44
1790675107,115.48
1790675110,115.53
1790675113,115.58
1790675116,115.63
1790675119,115.72
1790675122,115.77
1790675125,115.82
1790675128,115.89
1790675131,115.94
1790675134,116.00
1790675137,115.78
1790675140,116.06
1790675143,116.12
1790675146,116.17
1790675149,116.21
1790675152,116.24
1790675155,116.28
1790675158,116.31
1790675161,118.48
1790675164,117.64
1790675167,114.18
1790675170,113.93
1790675173,113.79
1790675176,109.61
1790675179,102.90
1790675182,96.52
1790675185,89.27
1790675188,83.45
1790675191,77.24
1790675194,56.43
1790675197,47.20
1790675200,47.07
1790675203,47.12
1790675206,47.19
1790675209,47.29
1790675212,47.28
1790675215,47.54
1790675218,47.63
1790675221,47.72
1790675224,47.79
1790675227,47.84
1790675230,48.47
1790675233,48.34
1790675236,48.18
1790675239,48.09
1790675242,48.08
1790675245,48.11
1790675248,48.14
1790675251,48.19
1790675254,48.34
1790675257,48.36
1790675260,48.39
1790675263,48.37
1790675266,48.39
1790675269,48.32
1790675272,48.19
1790675275,48.13
1790675278,48.11
1790675281,48.13
1790675284,48.06
1790675287,48.15
1790675290,48.20
1790675293,48.27
1790675296,48.18
1790675299,48.21
1790675302,48.51
1790675305,48.45
1790675308,48.47
1790675311,48.48
1790675314,48.49
1790675317,48.40
1790675320,48.43
1790675323,48.46
1790675326,48.47
1790675329,48.62
1790675332,48.64
1790675335,48.53
1790675338,48.65
1790675341,48.64
1790675344,48.58
1790675347,48.52
1790675350,48.51
1790675353,48.61
1790675356,48.56
1790675359,48.57
1790675362,48.48
1790675365,71.14
1790675368,53.98
1790675371,44.02
1790675374,43.97
1790675377,44.00
1790675380,68.57
1790675383,23.84
1790675386,14.10
1790675389,42.15
1790675392,41.85
1790675395,31.99
1790675398,31.72
1790675401,31.78
1790675404,31.83
1790675407,88.02
1790675410,87.98
1790675413,87.92
1790675416,87.91
1790675419,87.85
1790675422,87.86
1790675425,87.84
1790675428,87.82
1790675431,87.80
1790675434,87.80
1790675437,87.79
1790675440,87.80
1790675443,87.79
1790675446,87.78
1790675449,87.78
1790675452,87.79
1790675455,87.80
1790675458,87.80
1790675461,87.79
1790675464,87.79
1790675467,87.79
1790675470,87.79
1790675473,110.89
1790675476,114.20
1790675479,113.91
1790675482,113.79
1790675485,108.73
1790675488,101.85
1790675491,95.65
1790675494,89.10
1790675497,82.32
1790675500,76.11
1790675503,46.91
1790675506,46.57
1790675509,46.46
1790675512,46.39
1790675515,46.52
1790675518,46.81
1790675521,47.07
1790675524,47.29
1790675527,47.44
1790675530,47.47
1790675533,47.58
1790675537,47.65
1790675540,53.24
1790675543,47.89
1790675546,47.94
1790675549,47.98
1790675552,48.06
1790675555,48.03
1790675558,48.09
1790675561,48.14
1790675564,48.30
1790675567,48.34
1790675570,48.38
1790675573,48.31
1790675576,48.32
1790675579,48.35
1790675582,48.25
1790675585,48.27
1790675588,48.43
1790675591,48.44
1790675594,48.47
1790675597,48.39
1790675600,48.39
1790675603,48.40
1790675606,48.64
1790675609,48.44
1790675612,48.32
1790675615,48.33
1790675618,48.34
1790675621,48.33
1790675624,48.39
1790675627,48.40
1790675630,48.42
1790675633,48.45
1790675636,48.47
1790675639,48.37
1790675642,48.39
1790675645,48.40
1790675648,48.31
1790675651,48.32
1790675654,48.44
1790675657,48.44
1790675660,48.45
1790675663,48.34
1790675666,48.35
1790675669,48.33
1790675672,66.37
1790675675,44.00
1790675678,44.03
1790675681,44.06
1790675684,44.36
1790675687,50.81
1790675690,21.39
1790675693,14.27
1790675696,42.03
1790675699,32.17
1790675702,31.89
1790675705,31.92
1790675708,31.97
1790675711,32.45
1790675714,87.56
1790675717,87.52
1790675720,87.50
1790675723,87.54
1790675726,87.60
1790675729,87.61
1790675732,87.88
1790675735,87.89
1790675738,87.90
1790675741,87.91
1790675744,87.91
1790675747,87.91
1790675750,87.89
1790675753,87.90
1790675756,87.89
1790675759,87.90
1790675762,87.90
1790675765,87.90
1790675769,87.91
1790675772,87.91
1790675775,87.91
1790675778,111.02
1790675781,114.26
1790675784,113.99
1790675787,113.86
1790675790,109.00
1790675793,101.55
1790675796,95.55
1790675799,88.69
1790675802,82.68
1790675805,76.65
1790675808,47.25
1790675811,47.04
1790675814,46.92
1790675817,46.83
1790675820,47.05
1790675823,47.14
1790675826,47.33
1790675829,47.44
1790675832,47.62
1790675835,47.74
1790675838,48.01
1790675841,48.38
1790675844,48.25
1790675847,48.14
1790675850,47.98
1790675853,47.82
1790675856,47.89
1790675859,48.07
1790675862,48.11
1790675865,48.10
1790675868,48.04
1790675871,48.03
1790675874,48.18
1790675877,48.16
1790675880,48.05
1790675883,48.07
1790675886,48.10
1790675889,48.13
1790675892,48.06
1790675895,47.92
1790675898,48.02
1790675901,48.09
1790675904,48.15
1790675907,48.09
1790675910,48.38
1790675913,48.24
1790675916,48.17
1790675919,48.19
1790675922,48.34
1790675925,48.12
1790675928,48.13
1790675931,48.19
1790675934,48.24
1790675937,48.15
1790675940,48.19
1790675943,48.09
1790675946,48.10
1790675949,48.10
1790675952,48.12
1790675955,48.11
1790675958,48.03
1790675961,48.02
1790675964,48.19
1790675967,48.20
1790675970,48.14
1790675973,70.85
1790675976,53.89
1790675979,43.82
1790675982,43.73
1790675985,43.67
1790675988,68.36
1790675991,21.44
1790675994,13.83
1790675997,41.65
1790676000,31.64
1790676003,31.39
1790676006,31.25
1790676009,31.32
1790676012,31.52
1790676015,87.39
1790676018,87.37
1790676021,87.35
1790676024,87.51
1790676027,87.59
1790676030,87.59
1790676033,87.59
1790676036,87.61
1790676039,87.62
1790676042,87.63
1790676045,87.63
1790676048,87.66
1790676051,87.68
1790676054,87.70
1790676057,87.72
1790676060,87.74
1790676063,87.76
1790676066,87.78
1790676070,87.81
1790676073,87.81
1790676076,87.81
1790676079,87.82
1790676082,110.90
1790676085,114.34
1790676088,114.12
1790676091,113.96
1790676094,110.19
1790676097,103.62
1790676100,97.79
1790676103,90.86
1790676106,84.08
1790676109,77.98
1790676112,71.78
1790676115,70.54
1790676118,70.42
1790676121,70.50
1790676124,70.59
1790676127,70.64
1790676130,70.82
1790676133,71.10
1790676136,71.28
1790676139,71.43
1790676142,71.60
1790676145,71.73
1790676148,71.84
1790676151,71.92
1790676154,72.04
1790676157,72.18
1790676160,72.13
1790676163,72.15
1790676166,72.17
1790676169,72.18
1790676172,72.21
1790676175,72.14
1790676178,72.17
1790676181,72.07
1790676184,71.96
1790676187,72.10
1790676190,72.04
1790676193,72.02
1790676196,71.98
1790676199,71.94
1790676202,71.96
1790676205,71.96
1790676208,73.94
1790676211,72.93
1790676214,72.99
1790676217,73.98
1790676220,69.41
1790676223,65.02
1790676226,64.88
1790676229,65.07
1790676232,87.86
1790676235,87.83
1790676238,87.79
1790676241,87.84
1790676244,87.81
1790676247,87.81
1790676250,87.81
1790676253,87.80
1790676256,87.81
1790676259,87.81
1790676262,87.81
1790676266,87.80
1790676269,87.80
1790676272,87.80
1790676275,87.80
1790676278,87.81
1790676281,87.83
1790676284,87.81
1790676287,87.80
1790676290,87.81
1790676293,87.83
1790676296,87.82
1790676299,87.83
1790676302,88.01
1790676305,111.13
1790676308,114.27
1790676311,113.97
1790676314,113.35
1790676317,105.57
1790676320,100.94
1790676323,93.97
1790676326,87.09
1790676329,80.54
1790676332,74.25
1790676335,47.07
1790676338,46.98
1790676341,46.92
1790676344,46.82
1790676347,46.84
1790676350,46.92
1790676353,47.14
1790676356,47.30
1790676359,47.44
1790676362,47.57
1790676365,47.66
1790676368,48.02
1790676371,47.86
1790676374,47.70
1790676377,47.63
1790676380,47.68
1790676383,47.93
1790676386,48.05
1790676389,48.05
1790676392,48.04
1790676395,48.11
1790676398,48.30
1790676401,48.41
1790676404,48.31
1790676407,48.22
1790676410,48.19
1790676413,48.18
1790676416,48.17
1790676419,48.17
1790676422,48.36
1790676425,48.38
1790676428,48.41
1790676431,48.32
1790676434,48.34
1790676437,48.46
1790676440,48.28
1790676443,48.18
1790676446,48.32
1790676449,48.36
1790676452,48.40
1790676455,48.31
1790676458,48.34
1790676461,48.35
1790676464,48.49
1790676467,48.51
1790676470,48.42
1790676473,48.46
1790676476,48.48
1790676479,48.38
1790676482,48.37
1790676485,48.37
1790676488,48.51
1790676491,48.54
1790676494,48.54
1790676497,48.47
1790676500,66.60
1790676503,44.11
1790676506,44.12
1790676509,44.08
1790676512,44.22
1790676515,65.55
1790676518,10.67
1790676521,14.82
1790676524,42.51
1790676527,32.29
1790676530,31.99
1790676533,32.02
1790676536,32.05
1790676539,32.51
1790676542,87.68
1790676545,87.67
1790676548,87.66
1790676551,87.68
1790676554,87.69
1790676557,87.70
1790676560,87.73
1790676563,87.74
1790676566,87.87
1790676569,87.86
1790676572,87.87
1790676575,87.87
1790676578,87.86
1790676581,87.87
1790676585,87.87
1790676588,87.87
1790676591,87.87
1790676594,87.87
1790676597,87.87
1790676600,87.86
1790676603,87.88
1790676606,87.88
1790676609,88.07
1790676612,111.15
1790676615,113.83
1790676618,113.52
1790676621,113.44
1790676624,112.28
1790676627,108.10
1790676630,101.91
1790676633,95.64
1790676636,88.85
1790676639,82.18
1790676642,75.81
1790676645,46.94
1790676648,46.73
1790676651,46.65
1790676654,46.70
1790676657,46.78
1790676660,46.81
1790676663,46.97
1790676666,47.14
1790676669,47.46
1790676672,47.64
1790676675,47.66
1790676678,48.42
1790676681,48.15
1790676684,48.19
1790676687,48.32
1790676690,48.37
1790676693,48.36
1790676696,48.32
1790676699,48.31
1790676702,48.45
1790676705,48.45
1790676708,48.33
1790676711,48.44
1790676714,48.28
1790676717,48.21
1790676720,48.23
1790676723,48.38
1790676726,48.39
1790676729,48.31
1790676732,48.29
1790676735,48.32
1790676738,48.47
1790676741,48.49
1790676744,48.52
1790676747,48.40
1790676750,48.17
1790676753,48.07
1790676756,48.10
1790676759,48.26
1790676762,48.28
1790676765,48.18
1790676768,48.19
1790676771,48.34
1790676774,48.37
1790676777,48.27
1790676780,48.16
1790676783,48.07
1790676786,47.99
1790676789,48.04
1790676792,48.21
1790676795,48.25
1790676798,48.27
1790676801,48.20
1790676804,48.23
1790676807,66.32
1790676810,43.82
1790676813,43.75
1790676816,43.66
1790676819,68.39
1790676822,41.49
1790676825,16.55
1790676828,17.18
1790676831,42.01
1790676834,31.95
1790676837,31.77
1790676840,31.88
1790676843,31.92
1790676846,41.54
1790676849,88.03
1790676852,87.97
1790676855,87.93
1790676858,87.88
1790676861,87.90
1790676865,87.89
1790676868,87.89
1790676871,87.88
1790676874,87.87
1790676877,87.87
1790676880,87.87
1790676883,87.87
1790676886,87.86
1790676889,87.86
1790676892,87.85
1790676895,87.85
1790676898,87.86
1790676901,87.86
1790676904,87.86
1790676907,87.86
1790676910,87.86
1790676913,87.86
1790676916,88.08
1790676919,111.08
1790676922,113.77
1790676925,113.50
1790676928,113.42
1790676931,111.88
1790676934,105.56
1790676937,99.38
1790676940,92.57
1790676943,86.43
1790676946,79.95
1790676949,73.59
1790676952,47.40
1790676955,47.45
1790676958,47.28
1790676961,47.31
1790676964,47.50
1790676967,47.56
1790676970,47.56
1790676973,47.52
1790676976,47.58
1790676979,47.79
1790676982,48.09
1790676985,48.28
1790676988,48.18
1790676991,47.95
1790676994,47.86
1790676997,47.93
1790677000,48.15
1790677003,48.18
1790677006,48.07
1790677009,48.08
1790677012,48.11
1790677015,48.13
1790677018,48.24
1790677021,48.38
1790677024,48.38
1790677027,48.26
1790677030,48.25
1790677033,48.39
1790677036,48.39
1790677039,48.34
1790677042,48.13
1790677045,48.13
1790677048,48.35
1790677051,48.17
1790677054,48.33
1790677057,48.33
1790677060,48.36
1790677063,48.25
1790677066,48.40
1790677069,48.37
1790677072,48.45
1790677075,48.44
1790677078,48.34
1790677081,73.94
1790677084,48.44
1790677087,48.43
1790677090,48.44
1790677093,48.46
1790677096,48.49
1790677099,48.40
1790677102,48.42
1790677105,48.57
1790677108,48.59
1790677111,72.47
1790677114,58.92
1790677117,44.09
1790677120,44.01
1790677123,44.00
1790677126,68.60
1790677129,23.19
1790677132,14.24
1790677135,42.27
1790677138,32.31
1790677141,32.00
1790677144,31.80
1790677147,31.91
1790677150,32.26
1790677153,88.05
1790677156,87.99
1790677159,87.95
1790677162,88.01
1790677165,88.00
1790677168,87.99
1790677171,87.99
1790677174,87.99
1790677177,87.98
1790677180,87.99
1790677183,87.97
1790677186,87.97
1790677189,87.97
1790677192,87.96
1790677195,87.97
1790677198,87.96
1790677201,87.97
1790677204,87.96
1790677207,87.96
1790677210,87.96
1790677213,87.96
1790677216,87.97
1790677219,87.96
1790677222,87.96
1790677225,87.96
1790677228,105.25
1790677231,114.30
1790677234,114.32
1790677237,113.50
1790677240,113.21
1790677243,109.07
1790677246,103.05
1790677249,98.02
1790677252,91.07
1790677255,84.69
1790677258,78.40
1790677261,71.88
1790677264,70.38
1790677267,70.25
1790677270,70.25
1790677273,70.24
1790677276,70.32
1790677279,70.58
1790677282,71.83
1790677285,71.93
1790677289,72.04
1790677292,72.14
1790677295,72.12
1790677298,72.10
1790677301,72.10
1790677304,72.09
1790677307,72.08
1790677310,72.07
1790677313,72.09
1790677316,72.11
1790677319,72.12
1790677322,72.07
1790677325,72.07
1790677328,72.23
1790677331,72.24
1790677334,72.12
1790677337,72.27
1790677340,72.07
1790677343,72.24
1790677346,72.26
1790677349,72.28
1790677352,72.20
1790677355,74.09
1790677358,73.11
1790677361,73.10
1790677364,74.08
1790677367,68.78
1790677370,64.82
1790677373,64.71
1790677376,64.90
1790677379,87.69
1790677382,87.69
1790677385,87.68
1790677388,87.73
1790677391,87.74
1790677394,87.76
1790677397,87.77
1790677400,87.78
1790677403,87.78
1790677406,87.78
1790677409,87.78
1790677412,87.78
1790677415,87.77
1790677418,87.77
1790677421,87.77
1790677424,87.76
1790677427,87.77
1790677430,87.76
1790677433,87.77
1790677436,87.77
1790677439,87.76
1790677442,87.77
1790677445,87.76
1790677448,87.77
1790677451,111.05
1790677454,113.80
1790677457,113.59
1790677460,113.49
1790677463,113.22
1790677466,109.43
1790677469,103.59
1790677472,98.18
1790677475,91.21
1790677478,84.50
1790677481,78.13
1790677484,68.90
1790677487,46.29
1790677490,46.30
1790677493,46.30
1790677496,46.36
1790677499,46.55
1790677502,46.65
1790677505,46.81
1790677508,46.94
1790677511,47.00
1790677514,47.12
1790677517,47.23
1790677520,71.66
1790677523,47.68
1790677526,47.58
1790677529,47.49
1790677532,47.45
1790677535,47.52
1790677538,47.60
1790677541,47.79
1790677544,47.84
1790677547,47.76
1790677550,47.81
1790677553,63.92
1790677556,47.78
1790677559,47.69
1790677562,47.74
1790677565,47.82
1790677568,47.76
1790677571,47.83
1790677574,47.88
1790677577,48.07
1790677580,48.11
1790677583,48.04
1790677586,48.39
1790677589,48.28
1790677592,48.31
1790677595,48.34
1790677598,48.50
1790677601,48.53
1790677604,48.56
1790677607,48.45
1790677610,48.58
1790677613,48.59
1790677616,48.48
1790677619,48.48
1790677622,48.31
1790677625,48.11
1790677628,48.14
1790677631,48.29
1790677634,48.32
1790677637,48.23
1790677640,48.25
1790677643,48.40
1790677646,48.69
1790677649,58.83
1790677652,43.93
1790677655,43.91
1790677658,43.95
1790677661,68.56
1790677664,13.63
1790677667,14.22
1790677670,42.03
1790677673,32.14
1790677676,32.13
1790677679,32.13
1790677682,31.88
1790677685,32.50
1790677688,88.04
1790677691,87.99
1790677694,87.95
1790677697,87.91
1790677700,87.90
1790677703,87.90
1790677706,87.90
1790677709,87.90
1790677712,87.89
1790677715,87.89
1790677718,87.87
1790677721,87.87
1790677724,87.87
1790677727,87.86
1790677730,87.87
1790677733,87.86
1790677736,87.86
1790677739,87.86
1790677742,87.88
1790677745,87.87
1790677748,87.87
1790677751,87.87
1790677754,87.87
1790677757,87.87
1790677760,87.87
1790677763,111.04
1790677766,113.78
1790677769,113.55
1790677773,113.41
1790677776,109.93
1790677779,104.24
1790677782,99.32
1790677785,91.99
1790677788,85.11
1790677791,78.71
1790677794,72.88
1790677797,47.20
1790677800,47.14
1790677803,46.96
1790677806,46.99
1790677809,46.99
1790677812,47.24
1790677815,47.40
1790677818,47.42
1790677821,47.54
1790677824,47.65
1790677827,48.18
1790677830,48.12
1790677833,48.03
1790677836,47.89
1790677839,47.78
1790677842,47.86
1790677845,48.11
1790677848,48.16
1790677851,48.10
1790677854,48.11
1790677857,48.15
1790677860,48.31
1790677863,48.22
1790677866,48.11
1790677869,48.01
1790677872,47.96
1790677875,48.00
1790677878,48.05
1790677881,48.22
1790677884,48.26
1790677887,48.16
1790677890,48.18
1790677893,48.35
1790677896,48.22
1790677899,48.12
1790677902,48.04
1790677905,48.09
1790677908,48.01
1790677911,48.06
1790677914,48.22
1790677917,48.28
1790677920,48.32
1790677923,48.25
1790677926,73.90
1790677929,48.21
1790677932,48.08
1790677935,48.10
1790677938,48.13
1790677941,48.16
1790677944,48.06
1790677947,48.08
1790677950,48.24
1790677953,48.27
1790677956,70.80
1790677959,54.79
1790677962,43.68
1790677965,43.58
1790677968,43.92
1790677971,47.25
1790677974,19.40
1790677977,14.32
1790677980,42.05
1790677983,32.07
1790677986,31.82
1790677989,31.90
1790677992,31.96
1790677995,87.66
1790677998,87.62
1790678001,87.57
1790678004,87.70
1790678007,87.66
1790678010,87.92
1790678013,87.92
1790678016,87.92
1790678019,87.92
1790678022,87.91
1790678025,87.91
1790678028,87.91
1790678031,87.90
1790678034,87.88
1790678037,87.89
1790678040,87.89
1790678043,87.91
1790678046,87.90
1790678049,87.90
1790678052,87.91
1790678055,87.90
1790678058,87.90
1790678061,87.90
1790678065,87.90
1790678068,87.90
1790678071,87.90
1790678074,111.08
1790678077,113.83
1790678080,113.64
1790678083,113.51
1790678086,113.24
1790678089,109.31
1790678092,103.45
1790678095,98.16
1790678098,91.05
1790678101,84.79
1790678104,78.37
1790678107,63.63
1790678110,47.23
1790678113,47.11
1790678116,47.06
1790678119,47.19
1790678122,47.26
1790678125,47.33
1790678128,47.27
1790678131,47.36
1790678134,47.61
1790678137,47.73
1790678140,48.14
1790678143,48.40
1790678146,48.17
1790678149,48.02
1790678152,47.91
1790678155,48.13
1790678158,48.20
1790678161,48.10
1790678164,48.13
1790678167,48.26
1790678170,48.30
1790678173,48.33
1790678176,48.24
1790678179,48.14
1790678182,47.91
1790678185,47.96
1790678188,48.14
1790678191,48.06
1790678194,48.07
1790678197,48.01
1790678200,48.06
1790678203,48.23
1790678206,63.66
1790678209,48.32
1790678212,48.33
1790678215,48.35
1790678218,48.26
1790678221,48.29
1790678224,48.32
1790678227,48.34
1790678230,48.38
1790678233,48.39
1790678236,48.40
1790678239,48.44
1790678242,48.32
1790678245,48.33
1790678248,48.34
1790678251,48.28
1790678254,48.27
1790678257,48.28
1790678260,48.42
1790678263,48.44
1790678266,48.34
1790678269,69.45
1790678272,44.03
1790678275,43.92
1790678278,43.81
1790678281,44.19
1790678284,41.80
1790678287,10.32
1790678290,11.43
1790678293,42.54
1790678296,32.56
1790678299,32.27
1790678302,32.27
1790678305,32.03
1790678308,32.64
1790678311,87.76
1790678314,87.72
1790678317,87.71
1790678320,87.73
1790678323,87.77
1790678326,87.79
1790678329,87.80
1790678332,87.81
1790678335,87.78
1790678338,87.77
1790678341,87.78
1790678344,87.76
1790678347,87.74
1790678350,87.74
1790678353,87.73
1790678356,87.73
1790678359,87.73
1790678362,87.75
1790678365,87.77
1790678369,87.78
1790678372,87.78
1790678375,87.79
1790678378,87.80
1790678381,87.80
1790678384,87.97
1790678387,111.01
1790678390,113.73
1790678393,113.46
1790678396,113.38
1790678399,112.30
1790678402,106.56
1790678405,100.77
1790678408,93.81
1790678411,86.96
1790678414,81.01
1790678417,74.52
1790678420,69.92
1790678423,69.83
1790678426,69.92
1790678429,70.00
1790678432,70.08
1790678435,70.44
1790678438,70.90
1790678441,71.00
1790678444,71.08
1790678447,71.24
1790678450,71.35
1790678453,71.53
1790678456,71.57
1790678459,71.63
1790678462,71.80
1790678465,71.83
1790678468,71.84
1790678471,71.86
1790678474,71.83
1790678477,71.75
1790678480,71.59
1790678483,71.56
1790678486,71.71
1790678489,71.58
1790678492,71.70
1790678495,71.47
1790678498,71.63
1790678501,71.65
1790678504,71.68
1790678507,71.63
1790678510,73.50
1790678513,72.50
1790678516,72.54
1790678519,73.57
1790678522,66.81
1790678525,64.42
1790678528,64.39
1790678531,64.61
1790678534,87.44
1790678537,87.42
1790678540,87.41
1790678543,87.44
1790678546,87.79
1790678549,87.79
1790678552,87.80
1790678555,87.79
1790678558,87.79
1790678561,87.79
1790678564,87.79
1790678567,87.78
1790678570,87.79
1790678573,87.79
1790678576,87.79
1790678579,87.79
1790678582,87.79
1790678585,87.79
1790678588,87.80
1790678591,87.80
1790678594,87.80
1790678598,87.80
1790678601,102.09
1790678604,111.28
1790678607,113.85
1790678610,113.53
1790678613,113.39
1790678616,108.10
1790678619,102.39
1790678622,95.22
1790678625,88.42
1790678628,81.61
1790678631,75.10
1790678634,47.04
1790678637,46.91
1790678640,47.05
1790678643,47.07
1790678646,47.11
1790678649,47.09
1790678652,47.21
1790678655,47.38
1790678658,47.52
1790678661,47.77
1790678664,47.85
1790678667,48.19
1790678670,48.05
1790678673,47.83
1790678676,47.73
1790678679,47.92
1790678682,47.98
1790678685,48.04
1790678688,47.96
1790678691,48.00
1790678694,48.18
1790678697,48.24
1790678700,48.28
1790678703,48.26
1790678706,48.19
1790678709,48.11
1790678712,48.14
1790678715,48.29
1790678718,48.33
1790678721,48.31
1790678724,48.25
1790678727,48.27
1790678730,48.43
1790678733,73.80
1790678736,48.48
1790678739,48.50
1790678742,48.46
1790678745,48.39
1790678748,48.39
1790678751,48.52
1790678754,48.52
1790678757,48.41
1790678760,48.41
1790678763,48.43
1790678766,48.47
1790678769,48.36
1790678772,48.37
1790678775,48.38
1790678778,48.28
1790678781,48.31
1790678784,48.47
1790678787,48.49
1790678790,48.52
1790678793,48.43
1790678796,66.45
1790678799,44.07
1790678802,44.07
1790678805,44.10
1790678808,68.78
1790678811,41.89
1790678814,10.14
1790678817,11.76
1790678820,42.44
1790678823,37.59
1790678826,32.19
1790678829,31.97
1790678832,32.02
1790678835,32.32
1790678838,87.70
1790678841,87.68
1790678844,87.64
1790678847,87.63
1790678850,87.78
1790678853,87.76
1790678856,87.76
1790678859,87.74
1790678862,87.73
1790678865,87.72
1790678868,87.72
1790678871,87.70
1790678874,87.69
1790678877,87.68
1790678880,87.68
1790678883,87.67
1790678886,87.66
1790678889,87.66
1790678892,87.60
1790678895,87.57
1790678898,87.58
1790678901,87.58
1790678904,87.58
1790678908,87.58
1790678911,87.57
1790678914,88.97
1790678917,110.93
1790678920,113.67
1790678924,113.30
1790678927,113.17
1790678930,111.18
1790678933,106.38
1790678936,101.30
1790678939,94.50
1790678942,87.72
1790678945,81.49
1790678948,75.10
1790678951,47.00
1790678954,46.89
1790678957,46.92
1790678960,46.92
1790678963,46.89
1790678966,46.93
1790678969,47.13
1790678972,47.19
1790678975,47.24
1790678978,47.28
1790678981,47.40
1790678984,73.25
1790678987,47.63
1790678990,47.81
1790678993,47.84
1790678996,47.76
1790678999,47.82
1790679002,48.00
1790679005,48.03
1790679008,48.04
1790679011,47.95
1790679014,47.97
1790679017,52.20
1790679020,47.88
1790679023,47.78
1790679026,47.83
1790679029,47.86
1790679032,47.81
1790679035,47.86
1790679038,48.04
1790679041,48.07
1790679044,48.03
1790679047,47.99
1790679050,48.15
1790679053,47.96
1790679056,47.86
1790679059,48.00
1790679062,48.03
1790679065,47.95
1790679068,48.09
1790679071,47.99
1790679074,48.15
1790679077,48.17
1790679080,48.08
1790679083,48.11
1790679086,47.93
1790679089,47.80
1790679092,47.86
1790679095,48.04
1790679098,48.09
1790679101,48.00
1790679104,48.04
1790679107,48.07
1790679110,48.38
1790679113,58.62
1790679116,43.68
1790679119,43.56
1790679122,43.57
1790679125,68.18
1790679128,10.34
1790679132,14.22
1790679135,41.97
1790679138,32.02
1790679141,31.75
1790679144,31.77
1790679147,31.80
1790679150,32.25
1790679153,87.32
1790679156,87.30
1790679159,87.30
1790679162,87.49
1790679165,87.82
1790679168,87.84
1790679171,87.84
1790679174,87.86
1790679177,87.87
1790679180,87.86
1790679183,87.85
1790679186,87.84
1790679189,87.85
1790679192,87.83
1790679195,87.83
1790679198,87.83
1790679201,87.83
1790679204,87.82
1790679207,87.83
1790679210,87.82
1790679213,87.82
1790679216,87.82
1790679219,87.82
1790679223,87.82
1790679226,87.82
1790679229,108.38
1790679232,113.78
1790679235,113.78
1790679238,113.46
1790679241,113.21
1790679244,107.05
1790679247,101.72
1790679250,94.86
1790679253,88.29
1790679256,82.14
1790679259,76.19
1790679262,47.18
1790679265,47.06
1790679268,47.03
1790679271,47.10
1790679274,47.07
1790679277,47.16
1790679280,47.40
1790679283,47.50
1790679286,47.59
1790679289,47.59
1790679292,47.68
1790679295,72.89
1790679298,47.91
1790679301,47.87
1790679304,47.93
1790679307,47.89
1790679310,47.98
1790679313,48.19
1790679316,48.25
1790679319,48.25
1790679322,48.23
1790679325,48.27
1790679328,48.31
1790679331,48.21
1790679334,48.11
1790679337,48.15
1790679340,48.08
1790679343,48.13
1790679346,48.30
1790679349,48.34
1790679352,48.23
1790679355,48.27
1790679358,48.45
1790679361,48.36
1790679364,48.26
1790679367,48.29
1790679370,48.29
1790679373,48.23
1790679376,48.28
1790679379,48.44
1790679382,48.35
1790679385,48.50
1790679388,48.54
1790679391,57.04
1790679394,48.60
1790679397,48.62
1790679400,48.64
1790679403,48.52
1790679406,48.28
1790679409,48.15
1790679412,48.29
1790679415,48.32
1790679418,48.26
1790679421,66.38
1790679424,43.92
1790679427,43.76
1790679430,43.64
1790679433,68.22
1790679436,41.23
1790679439,10.78
1790679442,11.01
1790679445,10.75
1790679448,67.33
1790679451,42.41
1790679454,32.34
1790679457,32.05
1790679460,32.01
1790679463,32.09
1790679466,87.80
1790679469,87.76
1790679472,87.72
1790679475,87.67
1790679478,87.95
1790679481,87.95
1790679484,87.94
1790679487,87.93
1790679490,87.93
1790679493,87.91
1790679496,87.92
1790679499,87.91
1790679502,87.91
1790679505,87.91
1790679508,87.90
1790679511,87.89
1790679514,87.89
1790679517,87.91
1790679520,87.90
1790679523,87.90
1790679526,87.90
1790679529,87.89
1790679532,87.90
1790679535,87.91
1790679539,87.90
1790679542,111.05
1790679545,113.89
1790679548,113.71
1790679551,113.53
1790679554,113.24
1790679557,109.48
1790679560,104.09
1790679563,98.75
1790679566,91.51
1790679569,84.60
1790679572,78.19
1790679575,71.77
1790679578,70.40
1790679581,70.36
1790679584,70.40
1790679587,70.46
1790679590,70.53
1790679593,70.95
1790679596,71.51
1790679599,71.63
1790679602,71.74
1790679605,71.89
1790679608,71.95
1790679611,72.13
1790679614,72.04
1790679617,72.09
1790679620,72.11
1790679623,72.13
1790679626,72.05
1790679629,72.02
1790679632,72.06
1790679635,71.98
1790679638,72.14
1790679641,72.19
1790679644,72.14
1790679647,72.11
1790679650,72.07
1790679653,72.09
1790679656,72.09
1790679659,72.12
1790679662,72.26
1790679665,72.23
1790679668,73.09
1790679671,73.07
1790679674,74.12
1790679677,67.34
1790679680,64.84
1790679683,64.80
1790679686,64.67
1790679690,87.68
1790679693,87.66
1790679696,87.63
1790679699,87.79
1790679702,87.82
1790679705,87.81
1790679708,87.79
1790679711,87.80
1790679714,87.79
1790679717,87.79
1790679720,87.79
1790679723,87.78
1790679726,87.77
1790679729,87.76
1790679732,87.79
1790679735,87.77
1790679738,87.77
1790679741,87.76
1790679744,87.77
1790679747,87.77
1790679750,87.77
1790679753,87.78
1790679756,87.76
1790679759,87.77
1790679762,87.77
1790679765,100.16
1790679768,111.32
1790679771,113.87
1790679774,113.55
1790679777,113.45
1790679780,110.82
1790679783,103.59
1790679786,98.35
1790679789,91.03
1790679792,84.33
1790679795,77.84
1790679798,69.27
1790679801,46.51
1790679804,46.46
1790679807,46.50
1790679810,46.53
1790679813,46.80
1790679816,46.96
1790679819,47.16
1790679822,47.26
1790679825,47.34
1790679828,47.48
1790679831,47.87
1790679834,55.92
1790679837,47.85
1790679840,47.78
1790679843,47.66
1790679846,47.68
1790679849,47.75
1790679852,47.94
1790679855,47.97
1790679858,48.01
1790679861,47.99
1790679864,48.04
1790679867,51.89
1790679870,48.01
1790679873,48.05
1790679876,48.07
1790679879,48.02
1790679882,48.02
1790679885,48.07
1790679888,48.24
1790679891,48.28
1790679894,48.19
1790679897,48.24
1790679900,48.27
1790679903,48.30
1790679906,48.42
1790679909,48.30
1790679912,48.23
1790679915,48.22
1790679918,48.35
1790679921,48.38
1790679924,48.39
1790679927,48.32
1790679930,69.24
1790679933,48.25
1790679936,48.13
1790679939,48.10
1790679943,48.14
1790679946,48.05
1790679949,48.08
1790679952,48.22
1790679955,48.25
1790679958,48.27
1790679961,69.17
1790679964,43.78
1790679967,43.65
1790679970,43.55
1790679973,68.35
1790679976,41.44
1790679983,10.74
1790679986,9.23
1790679989,17.90
1790679992,41.97
1790679995,31.99
1790679998,31.99
1790680001,32.00
1790680004,32.00
1790680007,87.91
1790680010,87.60
1790680013,87.54
1790680016,87.53
1790680019,87.49
1790680022,87.47
1790680026,87.47
1790680029,87.45
1790680032,87.45
1790680035,87.43
1790680038,87.44
1790680041,87.42
1790680044,87.41
1790680047,87.39
1790680050,87.38
1790680053,87.38
1790680056,87.37
1790680059,87.35
1790680062,87.35
1790680066,87.34
1790680069,87.35
1790680072,87.33
1790680075,87.34
1790680078,87.34
1790680081,87.33
1790680084,110.27
1790680087,113.82
1790680090,113.67
1790680093,113.42
1790680096,113.23
1790680099,109.73
1790680102,104.19
1790680105,99.34
1790680108,92.28
1790680111,85.79
1790680114,79.27
1790680117,60.22
1790680120,46.78
1790680123,46.78
1790680126,46.66
1790680129,46.67
1790680132,46.71
1790680135,46.90
1790680138,46.97
1790680141,47.07
1790680144,47.08
1790680147,47.19
1790680150,47.32
1790680153,71.51
1790680156,47.53
1790680159,47.43
1790680162,47.34
1790680165,47.30
1790680168,47.38
1790680171,47.58
1790680174,47.63
1790680177,47.62
1790680180,47.60
1790680183,47.62
1790680186,47.72
1790680189,47.63
1790680192,47.55
1790680195,47.60
1790680198,47.58
1790680201,47.59
1790680204,47.65
1790680207,47.82
1790680210,47.85
1790680213,47.75
1790680216,47.78
1790680219,47.87
1790680222,47.72
1790680225,47.75
1790680228,47.91
1790680231,47.93
1790680234,47.86
1790680237,47.83
1790680240,47.86
1790680243,48.03
1790680246,48.07
1790680249,48.07
1790680252,47.98
1790680255,47.74
1790680258,47.63
1790680261,47.67
1790680264,47.82
1790680267,47.85
1790680270,47.75
1790680273,47.78
1790680276,47.92
1790680279,48.17
1790680282,58.27
1790680285,43.36
1790680288,43.31
1790680291,43.52
1790680294,41.75
1790680298,11.21
1790680301,14.60
1790680304,42.53
1790680307,32.24
1790680310,31.95
1790680313,31.98
1790680316,32.00
1790680319,32.44
1790680323,87.50
1790680326,87.47
1790680329,87.44
1790680332,87.44
1790680335,87.90
1790680338,87.88
1790680341,87.88
1790680344,87.87
1790680347,87.87
1790680350,87.86
1790680353,87.85
1790680356,87.84
1790680359,87.85
1790680362,87.85
1790680365,87.84
1790680368,87.84
1790680371,87.87
1790680374,87.87
1790680377,87.88
1790680380,87.87
1790680383,87.87
1790680386,87.86
1790680389,87.87
1790680392,87.86
1790680395,87.86
1790680398,87.86
1790680401,87.86
1790680404,111.04
1790680407,113.80
1790680410,113.62
1790680413,113.47
1790680416,110.72
1790680419,105.12
1790680422,100.50
1790680425,93.30
1790680428,86.79
1790680431,80.34
1790680435,65.42
1790680438,46.85
1790680441,46.86
1790680444,46.71
1790680447,46.71
1790680450,46.76
1790680453,46.84
1790680456,46.86
1790680459,46.95
1790680462,46.92
1790680465,47.05
1790680468,47.17
1790680471,65.99
1790680474,47.47
1790680477,47.49
1790680480,47.48
1790680483,47.48
1790680486,47.55
1790680489,47.75
1790680492,47.80
1790680495,47.77
1790680498,47.77
1790680501,47.82
1790680504,47.87
1790680507,47.79
1790680510,47.94
1790680513,47.99
1790680516,47.91
1790680519,47.95
1790680522,48.01
1790680525,48.18
1790680528,48.24
1790680531,48.17
1790680534,48.24
1790680537,48.37
1790680540,48.28
1790680543,48.31
1790680546,48.45
1790680549,48.47
1790680552,48.37
1790680555,48.40
1790680558,48.55
1790680561,48.57
1790680564,48.56
1790680567,48.57
1790680570,48.59
1790680573,48.47
1790680576,48.48
1790680579,48.49
1790680582,48.49
1790680585,48.48
1790680588,48.37
1790680591,48.38
1790680594,48.50
1790680597,48.74
1790680600,58.84
1790680603,44.00
1790680606,44.00
1790680609,44.03
1790680612,59.29
1790680617,12.44
1790680620,10.67
1790680623,11.26
1790680626,41.85
1790680629,31.90
1790680632,31.90
1790680635,31.67
1790680638,31.75
1790680641,32.34
1790680644,87.52
1790680647,87.51
1790680650,87.50
1790680653,87.60
1790680656,87.65
1790680659,87.68
1790680662,87.72
1790680665,87.75
1790680668,87.79
1790680671,87.82
1790680674,87.85
1790680677,87.86
1790680680,87.85
1790680683,87.85
1790680686,87.88
1790680689,87.87
1790680692,87.88
1790680695,87.88
1790680698,87.88
1790680701,87.88
1790680704,87.88
1790680707,87.88
1790680710,87.88
1790680713,87.89
1790680716,87.88
1790680719,87.88
1790680722,87.89
1790680725,88.08
1790680728,111.09
1790680731,113.81
1790680734,113.57
1790680737,113.46
1790680740,112.39
1790680743,105.97
1790680746,100.20
1790680749,93.14
1790680752,86.32
1790680755,80.06
1790680758,60.85
1790680761,70.75
1790680764,70.66
1790680767,70.51
1790680770,70.60
1790680773,70.57
1790680776,70.59
1790680779,71.37
1790680782,71.15
1790680785,71.31
1790680788,71.50
1790680791,71.58
1790680794,71.61
1790680797,71.62
1790680800,71.66
1790680803,71.67
1790680806,71.66
1790680809,71.68
1790680812,71.73
1790680815,71.76
1790680818,71.71
1790680821,71.78
1790680824,71.83
1790680827,71.88
1790680830,72.03
1790680833,72.07
1790680836,71.89
1790680839,72.07
1790680842,72.12
1790680845,72.14
1790680848,72.19
1790680851,72.18
1790680854,73.01
1790680857,72.98
1790680860,73.91
1790680863,67.24
1790680866,64.72
1790680869,64.64
1790680872,64.51
1790680875,87.50
1790680878,87.47
1790680881,87.45
1790680884,87.44
1790680887,87.55
1790680890,87.60
1790680893,87.62
1790680896,87.65
1790680899,87.68
1790680903,87.70
1790680906,87.72
1790680909,87.75
1790680912,87.77
1790680915,87.79
1790680918,87.80
1790680921,87.83
1790680925,87.84
1790680928,87.87
1790680931,87.87
1790680934,87.87
1790680937,87.87
1790680940,87.87
1790680943,87.87
1790680946,87.86
1790680949,87.87
1790680952,87.86
1790680955,88.09
1790680958,111.09
1790680961,113.82
1790680964,113.52
1790680967,113.42
1790680970,112.71
1790680973,108.91
1790680976,102.29
1790680979,96.28
1790680982,89.19
1790680985,82.51
1790680988,76.17
1790680991,46.70
1790680994,46.32
1790680997,46.20
1790681000,46.28
1790681003,46.33
1790681006,46.41
1790681009,46.53
1790681012,46.65
1790681015,46.82
1790681018,47.12
1790681021,47.28
1790681024,47.64
1790681027,47.54
1790681030,47.62
1790681033,47.53
1790681036,47.57
1790681039,47.62
1790681042,47.85
1790681045,47.88
1790681048,47.79
1790681051,47.82
1790681054,47.83
1790681057,47.97
1790681060,47.87
1790681063,47.75
1790681066,47.62
1790681069,47.62
1790681072,47.57
1790681075,47.61
1790681078,47.77
1790681081,47.81
1790681084,47.73
1790681087,47.78
1790681091,47.96
1790681094,48.00
1790681097,47.89
1790681100,47.86
1790681103,47.90
1790681106,47.81
1790681109,47.72
1790681112,47.79
1790681115,47.97
1790681118,48.02
1790681121,47.95
1790681124,73.78
1790681127,48.11
1790681130,48.01
1790681133,48.07
1790681136,48.12
1790681139,48.15
1790681142,48.08
1790681145,48.13
1790681148,48.28
1790681151,48.31
1790681154,71.13
1790681157,58.94
1790681160,44.02
1790681163,44.02
1790681166,44.03
1790681169,61.53
1790681173,11.19
1790681176,14.30
1790681179,41.92
1790681182,31.75
1790681185,31.64
1790681188,31.70
1790681191,31.75
1790681194,32.23
1790681197,87.33
1790681200,87.32
1790681203,87.31
1790681206,87.40
1790681209,87.39
1790681212,87.41
1790681215,87.41
1790681218,87.43
1790681221,87.46
1790681224,87.48
1790681227,87.50
1790681230,87.52
1790681233,87.52
1790681236,87.55
1790681239,87.59
1790681242,87.61
1790681245,87.62
1790681248,87.64
1790681251,87.67
1790681254,87.70
1790681257,87.72
1790681260,87.74
1790681263,87.76
1790681266,87.79
1790681269,87.81
1790681274,87.84
1790681277,111.10
1790681280,113.84
1790681283,113.59
1790681286,113.49
1790681289,112.65
1790681292,109.06
1790681295,102.38
1790681298,96.58
1790681301,89.57
1790681304,83.13
1790681307,76.64
1790681310,47.21
1790681313,47.00
1790681316,46.88
1790681319,47.02
1790681322,47.06
1790681325,47.04
1790681328,47.10
1790681331,47.21
1790681334,47.47
1790681337,47.60
1790681340,47.62
1790681343,48.16
1790681346,47.87
1790681349,47.77
1790681352,47.84
1790681355,47.91
1790681358,47.92
1790681361,47.91
1790681364,47.94
1790681367,48.08
1790681370,48.10
1790681373,48.00
1790681376,48.28
1790681379,47.92
1790681382,47.94
1790681385,48.10
1790681388,48.12
1790681391,48.14
1790681394,48.06
1790681397,48.11
1790681400,48.26
1790681403,48.30
1790681406,48.23
1790681409,48.40
1790681412,48.21
1790681415,48.19
1790681418,48.21
1790681421,48.35
1790681424,48.38
1790681427,48.28
1790681430,48.33
1790681433,48.49
1790681436,48.52
1790681439,48.44
1790681442,48.43
1790681445,48.28
1790681448,48.21
1790681451,48.21
1790681454,48.37
1790681457,48.40
1790681460,48.29
1790681463,48.31
1790681466,48.46
1790681469,48.71
1790681472,58.82
1790681475,43.92
1790681478,43.85
1790681481,43.80
1790681484,68.47
1790681492,12.09
1790681495,11.16
1790681498,10.80
1790681501,58.48
1790681504,42.40
1790681507,32.14
1790681510,31.85
1790681513,31.86
1790681516,31.97
1790681519,87.55
1790681522,87.52
1790681525,87.51
1790681528,87.48
1790681531,87.49
1790681534,87.51
1790681537,87.52
1790681540,87.53
1790681543,87.55
1790681546,87.58
1790681549,87.59
1790681552,87.61
1790681555,87.64
1790681558,87.66
1790681561,87.69
1790681564,87.71
1790681568,87.71
1790681571,87.73
1790681574,87.77
1790681577,87.80
1790681580,87.82
1790681583,87.84
1790681586,87.85
1790681590,87.86
1790681593,87.87
1790681596,111.17
1790681599,113.89
1790681602,113.67
1790681605,113.56
1790681608,113.22
1790681611,109.04
1790681614,102.29
1790681617,96.10
1790681620,89.21
1790681623,83.11
1790681626,76.76
1790681629,47.36
1790681632,47.15
1790681635,47.31
1790681638,47.34
1790681641,47.36
1790681644,47.29
1790681647,47.33
1790681650,47.51
1790681653,47.56
1790681656,47.66
1790681659,47.65
1790681662,48.12
1790681665,47.86
1790681668,47.90
1790681671,48.06
1790681674,48.10
1790681677,48.02
1790681680,48.08
1790681683,48.24
1790681686,48.26
1790681689,48.24
1790681692,48.18
1790681695,67.78
1790681698,48.11
1790681701,47.99
1790681704,48.02
1790681707,48.06
1790681710,48.10
1790681713,48.04
1790681716,48.09
1790681719,48.27
1790681722,48.31
1790681725,48.23
1790681728,48.40
1790681731,48.23
1790681734,48.19
1790681737,48.21
1790681740,48.37
1790681743,48.40
1790681746,48.45
1790681749,48.37
1790681752,48.53
1790681755,48.55
1790681758,48.56
1790681761,48.46
1790681764,48.34
1790681767,48.23
1790681770,48.24
1790681773,48.39
1790681776,48.42
1790681779,48.37
1790681782,48.33
1790681785,48.34
1790681788,48.53
1790681791,58.86
1790681794,43.97
1790681797,44.07
1790681800,44.08
1790681803,68.71
1790681806,16.17
1790681809,10.76
1790681812,10.74
1790681815,56.36
1790681818,42.15
1790681821,32.13
1790681824,31.83
1790681827,31.78
1790681830,31.87
1790681833,87.45
1790681836,87.42
1790681839,87.40
1790681842,87.65
1790681846,87.64
1790681849,87.64
1790681852,87.63
1790681855,87.65
1790681858,87.65
1790681861,87.64
1790681864,87.63
1790681867,87.64
1790681870,87.60
1790681873,87.58
1790681876,87.57
1790681879,87.55
1790681882,87.54
1790681885,87.54
1790681888,87.55
1790681891,87.54
1790681894,87.55
1790681897,87.55
1790681900,87.53
1790681903,87.53
1790681906,87.53
1790681909,109.08
1790681912,114.29
1790681915,113.60
1790681918,113.36
1790681921,113.09
1790681924,109.79
1790681927,104.49
1790681930,99.24
1790681933,91.83
1790681936,85.14
1790681939,79.11
1790681942,72.33
1790681945,70.41
1790681948,70.45
1790681951,70.49
1790681954,70.50
1790681957,70.42
1790681960,70.55
1790681963,71.13
1790681967,71.15
1790681970,71.25
1790681973,71.38
1790681976,71.39
1790681979,71.39
1790681982,71.45
1790681985,71.36
1790681988,71.43
1790681991,71.48
1790681994,71.64
1790681997,71.67
1790682000,71.72
1790682003,71.61
1790682006,71.61
1790682009,71.54
1790682012,71.57
1790682015,71.72
1790682018,71.90
1790682021,71.92
1790682024,71.86
1790682027,71.81
1790682030,71.81
1790682033,71.79
1790682036,73.49
1790682039,72.83
1790682042,72.87
1790682045,71.36
1790682048,66.93
1790682051,64.56
1790682054,64.46
1790682057,64.87
1790682060,87.55
1790682063,87.51
1790682066,87.48
1790682069,87.44
1790682072,87.45
1790682075,87.43
1790682078,87.43
1790682081,87.42
1790682084,87.41
1790682087,87.43
1790682090,87.44
1790682093,87.45
1790682096,87.56
1790682099,87.55
1790682102,87.54
1790682105,87.53
1790682108,87.51
1790682111,87.51
1790682114,87.52
1790682117,87.52
1790682120,87.51
1790682123,87.51
1790682126,87.51
1790682130,87.52
1790682133,87.52
1790682136,87.51
1790682139,87.69
1790682142,110.92
1790682145,113.80
1790682148,113.44
1790682151,113.30
1790682154,109.76
1790682157,103.17
1790682160,97.85
1790682163,90.62
1790682166,84.08
1790682169,77.64
1790682172,69.11
1790682175,46.39
1790682178,46.44
1790682181,46.42
1790682184,46.48
1790682187,46.63
1790682190,46.95
1790682193,47.11
1790682196,47.24
1790682199,47.31
1790682202,47.46
1790682205,47.76
1790682208,60.26
1790682211,47.85
1790682214,47.79
1790682217,47.72
1790682220,47.72
1790682223,47.80
1790682226,48.00
1790682229,48.00
1790682232,47.98
1790682235,47.87
1790682238,47.88
1790682241,64.07
1790682244,47.79
1790682247,47.83
1790682250,47.98
1790682253,48.00
1790682256,48.01
1790682259,47.92
1790682262,47.96
1790682265,48.13
1790682268,48.19
1790682271,48.17
1790682274,48.30
1790682277,48.16
1790682280,48.07
1790682283,48.08
1790682286,48.22
1790682289,48.23
1790682292,48.13
1790682295,48.15
1790682298,48.30
1790682301,48.34
1790682304,48.31
1790682307,48.25
1790682310,48.13
1790682313,47.89
1790682316,47.92
1790682319,48.08
1790682322,48.10
1790682325,48.08
1790682328,48.03
1790682331,48.06
1790682334,48.28
1790682337,58.67
1790682340,43.75
1790682343,43.82
1790682346,43.83
1790682349,68.43
1790682352,41.40
1790682355,11.91
1790682358,14.23
1790682361,42.15
1790682364,31.97
1790682367,31.77
1790682370,31.81
1790682373,31.83
1790682376,32.43
1790682379,87.51
1790682382,87.46
1790682385,87.70
1790682388,87.67
1790682391,87.78
1790682394,87.78
1790682397,87.77
1790682400,87.80
1790682403,87.82
1790682406,87.84
1790682409,87.85
1790682412,87.86
1790682415,87.86
1790682418,87.86
1790682421,87.87
1790682424,87.87
1790682427,87.89
1790682430,87.89
1790682433,87.89
1790682436,87.89
1790682440,87.88
1790682443,87.88
1790682446,87.88
1790682449,87.88
1790682452,87.88
1790682455,103.15
1790682458,111.34
1790682461,113.88
1790682464,113.55
1790682467,113.44
1790682470,110.55
1790682473,105.47
1790682476,100.21
1790682479,93.51
1790682482,87.29
1790682485,80.74
1790682488,70.39
1790682491,47.17
1790682495,47.18
1790682498,47.17
1790682501,47.13
1790682504,47.13
1790682507,47.29
1790682510,47.34
1790682513,47.42
1790682516,47.39
1790682519,47.51
1790682522,47.61
1790682525,63.54
1790682528,47.86
1790682531,47.76
1790682534,47.72
1790682537,47.75
1790682540,47.83
1790682543,48.03
1790682546,48.08
1790682549,48.01
1790682552,48.06
1790682555,48.24
1790682558,48.28
1790682561,48.31
1790682564,48.34
1790682567,48.34
1790682570,48.26
1790682573,48.28
1790682576,48.31
1790682579,48.33
1790682582,48.23
1790682585,48.26
1790682588,48.29
1790682591,48.32
1790682594,48.21
1790682597,48.33
1790682600,48.34
1790682603,48.23
1790682606,48.24
1790682609,48.36
1790682612,48.38
1790682615,48.35
1790682618,48.29
1790682621,69.15
1790682624,48.22
1790682627,48.11
1790682630,48.14
1790682633,48.17
1790682636,48.12
1790682639,48.07
1790682642,48.10
1790682645,48.24
1790682648,48.26
1790682651,70.80
1790682654,53.68
1790682657,43.70
1790682660,43.63
1790682663,43.83
1790682666,56.01
1790682673,21.26
1790682676,14.25
1790682679,42.13
1790682682,31.92
1790682685,31.83
1790682688,31.84
1790682691,31.84
1790682694,32.31
1790682697,87.38
1790682700,87.34
1790682703,87.33
1790682706,87.29
1790682709,87.26
1790682712,87.26
1790682715,87.25
1790682718,87.80
1790682721,87.79
1790682724,87.79
1790682727,87.78
1790682730,87.77
1790682733,87.79
1790682736,87.78
1790682739,87.79
1790682742,87.78
1790682745,87.76
1790682748,87.75
1790682751,87.77
1790682754,87.78
1790682757,87.77
1790682760,87.77
1790682763,87.77
1790682766,87.77
1790682769,87.77
1790682772,110.92
1790682775,113.88
1790682778,113.65
1790682781,113.50
1790682784,111.04
1790682787,104.47
1790682790,99.78
1790682793,92.81
1790682796,86.68
1790682799,80.15
1790682802,65.31
1790682805,47.34
1790682808,47.34
1790682811,47.17
1790682814,47.14
1790682817,47.21
1790682820,47.43
1790682823,47.49
1790682826,47.44
1790682829,47.46
1790682832,47.54
1790682835,47.95
1790682838,47.91
1790682841,47.95
1790682844,47.89
1790682847,47.87
1790682850,47.92
1790682853,48.13
1790682856,48.13
1790682859,48.07
1790682862,48.08
1790682865,48.10
1790682868,48.26
1790682871,48.17
1790682874,48.06
1790682877,47.96
1790682880,47.95
1790682883,47.93
1790682886,47.98
1790682889,48.16
1790682892,48.21
1790682895,48.15
1790682898,48.17
1790682901,48.20
1790682904,48.24
1790682907,48.14
1790682910,48.04
1790682913,48.07
1790682916,48.01
1790682919,48.03
1790682922,48.20
1790682925,48.24
1790682928,48.28
1790682931,48.20
1790682934,73.81
1790682937,48.15
1790682940,48.05
1790682943,48.21
1790682946,48.26
1790682949,48.27
1790682952,48.24
1790682955,48.27
1790682958,48.43
1790682961,48.47
1790682964,71.00
1790682967,56.82
1790682970,43.95
1790682973,43.95
1790682976,44.05
1790682979,59.61
1790682985,10.88
1790682988,14.28
1790682991,42.00
1790682995,31.91
1790682998,31.92
1790683001,31.94
1790683004,31.97
1790683007,32.43
1790683010,87.50
1790683013,87.48
1790683016,87.47
1790683019,87.47
1790683022,87.50
1790683025,87.54
1790683028,87.58
1790683031,87.62
1790683034,87.63
1790683037,87.65
1790683040,87.67
1790683043,87.69
1790683046,87.71
1790683049,87.71
1790683052,87.73
1790683055,87.74
1790683059,87.75
1790683062,87.82
1790683065,87.82
1790683068,87.83
1790683071,87.84
1790683074,87.85
1790683077,87.85
1790683080,87.84
1790683083,87.84
1790683086,88.06
1790683089,111.06
1790683092,113.79
1790683095,113.52
1790683098,113.46
1790683101,112.94
1790683104,109.01
1790683107,102.26
1790683110,96.81
1790683113,90.13
1790683116,83.99
1790683119,77.25
1790683122,70.68
1790683125,70.46
1790683128,70.24
1790683131,70.40
1790683134,70.51
1790683137,70.65
1790683140,70.94
1790683143,71.32
1790683146,71.35
1790683149,71.47
1790683152,71.74
1790683155,71.80
1790683158,71.84
1790683161,71.80
1790683164,71.85
1790683167,71.90
1790683170,71.92
1790683173,71.93
1790683176,71.91
1790683179,72.02
1790683182,71.91
1790683185,71.91
1790683188,71.88
1790683191,71.88
1790683194,71.91
1790683197,73.27
1790683200,71.89
1790683203,71.95
1790683206,71.99
1790683209,72.03
1790683212,72.04
1790683215,74.02
1790683218,73.03
1790683221,73.06
1790683224,74.09
1790683227,67.32
1790683230,64.77
1790683233,64.85
1790683236,64.75
1790683239,87.85
1790683242,87.82
1790683245,87.76
1790683248,87.74
1790683251,87.75
1790683254,87.75
1790683257,87.74
1790683260,87.74
1790683263,87.74
1790683266,87.73
1790683269,87.73
1790683272,87.73
1790683275,87.72
1790683278,87.71
1790683281,87.71
1790683284,87.79
1790683287,87.80
1790683290,87.79
1790683293,87.80
1790683296,87.80
1790683300,87.79
1790683303,87.79
1790683306,87.79
1790683309,87.78
1790683312,87.79
1790683315,87.99
1790683318,111.09
1790683321,113.80
1790683324,113.52
1790683327,113.40
1790683330,110.37
1790683333,104.68
1790683336,99.99
1790683339,92.61
1790683342,86.14
1790683345,79.19
1790683348,72.66
1790683351,46.80
1790683354,46.79
1790683357,46.59
1790683360,46.51
1790683363,46.61
1790683366,46.73
1790683369,47.05
1790683372,47.23
1790683375,47.37
1790683378,47.39
1790683381,47.51
1790683384,48.06
1790683387,47.78
1790683390,47.93
1790683393,47.94
1790683396,47.97
1790683399,47.89
1790683402,47.94
1790683405,47.96
1790683408,48.12
1790683411,48.12
1790683414,48.07
1790683417,48.35
1790683420,48.34
1790683423,48.29
1790683426,48.30
1790683429,48.44
1790683432,48.45
1790683435,48.35
1790683438,48.38
1790683441,48.41
1790683444,48.55
1790683447,48.56
1790683450,50.26
1790683453,48.46
1790683456,48.42
1790683459,48.35
1790683462,48.35
1790683465,48.46
1790683468,48.35
1790683471,48.39
1790683474,48.41
1790683477,48.56
1790683480,48.58
1790683483,48.46
1790683486,48.34
1790683489,48.27
1790683492,48.20
1790683495,48.21
1790683498,48.25
1790683501,48.41
1790683504,48.43
1790683507,48.33
1790683510,48.37
1790683513,66.47
1790683516,44.03
1790683519,43.90
1790683522,43.91
1790683525,69.99
1790683528,41.65
1790683532,11.21
1790683535,11.02
1790683538,10.80
1790683541,11.06
1790683544,42.23
1790683547,32.01
1790683550,31.90
1790683553,31.93
1790683556,31.94
1790683559,32.37
1790683562,87.45
1790683565,87.42
1790683568,87.36
1790683571,87.32
1790683574,87.32
1790683577,87.32
1790683580,87.34
1790683583,87.35
1790683586,87.36
1790683589,87.37
1790683592,87.39
1790683595,87.40
1790683598,87.91
1790683601,87.90
1790683605,87.91
1790683608,87.91
1790683611,87.90
1790683614,87.91
1790683617,87.90
1790683620,87.90
1790683623,87.91
1790683626,87.91
1790683629,87.91
1790683632,87.91
1790683635,100.86
1790683638,111.27
1790683641,113.83
1790683644,113.50
1790683647,113.43
1790683650,110.78
1790683653,105.05
1790683656,99.69
1790683659,92.55
1790683662,86.18
1790683665,79.67
1790683668,60.64
1790683671,46.90
1790683674,46.93
1790683677,46.95
1790683680,46.93
1790683683,46.99
1790683686,47.03
1790683689,47.24
1790683692,47.35
1790683695,47.36
1790683698,47.43
1790683701,47.56
1790683704,69.16
1790683707,47.83
1790683710,47.88
1790683713,47.93
1790683716,47.89
1790683719,47.95
1790683722,48.17
1790683725,48.10
1790683728,48.11
1790683731,48.10
1790683734,48.14
1790683737,48.41
1790683740,48.30
1790683743,48.16
1790683746,48.21
1790683749,48.15
1790683752,48.16
1790683755,48.19
1790683758,48.34
1790683761,48.35
1790683764,48.25
1790683767,48.26
1790683770,48.27
1790683773,48.16
1790683776,48.19
1790683779,48.24
1790683782,48.22
1790683785,48.19
1790683788,48.24
1790683791,48.40
1790683794,48.45
1790683797,48.41
1790683800,48.49
1790683803,48.47
1790683806,48.31
1790683809,48.23
1790683812,48.26
1790683815,48.42
1790683818,48.45
1790683821,48.43
1790683824,48.35
1790683827,48.36
1790683830,48.55
1790683833,58.86
1790683836,44.02
1790683839,44.05
1790683842,43.95
1790683845,68.55
1790683848,41.56
1790683855,10.99
1790683858,14.45
1790683861,42.47
1790683864,32.58
1790683867,32.29
1790683870,32.30
1790683873,32.33
1790683876,32.93
1790683879,87.98
1790683882,87.93
1790683885,87.89
1790683888,87.88
1790683891,87.86
1790683894,87.85
1790683897,87.85
1790683900,87.84
1790683903,87.84
1790683906,87.83
1790683909,87.84
1790683912,87.84
1790683915,87.86
1790683918,87.88
1790683921,87.88
1790683924,87.89
1790683927,87.90
1790683930,87.90
1790683933,87.90
1790683936,87.91
1790683939,87.91
1790683942,87.91
1790683945,87.91
1790683948,87.91
1790683951,87.91
1790683954,87.91
1790683958,87.90
1790683961,88.11
1790683964,111.28
1790683967,113.91
1790683970,113.60
1790683973,113.51
1790683976,112.15
1790683979,108.06
1790683982,102.39
1790683985,95.83
1790683988,88.96
1790683991,82.56
1790683994,76.58
1790683997,47.13
1790684000,46.76
1790684003,46.70
1790684006,46.77
1790684009,46.77
1790684012,46.77
1790684015,46.88
1790684018,46.99
1790684021,47.23
1790684024,47.39
1790684027,47.41
1790684030,48.05
1790684033,47.79
1790684036,47.70
1790684039,47.67
1790684042,47.73
1790684045,47.71
1790684048,47.79
1790684051,47.98
1790684054,48.02
1790684057,47.94
1790684060,47.98
1790684063,57.63
1790684066,47.99
1790684069,48.01
1790684072,48.15
1790684075,48.19
1790684078,48.12
1790684081,48.17
1790684084,48.35
1790684087,48.40
1790684090,48.35
1790684093,48.34
1790684096,48.47
1790684099,48.29
1790684102,48.31
1790684105,48.46
1790684108,48.47
1790684111,48.35
1790684114,48.38
1790684117,48.45
1790684120,48.41
1790684123,48.44
1790684126,48.76
1790684129,48.48
1790684132,48.36
1790684135,48.23
1790684138,48.20
1790684141,48.35
1790684144,48.37
1790684147,48.28
1790684150,48.30
1790684153,48.46
1790684156,48.68
1790684159,58.82
1790684162,43.96
1790684165,43.88
1790684168,43.80
1790684171,68.53
1790684174,11.16
1790684178,12.51
1790684181,11.03
1790684184,10.89
1790684187,18.07
1790684190,42.38
1790684193,32.10
1790684196,32.15
1790684199,32.22
1790684202,32.27
1790684205,87.81
1790684208,87.78
1790684211,87.75
1790684214,87.89
1790684218,87.91
1790684221,87.92
1790684224,87.91
1790684227,87.91
1790684230,87.91
1790684233,87.91
1790684236,87.89
1790684239,87.88
1790684242,87.88
1790684245,87.88
1790684248,87.87
1790684251,87.87
1790684254,87.87
1790684257,87.86
1790684260,87.86
1790684263,87.85
1790684266,87.86
1790684269,87.86
1790684272,87.87
1790684275,87.87
1790684278,87.87
1790684281,87.87
1790684284,111.11
1790684287,113.83
1790684290,113.58
1790684293,113.50
1790684296,112.99
1790684300,109.03
1790684303,102.79
1790684306,96.76
1790684309,89.26
1790684312,82.84
1790684315,76.58
1790684318,70.41
1790684321,70.42
1790684324,70.20
1790684327,70.11
1790684330,70.15
1790684333,70.23
1790684336,70.68
1790684339,70.87
1790684342,71.04
1790684345,71.26
1790684348,71.42
1790684351,71.53
1790684354,71.61
1790684357,71.54
1790684360,71.64
1790684363,71.71
1790684366,71.72
1790684369,71.70
1790684372,71.70
1790684375,71.82
1790684378,71.69
1790684381,71.72
1790684384,71.74
1790684387,71.77
1790684390,71.91
1790684393,71.82
1790684396,71.88
1790684399,71.94
1790684402,71.92
1790684405,71.87
1790684408,71.90
1790684411,73.58
1790684414,72.87
1790684417,72.93
1790684420,71.30
1790684423,66.89
1790684426,64.72
1790684429,64.61
1790684432,64.84
1790684435,87.56
1790684438,87.56
1790684441,87.67
1790684444,87.68
1790684447,87.71
1790684450,87.75
1790684453,87.77
1790684456,87.77
1790684459,87.78
1790684462,87.77
1790684465,87.78
1790684468,87.76
1790684471,87.77
1790684474,87.77
1790684477,87.78
1790684480,87.78
1790684483,87.80
1790684486,87.80
1790684489,87.79
1790684492,87.79
1790684495,87.79
1790684498,87.80
1790684501,87.99
1790684504,111.14
1790684507,113.81
1790684510,113.58
1790684513,113.49
1790684516,112.08
1790684519,107.83
1790684522,101.96
1790684525,95.00
1790684528,88.19
1790684531,81.53
1790684534,75.26
1790684537,46.84
1790684540,46.72
1790684543,46.72
1790684546,46.78
1790684549,46.85
1790684552,46.84
1790684555,46.96
1790684558,47.12
1790684561,47.39
1790684564,47.55
1790684567,47.66
1790684570,48.13
1790684573,47.90
1790684576,47.78
1790684579,47.72
1790684582,47.94
1790684585,48.02
1790684588,47.99
1790684591,47.99
1790684595,48.02
1790684598,48.19
1790684601,48.20
1790684604,48.14
1790684607,48.14
1790684610,48.01
1790684613,47.81
1790684616,47.87
1790684619,48.04
1790684622,48.08
1790684625,47.98
1790684628,48.02
1790684631,48.18
1790684634,48.21
1790684637,59.15
1790684640,48.13
1790684643,48.02
1790684646,47.80
1790684649,47.84
1790684652,48.02
1790684655,48.08
1790684658,48.13
1790684661,48.05
1790684664,48.09
1790684667,48.25
1790684670,48.16
1790684673,48.05
1790684676,48.22
1790684679,48.26
1790684682,48.17
1790684685,48.22
1790684688,48.27
1790684691,48.46
1790684694,48.51
1790684697,48.42
1790684700,66.55
1790684703,44.07
1790684706,43.94
1790684709,43.84
1790684712,44.07
1790684715,41.90
1790684720,10.78
1790684723,10.83
1790684726,10.79
1790684729,11.08
1790684732,42.38
1790684735,32.54
1790684738,32.27
1790684741,32.28
1790684744,32.28
1790684747,32.87
1790684750,87.92
1790684753,87.87
1790684756,87.84
1790684759,87.89
1790684762,87.87
1790684765,87.87
1790684768,87.87
1790684771,87.87
1790684774,87.85
1790684777,87.85
1790684781,87.85
1790684784,87.83
1790684787,87.84
1790684790,87.84
1790684793,87.82
1790684796,87.82
1790684799,87.80
1790684802,87.80
1790684805,87.81
1790684809,87.80
1790684812,87.81
1790684815,87.82
1790684818,87.82
1790684821,87.82
1790684824,87.82
1790684827,87.82
1790684830,87.82
1790684833,111.09
1790684836,113.83
1790684839,113.61
1790684842,113.53
1790684845,113.25
1790684848,109.35
1790684851,103.45
1790684854,98.25
1790684857,91.17
1790684860,85.13
1790684863,78.63
1790684866,69.78
1790684869,47.34
1790684872,47.22
1790684875,47.12
1790684878,47.03
1790684881,47.27
1790684884,47.31
1790684887,47.36
1790684890,47.42
1790684893,47.50
1790684896,47.75
1790684899,48.10
1790684902,47.99
1790684905,47.89
1790684908,47.78
1790684911,47.78
1790684914,47.81
1790684917,48.00
1790684920,48.01
1790684923,47.94
1790684926,47.96
1790684929,47.98
1790684932,48.14
1790684935,48.04
1790684938,48.18
1790684941,48.18
1790684944,48.11
1790684947,48.06
1790684950,48.08
1790684953,48.20
1790684956,48.20
1790684959,48.03
1790684962,48.05
1790684965,48.20
1790684968,48.11
1790684971,47.99
1790684974,48.13
1790684977,48.13
1790684980,48.01
1790684983,48.01
1790684986,48.11
1790684989,48.19
1790684992,48.15
1790684995,48.11
1790684998,64.38
1790685001,48.04
1790685004,47.92
1790685007,47.95
1790685010,47.97
1790685013,47.89
1790685016,47.90
1790685019,47.90
1790685022,48.04
1790685025,48.07
1790685028,70.82
1790685031,53.72
1790685034,43.73
1790685037,43.65
1790685040,43.66
1790685043,68.44
1790685049,12.34
1790685052,19.67
1790685055,14.30
1790685058,42.03
1790685061,31.94
1790685064,31.78
1790685067,31.82
1790685070,31.85
1790685073,32.43
1790685076,87.49
1790685079,87.44
1790685083,87.41
1790685086,87.40
1790685089,87.39
1790685092,87.37
1790685095,87.37
1790685098,87.37
1790685101,87.36
1790685104,87.36
1790685107,87.36
1790685110,87.36
1790685113,87.37
1790685116,87.91
1790685119,87.91
1790685122,87.91
1790685125,87.91
1790685128,87.91
1790685131,87.89
1790685134,87.89
1790685137,87.89
1790685140,87.89
1790685143,87.89
1790685146,87.89
1790685149,87.89
1790685152,87.89
1790685155,87.88
1790685158,87.89
1790685162,111.08
1790685165,113.81
1790685168,113.60
1790685171,113.50
1790685174,113.22
1790685177,109.02
1790685180,103.03
1790685183,96.62
1790685186,89.69
1790685189,83.96
1790685192,77.80
1790685195,49.18
1790685198,47.27
1790685201,47.30
1790685204,47.21
1790685207,47.26
1790685210,47.28
1790685213,47.30
1790685216,47.39
1790685219,47.49
1790685222,47.68
1790685225,47.72
1790685228,48.12
1790685231,47.95
1790685234,47.76
1790685237,47.66
1790685240,47.83
1790685243,47.90
1790685246,47.88
1790685249,47.87
1790685252,47.91
1790685255,48.07
1790685258,48.11
1790685261,48.03
1790685264,48.08
1790685267,47.88
1790685270,47.80
1790685273,47.87
1790685276,48.06
1790685279,48.13
1790685282,48.08
1790685285,48.15
1790685288,48.33
1790685291,48.38
1790685294,51.63
1790685297,48.47
1790685300,48.48
1790685303,48.43
1790685306,48.46
1790685309,48.62
1790685312,48.64
1790685315,48.53
1790685318,48.54
1790685321,48.68
1790685324,48.68
1790685327,48.58
1790685330,48.59
1790685333,48.59
1790685336,48.46
1790685339,48.45
1790685342,48.58
1790685345,48.61
1790685348,48.61
1790685351,48.50
1790685354,48.50
1790685357,66.59
1790685360,44.08
1790685363,44.00
1790685366,43.89
1790685369,68.59
1790685372,41.67
1790685380,20.53
1790685384,14.19
1790685387,41.99
1790685390,32.04
1790685393,32.05
1790685396,32.05
1790685399,32.08
1790685402,32.53
1790685405,87.61
1790685408,87.57
1790685411,87.57
1790685414,87.54
1790685417,87.56
1790685420,87.57
1790685423,87.58
1790685426,87.58
1790685429,87.58
1790685432,87.59
1790685435,87.60
1790685438,87.61
1790685441,87.61
1790685444,87.61
1790685447,87.63
1790685450,87.64
1790685453,87.67
1790685456,87.67
1790685459,87.67
1790685462,87.66
1790685465,87.66
1790685468,87.66
1790685471,87.67
1790685474,87.67
1790685477,87.66
1790685480,87.66
1790685483,87.66
1790685486,110.85
1790685489,113.85
1790685492,113.56
1790685495,113.43
1790685498,113.01
1790685501,109.02
1790685504,102.76
1790685507,97.58
1790685510,90.50
1790685513,84.19
1790685516,78.39
1790685519,72.24
1790685522,70.67
1790685525,70.38
1790685528,70.18
1790685531,70.21
1790685534,70.33
1790685537,70.53
1790685540,71.05
1790685543,71.09
1790685546,71.22
1790685549,71.35
1790685552,71.24
1790685555,71.31
1790685558,72.70
1790685561,71.33
1790685564,71.38
1790685567,71.42
1790685570,71.57
1790685573,71.56
1790685576,71.85
1790685579,71.54
1790685582,71.56
1790685585,71.58
1790685588,71.61
1790685591,71.66
1790685594,71.55
1790685597,71.49
1790685600,71.57
1790685603,71.64
1790685606,71.64
1790685609,71.63
1790685612,73.63
1790685615,72.60
1790685618,72.68
1790685621,72.75
1790685624,71.13
1790685627,66.73
1790685630,64.37
1790685633,64.32
1790685636,64.84
1790685639,87.52
1790685642,87.47
1790685645,87.48
1790685648,87.56
1790685651,87.54
1790685655,87.52
1790685658,87.50
1790685661,87.49
1790685664,87.48
1790685667,87.47
1790685670,87.46
1790685673,87.46
1790685676,87.45
1790685679,87.44
1790685682,87.43
1790685685,87.43
1790685688,87.44
1790685691,87.44
1790685694,87.45
1790685697,87.44
1790685700,87.44
1790685703,87.43
1790685706,87.43
1790685709,87.42
1790685712,87.43
1790685715,87.63
1790685718,110.97
1790685721,113.79
1790685724,113.44
1790685727,113.15
1790685730,109.79
1790685733,104.35
1790685736,99.20
1790685739,91.74
1790685742,85.37
1790685745,78.53
1790685748,72.05
1790685751,46.05
1790685754,46.04
1790685757,45.84
1790685760,45.79
1790685763,45.90
1790685766,46.20
1790685769,46.40
1790685772,46.59
1790685775,46.63
1790685778,46.79
1790685781,46.94
1790685784,64.55
1790685787,47.42
1790685790,47.50
1790685793,47.55
1790685796,47.49
1790685799,47.55
1790685802,47.60
1790685805,47.76
1790685808,47.77
1790685811,47.67
1790685814,47.69
1790685817,56.10
1790685820,47.64
1790685823,47.69
1790685826,47.87
1790685829,47.91
1790685832,47.82
1790685835,47.86
1790685838,48.04
1790685841,48.09
1790685844,48.06
1790685847,48.06
1790685850,48.18
1790685853,48.00
1790685856,47.91
1790685859,47.97
1790685862,48.01
1790685865,47.94
1790685868,47.98
1790685871,48.16
1790685874,48.19
1790685877,48.24
1790685880,48.15
1790685883,48.30
1790685886,48.23
1790685889,48.22
1790685892,48.24
1790685895,48.17
1790685898,48.19
1790685901,48.13
1790685904,48.11
1790685907,48.13
1790685910,48.34
1790685913,58.81
1790685916,43.87
1790685919,43.77
1790685922,43.65
1790685925,68.33
1790685928,32.91
1790685935,12.97
1790685938,10.86
1790685941,73.70
1790685944,42.44
1790685947,32.16
1790685950,31.88
1790685953,31.92
1790685956,31.93
1790685959,87.61
1790685962,87.58
1790685965,87.55
1790685968,87.53
1790685971,87.53
1790685974,87.54
1790685977,87.56
1790685980,87.57
1790685983,87.59
1790685986,87.60
1790685989,87.61
1790685992,87.62
1790685995,87.65
1790685998,87.92
1790686001,87.92
1790686004,87.92
1790686007,87.92
1790686010,87.92
1790686013,87.93
1790686016,87.93
1790686019,87.93
1790686022,87.93
1790686025,87.92
1790686028,87.92
1790686031,87.92
1790686034,87.92
1790686037,87.92
1790686040,87.91
1790686043,111.06
1790686046,113.80
1790686049,113.58
1790686052,113.47
1790686055,110.36
1790686058,105.02
1790686061,100.15
1790686064,93.21
1790686067,86.63
1790686070,80.37
1790686073,65.36
1790686076,47.39
1790686079,47.39
1790686082,47.31
1790686085,47.26
1790686088,47.30
1790686091,47.34
1790686094,47.49
1790686097,47.59
1790686100,47.57
1790686103,47.69
1790686106,47.79
1790686109,71.05
1790686112,48.00
1790686115,48.01
1790686118,48.02
1790686121,47.94
1790686124,47.98
1790686127,48.18
1790686130,48.20
1790686133,48.13
1790686136,48.14
1790686139,48.15
1790686142,48.06
1790686145,47.96
1790686148,47.86
1790686151,47.91
1790686154,47.84
1790686157,47.88
1790686160,47.94
1790686163,48.14
1790686166,48.22
1790686169,48.15
1790686172,48.21
1790686175,48.30
1790686178,48.18
1790686181,48.09
1790686184,48.23
1790686187,48.29
1790686190,48.21
1790686193,48.40
1790686196,48.45
1790686199,48.46
1790686202,48.51
1790686205,48.51
1790686208,48.45
1790686211,48.34
1790686214,48.36
1790686217,48.37
1790686220,48.51
1790686223,48.53
1790686226,48.43
1790686229,48.47
1790686232,48.50
1790686235,48.79
1790686238,59.00
1790686241,44.09
1790686244,43.99
1790686247,44.03
1790686250,68.80
1790686253,20.12
1790686256,10.82
1790686259,11.15
1790686262,11.23
1790686265,50.08
1790686268,42.38
1790686271,32.46
1790686274,32.17
1790686277,32.21
1790686281,32.34
1790686284,88.05
1790686287,87.98
1790686290,87.93
1790686293,87.92
1790686296,87.90
1790686299,87.89
1790686302,87.89
1790686305,87.89
1790686308,87.89
1790686311,87.89
1790686314,87.88
1790686317,87.87
1790686320,87.87
1790686323,87.87
1790686326,87.88
1790686329,87.96
1790686332,87.96
1790686335,87.96
1790686338,87.97
1790686341,87.97
1790686344,87.97
1790686347,87.97
1790686350,87.97
1790686353,87.97
1790686356,87.97
1790686360,88.16
1790686363,111.17
1790686366,113.88
1790686369,113.59
1790686372,113.52
1790686375,112.61
1790686378,108.67
1790686381,102.56
1790686384,96.49
1790686387,89.33
1790686390,83.26
1790686393,76.91
1790686396,47.57
1790686399,47.36
1790686402,47.33
1790686405,47.36
1790686408,47.41
1790686411,47.46
1790686414,47.42
1790686417,47.49
1790686420,47.68
1790686423,47.77
1790686426,47.83
1790686429,48.17
1790686432,47.93
1790686435,47.82
1790686438,47.72
1790686441,47.80
1790686444,47.87
1790686447,47.82
1790686450,47.85
1790686453,48.01
1790686456,48.06
1790686459,48.05
1790686462,48.21
1790686465,48.08
1790686468,48.00
1790686471,48.04
1790686474,48.20
1790686477,48.24
1790686480,48.20
1790686483,48.25
1790686486,48.31
1790686489,48.49
1790686492,48.54
1790686495,48.57
1790686498,48.46
1790686501,48.27
1790686504,48.31
1790686507,48.47
1790686510,48.50
1790686513,48.52
1790686516,48.44
1790686519,48.46
1790686522,48.60
1790686525,48.61
1790686528,48.51
1790686531,48.39
1790686534,48.23
1790686537,48.17
1790686540,48.21
1790686543,48.36
1790686546,48.39
1790686549,48.29
1790686552,48.32
1790686555,48.31
1790686558,66.42
1790686561,43.90
1790686564,44.00
1790686567,44.06
1790686570,68.64
1790686573,41.67
1790686580,11.03
1790686583,11.27
1790686586,15.47
1790686589,42.42
1790686592,32.26
1790686595,32.00
1790686598,32.10
1790686601,32.17
1790686604,88.11
1790686607,88.07
1790686610,88.02
1790686613,87.99
1790686616,87.96
1790686619,87.95
1790686622,87.94
1790686625,87.94
1790686628,87.94
1790686631,87.93
1790686634,87.92
1790686637,87.92
1790686640,87.91
1790686643,87.92
1790686646,87.90
1790686649,87.91
1790686652,87.91
1790686655,87.90
1790686658,87.90
1790686661,87.90
1790686664,87.90
1790686667,87.91
1790686670,87.91
1790686673,87.91
1790686676,87.90
1790686679,87.90
1790686682,105.70
1790686685,113.94
1790686688,113.93
1790686691,113.61
1790686694,113.49
1790686697,110.68
1790686700,105.47
1790686703,100.44
1790686706,93.48
1790686709,86.53
1790686712,80.69
1790686715,74.29
1790686718,70.56
1790686721,70.48
1790686724,70.35
1790686727,70.28
1790686730,70.38
1790686733,70.50
1790686736,70.83
1790686739,70.92
1790686742,71.07
1790686745,71.24
1790686748,71.33
1790686751,71.41
1790686754,71.47
1790686757,72.03
1790686760,71.94
1790686763,71.99
1790686766,72.03
1790686769,72.20
1790686772,72.24
1790686775,72.16
1790686778,72.23
1790686781,72.26
1790686784,72.29
1790686787,72.30
1790686790,72.27
1790686793,72.21
1790686796,72.25
1790686799,72.29
1790686802,72.18
1790686805,72.16
1790686808,72.11
1790686811,73.92
1790686814,73.17
1790686817,73.18
1790686820,73.52
1790686823,67.20
1790686826,64.73
1790686829,64.83
1790686832,64.91
1790686835,87.86
1790686838,87.81
1790686841,87.76
1790686844,87.74
1790686847,87.75
1790686850,87.75
1790686853,87.75
1790686856,87.74
1790686859,87.74
1790686862,87.73
1790686865,87.73
1790686868,87.72
1790686871,87.73
1790686874,87.73
1790686877,87.76
1790686880,87.79
1790686883,87.79
1790686886,87.81
1790686889,87.83
1790686892,87.84
1790686895,87.84
1790686898,87.84
1790686901,87.84
1790686904,87.85
1790686907,87.85
1790686910,103.94
1790686913,113.53
1790686916,113.88
1790686919,113.59
1790686922,112.86
1790686925,106.69
1790686928,101.14
1790686931,94.28
1790686934,87.62
1790686937,80.74
1790686940,74.33
1790686943,46.49
1790686946,46.51
1790686949,46.41
1790686952,46.33
1790686955,46.36
1790686958,46.47
1790686961,46.62
1790686964,46.92
1790686967,47.05
1790686970,47.14
1790686973,47.22
1790686976,47.75
1790686979,47.49
1790686982,47.57
1790686986,47.75
1790686989,47.81
1790686992,47.79
1790686995,47.84
1790686998,47.88
1790687001,48.04
1790687004,48.07
1790687007,47.97
1790687010,48.25
1790687013,47.93
1790687016,47.80
1790687019,47.71
1790687022,47.89
1790687025,47.94
1790687028,47.86
1790687031,47.92
1790687034,48.09
1790687037,48.15
1790687040,48.10
1790687043,48.26
1790687046,48.11
1790687049,47.95
1790687052,47.90
1790687055,48.09
1790687058,48.16
1790687061,48.12
1790687064,48.19
1790687067,48.37
1790687070,48.41
1790687073,48.38
1790687076,48.37
1790687079,48.25
1790687082,48.06
1790687085,48.11
1790687088,48.28
1790687091,48.33
1790687094,48.25
1790687097,48.28
1790687100,48.29
1790687103,48.50
1790687106,58.84
1790687109,43.96
1790687112,43.91
1790687115,43.80
1790687118,68.44
1790687121,35.19
1790687124,10.81
1790687127,12.16
1790687130,10.93
1790687133,11.82
1790687136,42.54
1790687139,32.35
1790687142,32.06
1790687145,32.09
1790687148,32.11
1790687151,32.69
1790687154,103.25
1790687157,113.32
1790687160,113.06
1790687163,112.82
1790687166,107.82
1790687169,103.73
1790687172,102.23
1790687175,99.76
1790687178,99.50
1790687181,99.38
1790687184,99.24
1790687187,99.25
1790687190,99.27
1790687193,99.18
1790687196,98.58
1790687199,98.23
1790687202,97.49
1790687205,97.35
1790687208,96.94
1790687211,96.76
1790687214,96.64
1790687217,96.35
1790687220,96.23
1790687223,95.92
1790687226,95.75
1790687229,95.62
1790687232,94.73
1790687235,94.36
1790687238,94.08
1790687241,93.88
1790687244,93.73
1790687247,93.43
1790687250,93.27
1790687253,93.07
1790687256,93.03
1790687259,92.98
1790687262,93.03
1790687265,93.03
1790687268,93.02
1790687271,93.02
1790687274,93.02
1790687277,93.02
1790687280,93.02
1790687283,93.02
1790687286,93.02
1790687289,107.56
1790687292,113.88
1790687295,113.72
1790687298,113.60
1790687301,113.34
1790687304,109.75
1790687307,105.06
1790687310,99.49
1790687313,70.13
1790687316,70.01
1790687319,70.04
1790687322,69.99
1790687325,70.05
1790687328,69.97
1790687331,69.83
1790687334,70.26
1790687337,58.68
1790687340,47.63
1790687343,92.66
1790687346,64.02
1790687349,33.85
1790687352,33.63
1790687355,33.61
1790687358,8.90
1790687361,3.88
1790687365,4.11
1790687368,64.49
1790687371,14.77
1790687374,3.89
1790687377,63.29
1790687380,62.83
1790687383,63.05
1790687386,62.98
1790687389,62.98
1790687392,63.01
1790687395,25.21
1790687398,56.43
1790687401,56.40
1790687404,56.28
1790687407,56.32
1790687410,96.49
1790687413,96.50
1790687416,96.50
1790687419,96.49
1790687422,96.93
1790687425,96.93
1790687428,96.93
1790687431,96.92
1790687434,96.92
1790687437,96.92
1790687440,111.19
1790687443,113.87
1790687446,113.62
1790687449,113.55
1790687452,112.55
1790687455,108.46
1790687458,102.15
1790687461,95.77
1790687464,69.62
1790687467,69.52
1790687470,69.69
1790687473,69.47
1790687476,69.38
1790687479,69.40
1790687482,69.49
1790687485,86.89
1790687488,58.43
1790687491,28.92
1790687494,64.02
1790687497,54.39
1790687500,33.46
1790687503,33.29
1790687506,33.57
1790687509,5.81
1790687512,3.66
1790687515,4.61
1790687518,64.57
1790687521,3.09
1790687524,3.33
1790687527,63.30
1790687530,62.93
1790687533,73.49
1790687536,62.70
1790687539,62.65
1790687542,62.71
1790687545,25.08
1790687548,56.56
1790687551,56.25
1790687554,56.08
1790687557,56.00
1790687560,96.27
1790687563,96.27
1790687566,96.26
1790687569,96.24
1790687572,96.26
1790687575,96.54
1790687578,96.56
1790687581,96.72
1790687584,96.76
1790687587,96.77
1790687590,96.80
1790687593,96.82
1790687596,96.85
1790687599,107.88
1790687602,113.87
1790687605,113.63
1790687608,113.55
1790687611,112.46
1790687614,105.45
1790687617,100.83
1790687620,70.23
1790687623,69.99
1790687626,70.06
1790687629,69.85
1790687632,69.67
1790687635,69.75
1790687638,69.95
1790687641,70.17
1790687644,58.74
1790687647,58.49
1790687650,28.97
1790687653,63.60
1790687656,33.60
1790687659,33.63
1790687662,33.39
1790687665,20.65
1790687668,4.08
1790687671,15.16
1790687674,34.47
1790687678,3.92
1790687681,3.09
1790687684,96.59
1790687687,63.04
1790687690,63.54
1790687693,63.21
1790687696,62.82
1790687699,62.65
1790687702,28.61
1790687705,92.71
1790687708,56.47
1790687711,56.65
1790687714,56.66
1790687717,97.07
1790687720,97.03
1790687723,96.98
1790687726,96.94
1790687729,96.92
1790687732,96.93
1790687735,96.93
1790687738,96.93
1790687741,96.93
1790687744,96.92
1790687747,96.92
1790687750,96.92
1790687753,96.91
1790687756,102.11
1790687759,113.90
1790687762,113.65
1790687765,113.52
1790687768,111.61
1790687771,106.68
1790687774,101.73
1790687777,95.08
1790687780,88.79
1790687783,82.01
1790687786,79.60
1790687789,79.74
1790687792,79.61
1790687795,79.42
1790687798,79.38
1790687801,79.44
1790687804,79.60
1790687807,79.59
1790687810,77.23
1790687813,75.89
1790687816,75.93
1790687819,76.20
1790687822,74.49
1790687825,71.15
1790687828,71.53
1790687831,78.69
1790687834,78.81
1790687837,78.76
1790687840,75.18
1790687843,75.39
1790687846,75.30
1790687849,96.44
1790687852,96.41
1790687855,96.39
1790687858,96.39
1790687861,96.39
1790687864,96.41
1790687868,96.44
1790687871,96.45
1790687874,96.46
1790687877,96.48
1790687880,96.48
1790687883,96.50
1790687886,96.52
1790687889,111.24
1790687892,113.88
1790687895,113.62
1790687898,113.53
1790687901,111.91
1790687904,107.36
1790687907,101.86
1790687910,95.71
1790687913,89.02
1790687916,73.63
1790687919,54.95
1790687922,54.82
1790687925,55.02
1790687928,54.94
1790687931,55.00
1790687934,55.23
1790687937,55.39
1790687940,55.43
1790687943,55.55
1790687946,55.77
1790687949,56.29
1790687952,44.80
1790687955,44.67
1790687958,11.75
1790687961,12.05
1790687964,11.15
1790687967,51.12
1790687970,51.12
1790687973,16.75
1790687976,51.16
1790687979,50.88
1790687982,40.77
1790687985,40.50
1790687988,12.45
1790687991,11.02
1790687994,10.53
1790687997,9.31
1790688000,22.33
1790688003,51.25
1790688006,14.57
1790688009,49.86
1790688012,18.53
1790688015,70.82
1790688018,14.57
1790688021,15.12
1790688024,59.97
1790688027,49.30
1790688030,49.33
1790688033,49.31
1790688036,49.31
1790688039,23.54
1790688042,12.58
1790688045,43.47
1790688048,43.12
1790688051,43.03
1790688054,43.05
1790688057,42.89
1790688060,96.51
1790688063,96.49
1790688066,96.47
1790688069,96.45
1790688072,96.57
1790688075,96.60
1790688078,96.62
1790688081,96.64
1790688084,96.63
1790688087,96.64
1790688090,96.65
1790688093,96.66
1790688096,96.66
1790688099,106.87
1790688102,113.73
1790688105,113.50
1790688108,113.43
1790688111,113.08
1790688114,108.91
1790688117,102.66
1790688120,97.49
1790688123,91.12
1790688126,84.60
1790688129,55.44
1790688132,55.21
1790688135,55.36
1790688138,55.41
1790688141,55.49
1790688144,55.54
1790688147,55.60
1790688150,55.87
1790688153,56.04
1790688156,56.15
1790688159,56.19
1790688162,69.47
1790688165,45.10
1790688168,44.94
1790688171,11.70
1790688174,11.09
1790688177,17.59
1790688180,51.34
1790688183,41.32
1790688186,17.89
1790688189,50.60
1790688192,40.57
1790688195,40.27
1790688198,40.32
1790688205,11.23
1790688208,8.69
1790688211,9.88
1790688214,57.06
1790688217,15.29
1790688220,74.50
1790688223,17.40
1790688226,18.53
1790688229,35.48
1790688232,15.45
1790688235,53.79
1790688238,49.16
1790688241,49.22
1790688244,49.34
1790688247,49.21
1790688250,49.25
1790688253,11.96
1790688256,77.03
1790688259,43.28
1790688262,43.28
1790688265,43.38
1790688268,43.45
1790688271,43.64
1790688274,96.82
1790688277,96.78
1790688280,96.73
1790688283,96.70
1790688286,96.69
1790688289,96.69
1790688292,96.68
1790688295,96.68
1790688298,96.69
1790688301,96.69
1790688304,96.67
1790688307,96.67
1790688310,96.68
1790688313,96.50
1790688316,111.11
1790688319,113.94
1790688322,113.65
1790688325,113.56
1790688328,111.79
1790688331,106.53
1790688334,102.09
1790688337,95.76
1790688340,89.42
1790688343,74.22
1790688346,55.99
1790688349,56.12
1790688352,56.15
1790688355,55.97
1790688358,55.99
1790688361,56.07
1790688364,56.24
1790688367,56.31
1790688370,56.24
1790688373,56.34
1790688376,56.58
1790688379,69.59
1790688382,45.37
1790688385,30.58
1790688388,11.04
1790688391,16.12
1790688394,51.04
1790688397,50.77
1790688400,18.28
1790688403,67.45
1790688406,51.00
1790688409,40.81
1790688412,40.53
1790688415,19.48
1790688418,11.54
1790688422,10.72
1790688425,9.73
1790688428,12.46
1790688431,51.23
1790688434,16.67
1790688437,49.66
1790688440,16.37
1790688443,60.96
1790688446,16.82
1790688449,71.60
1790688452,64.82
1790688455,49.36
1790688458,49.38
1790688461,49.34
1790688464,49.36
1790688467,16.24
1790688470,12.24
1790688473,43.46
1790688476,43.15
1790688479,42.96
1790688482,42.89
1790688485,42.91
1790688488,43.66
1790688491,96.50
1790688494,96.48
1790688497,96.45
1790688500,96.44
1790688503,96.44
1790688506,96.47
1790688509,96.48
1790688512,96.51
1790688515,96.53
1790688518,96.68
1790688521,96.68
1790688524,96.68
1790688527,96.66
1790688530,96.66
1790688533,96.67
1790688536,111.31
1790688539,113.92
1790688542,113.60
1790688545,112.24
1790688548,107.67
1790688551,102.11
1790688554,95.48
1790688557,89.69
1790688560,82.46
1790688563,79.82
1790688566,79.57
1790688569,79.55
1790688572,79.63
1790688575,79.74
1790688578,79.81
1790688581,81.51
1790688584,79.96
1790688587,77.77
1790688590,76.25
1790688593,76.48
1790688596,76.45
1790688599,74.91
1790688603,73.21
1790688606,71.48
1790688609,78.96
1790688612,79.00
1790688615,78.88
1790688618,75.47
1790688621,75.42
1790688624,75.34
1790688627,75.59
1790688630,96.53
1790688633,96.52
1790688636,96.51
1790688639,96.51
1790688642,96.53
1790688645,96.55
1790688648,96.56
1790688651,96.56
1790688654,96.57
1790688657,96.58
1790688660,96.58
1790688664,96.57
1790688667,96.57
1790688670,96.57
1790688673,96.57
1790688676,96.57
1790688679,96.59
1790688682,113.89
1790688685,113.73
1790688688,113.59
1790688691,113.31
1790688694,106.74
1790688697,101.32
1790688700,94.97
1790688703,87.87
1790688706,80.83
1790688709,55.15
1790688712,55.03
1790688715,55.23
1790688718,55.27
1790688721,55.39
1790688724,55.70
1790688727,55.91
1790688730,56.00
1790688733,56.11
1790688736,56.26
1790688739,56.51
1790688742,69.40
1790688745,45.03
1790688748,28.70
1790688751,11.76
1790688754,11.65
1790688757,81.79
1790688760,51.37
1790688763,29.74
1790688766,19.34
1790688769,51.02
1790688772,40.94
1790688775,40.67
1790688778,40.71
1790688781,11.95
1790688784,11.03
1790688787,10.77
1790688790,10.04
1790688793,19.26
1790688796,30.95
1790688799,17.62
1790688802,49.75
1790688805,16.74
1790688808,51.13
1790688811,17.56
1790688814,53.89
1790688817,49.37
1790688820,49.37
1790688823,49.09
1790688826,49.35
1790688829,49.40
1790688832,8.98
1790688835,11.60
1790688838,81.97
1790688841,43.09
1790688844,43.13
1790688847,43.25
1790688850,43.25
1790688853,43.36
1790688856,96.65
1790688859,96.58
1790688862,96.54
1790688865,96.50
1790688868,96.47
1790688871,96.50
1790688874,96.50
1790688877,96.50
1790688880,96.50
1790688883,96.51
1790688886,96.51
1790688889,96.50
1790688892,96.50
1790688895,96.50
1790688898,96.50
1790688901,96.52
1790688904,113.93
1790688907,113.72
1790688910,113.48
1790688913,113.10
1790688916,106.36
1790688920,100.73
1790688923,94.29
1790688926,88.07
1790688929,81.75
1790688932,55.27
1790688935,55.11
1790688938,55.34
1790688941,55.37
1790688944,55.48
1790688947,55.66
1790688950,55.83
1790688953,56.00
1790688956,56.14
1790688959,56.18
1790688962,56.28
1790688965,69.48
1790688968,45.32
1790688971,45.38
1790688974,11.38
1790688977,10.84
1790688980,11.37
1790688983,51.07
1790688986,51.09
1790688989,19.16
1790688992,51.09
1790688995,40.96
1790688998,40.63
1790689001,40.64
1790689004,11.88
1790689007,10.52
1790689010,10.23
1790689013,32.12
1790689016,51.18
1790689019,17.78
1790689023,51.68
1790689026,17.34
1790689029,77.36
1790689032,17.69
1790689035,29.22
1790689038,81.45
1790689041,49.22
1790689044,49.06
1790689047,49.07
1790689050,49.13
1790689053,22.61
1790689056,11.59
1790689059,19.17
1790689062,42.68
1790689065,42.56
1790689068,42.63
1790689071,42.69
1790689074,42.74
1790689077,96.15
1790689080,96.17
1790689083,96.20
1790689086,96.23
1790689089,96.34
1790689092,96.39
1790689095,96.40
1790689098,96.42
1790689101,96.42
1790689104,96.45
1790689107,96.47
1790689110,96.49
1790689113,96.52
1790689116,96.56
1790689119,96.56
1790689122,96.60
1790689125,111.28
1790689128,113.89
1790689131,113.54
1790689134,113.47
1790689137,110.84
1790689140,106.91
1790689143,100.95
1790689146,94.51
1790689149,87.96
1790689152,81.03
1790689155,55.62
1790689158,55.40
1790689161,55.67
1790689164,55.73
1790689167,55.72
1790689170,55.94
1790689173,56.04
1790689176,56.03
1790689179,56.12
1790689182,56.31
1790689185,56.73
1790689188,60.91
1790689191,45.17
1790689194,21.80
1790689197,10.75
1790689200,12.83
1790689203,51.46
1790689206,51.17
1790689209,18.94
1790689212,64.25
1790689215,51.00
1790689218,40.82
1790689221,40.53
1790689224,19.02
1790689227,10.52
1790689230,10.58
1790689233,9.51
1790689236,12.45
1790689239,51.25
1790689242,17.42
1790689245,49.85
1790689248,16.86
1790689251,70.49
1790689254,17.17
1790689257,81.54
1790689260,79.20
1790689263,49.34
1790689266,49.03
1790689269,49.04
1790689272,49.08
1790689275,24.04
1790689278,11.96
1790689281,12.15
1790689284,43.16
1790689287,42.82
1790689290,42.86
1790689293,42.60
1790689296,42.75
1790689299,96.50
1790689302,96.46
1790689305,96.41
1790689308,96.37
1790689311,96.35
1790689314,96.36
1790689318,96.71
1790689321,96.69
1790689324,96.69
1790689327,96.70
1790689330,96.70
1790689333,96.69
1790689336,96.69
1790689339,96.70
1790689342,96.71
1790689345,96.73
1790689348,111.49
1790689351,114.02
1790689354,113.71
1790689357,112.04
1790689360,107.10
1790689363,101.94
1790689366,95.04
1790689369,89.27
1790689372,74.14
1790689375,79.38
1790689378,79.60
1790689381,79.63
1790689384,79.69
1790689387,79.61
1790689390,79.60
1790689393,81.77
1790689396,80.30
1790689399,77.83
1790689402,76.50
1790689405,76.48
1790689408,76.75
1790689411,74.92
1790689414,71.74
1790689417,71.46
1790689420,79.06
1790689423,79.07
1790689426,79.18
1790689429,75.40
1790689432,75.27
1790689435,75.49
1790689438,75.81
1790689441,96.51
1790689444,96.51
1790689447,96.49
1790689450,96.50
1790689453,96.50
1790689456,96.54
1790689459,96.53
1790689462,96.54
1790689465,96.54
1790689468,96.54
1790689471,96.54
1790689474,96.53
1790689477,96.54
1790689480,96.54
1790689483,96.55
1790689486,96.56
1790689489,96.59
1790689492,113.89
1790689495,113.70
1790689498,113.58
1790689501,112.92
1790689504,105.06
1790689507,100.81
1790689510,94.64
1790689513,87.55
1790689516,81.08
1790689519,55.52
1790689522,55.57
1790689525,55.41
1790689528,55.41
1790689531,55.50
1790689534,55.81
1790689537,56.02
1790689540,56.19
1790689543,56.18
1790689546,56.30
1790689549,56.57
1790689552,69.46
1790689555,45.08
1790689558,29.77
1790689561,16.18
1790689564,16.39
1790689567,50.99
1790689570,50.75
1790689573,20.14
1790689576,51.16
1790689579,40.94
1790689582,40.64
1790689585,40.68
1790689588,10.42
1790689591,10.55
1790689594,10.32
1790689597,11.06
1790689600,10.42
1790689603,51.21
1790689606,18.15
1790689609,62.33
1790689612,18.00
1790689616,69.07
1790689619,23.46
1790689622,18.78
1790689625,53.74
1790689628,49.15
1790689631,49.17
1790689634,49.23
1790689637,49.15
1790689640,38.51
1790689643,11.54
1790689646,59.58
1790689649,43.28
1790689652,42.97
1790689655,42.64
1790689658,42.66
1790689661,43.41
1790689664,96.26
1790689667,96.24
1790689670,96.22
1790689673,96.41
1790689676,96.40
1790689679,96.41
1790689682,96.44
1790689685,96.47
1790689688,96.49
1790689691,96.51
1790689694,96.53
1790689697,96.55
1790689700,96.56
1790689703,96.59
1790689706,96.60
1790689709,96.65
1790689712,114.34
1790689715,113.85
1790689718,113.55
1790689721,111.59
1790689724,106.56
1790689727,101.22
1790689730,94.67
1790689733,88.18
1790689736,81.18
1790689739,55.42
1790689742,55.42
1790689745,55.23
1790689748,55.29
1790689751,55.40
1790689754,55.68
1790689757,55.83
1790689760,55.87
1790689763,55.92
1790689766,56.09
1790689769,56.48
1790689772,68.00
1790689775,45.39
1790689778,25.49
1790689781,10.38
1790689784,10.73
1790689787,17.88
1790689790,51.11
1790689793,37.58
1790689796,19.25
1790689799,50.58
1790689802,40.63
1790689805,40.76
1790689808,40.77
1790689811,16.74
1790689814,10.07
1790689817,10.05
1790689820,63.06
1790689823,46.98
1790689826,18.66
1790689829,49.90
1790689832,17.60
1790689835,51.52
1790689838,18.25
1790689841,53.92
1790689844,49.46
1790689847,49.14
1790689850,48.90
1790689853,49.17
1790689856,49.23
1790689859,22.83
1790689862,11.80
1790689865,71.07
1790689868,43.01
1790689871,42.71
1790689874,42.73
1790689877,42.81
1790689880,43.37
1790689883,96.36
1790689886,96.33
1790689889,96.31
1790689892,96.28
1790689895,96.28
1790689898,96.32
1790689901,96.35
1790689904,96.37
1790689907,96.39
1790689910,96.41
1790689913,96.44
1790689916,96.46
1790689919,96.49
1790689922,96.51
1790689925,96.53
1790689928,96.56
1790689932,96.56
1790689935,111.15
1790689938,113.83
1790689941,113.54
1790689944,113.47
1790689947,111.61
1790689950,106.54
1790689953,101.51
1790689956,94.83
1790689959,88.44
1790689962,81.24
1790689965,55.55
1790689968,55.63
1790689971,55.82
1790689974,55.88
1790689977,55.96
1790689980,56.13
1790689983,56.25
1790689986,56.27
1790689989,56.30
1790689992,56.46
1790689995,56.76
1790689998,69.67
1790690001,45.51
1790690004,29.91
1790690007,10.87
1790690010,10.94
1790690013,65.30
1790690016,51.03
1790690019,19.29
1790690022,82.03
1790690025,51.01
1790690028,41.08
1790690031,40.80
1790690034,29.24
1790690037,10.12
1790690042,10.10
1790690045,10.24
1790690048,58.29
1790690051,18.60
1790690054,74.65
1790690057,20.70
1790690060,18.45
1790690063,40.71
1790690066,18.78
1790690069,53.79
1790690072,49.45
1790690075,49.19
1790690078,49.29
1790690081,49.16
1790690084,49.19
1790690087,14.17
1790690090,11.97
1790690093,43.41
1790690096,43.18
1790690099,42.90
1790690102,42.85
1790690105,42.91
1790690108,43.81
1790690111,96.65
1790690114,96.63
1790690117,96.59
1790690120,96.56
1790690123,96.54
1790690126,96.75
1790690129,96.75
1790690132,96.75
1790690135,96.75
1790690138,96.74
1790690141,96.74
1790690144,96.74
1790690147,96.75
1790690150,96.74
1790690153,96.75
1790690156,96.75
1790690159,113.94
1790690162,113.72
1790690165,113.57
1790690168,111.83
1790690171,106.62
1790690174,101.98
1790690177,95.11
1790690180,89.28
1790690183,74.22
1790690186,79.73
1790690189,79.55
1790690192,79.33
1790690195,79.19
1790690198,79.30
1790690201,79.33
1790690204,81.11
1790690207,79.71
1790690210,77.29
1790690213,76.03
1790690216,76.02
1790690219,76.32
1790690222,74.60
1790690225,71.28
1790690228,71.12
1790690231,78.74
1790690234,78.64
1790690237,78.86
1790690240,74.96
1790690243,74.95
1790690246,75.23
1790690249,75.68
1790690252,96.34
1790690255,96.32
1790690258,96.30
1790690261,96.32
1790690264,96.33
1790690267,96.50
1790690270,96.52
1790690273,96.54
1790690276,96.54
1790690279,96.54
1790690282,96.55
1790690285,96.56
1790690288,96.58
1790690291,96.59
1790690294,96.59
1790690297,96.59
1790690300,111.24
1790690303,113.96
1790690306,113.69
1790690309,113.59
1790690312,110.28
1790690315,104.40
1790690318,98.41
1790690321,92.28
1790690324,85.29
1790690327,55.69
1790690330,55.34
1790690334,55.62
1790690337,55.66
1790690340,55.78
1790690343,55.91
1790690346,56.03
1790690349,56.19
1790690352,56.34
1790690355,56.58
1790690358,56.51
1790690361,56.90
1790690364,45.36
1790690367,45.25
1790690370,18.02
1790690373,16.94
1790690376,51.53
1790690379,51.22
1790690382,19.31
1790690385,51.20
1790690388,40.98
1790690391,40.68
1790690394,40.71
1790690397,10.00
1790690400,10.16
1790690403,10.06
1790690406,10.01
1790690409,9.98
1790690412,19.70
1790690415,30.88
1790690418,18.48
1790690421,49.80
1790690424,17.80
1790690427,51.51
1790690430,18.17
1790690433,53.91
1790690436,49.38
1790690439,49.06
1790690442,49.10
1790690445,49.10
1790690448,49.14
1790690451,8.51
1790690454,11.86
1790690457,80.83
1790690460,42.96
1790690463,42.76
1790690466,42.90
1790690469,42.92
1790690472,43.05
1790690475,96.37
1790690478,96.31
1790690481,96.27
1790690484,96.25
1790690487,96.20
1790690490,96.71
1790690493,96.71
1790690496,96.72
1790690499,96.72
1790690502,96.72
1790690505,96.74
1790690509,96.73
1790690512,96.73
1790690515,96.73
1790690518,96.73
1790690521,111.29
1790690524,113.97
1790690527,113.65
1790690530,113.41
1790690533,113.14
1790690536,109.03
1790690539,102.53
1790690542,97.32
1790690545,91.41
1790690548,86.20
1790690551,56.84
1790690554,55.49
1790690557,55.57
1790690560,55.48
1790690563,55.64
1790690566,55.73
1790690569,55.73
1790690572,55.79
1790690575,55.88
1790690578,56.13
1790690581,56.17
1790690584,56.60
1790690587,45.07
1790690590,44.86
1790690593,10.85
1790690596,10.38
1790690599,11.01
1790690602,82.34
1790690605,50.88
1790690608,28.26
1790690611,20.46
1790690614,50.90
1790690617,40.98
1790690620,40.98
1790690623,41.05
1790690626,13.43
1790690630,10.05
1790690633,9.99
1790690636,71.30
1790690639,18.88
1790690642,19.45
1790690645,29.60
1790690648,18.39
1790690651,51.39
1790690654,18.69
1790690657,53.85
1790690660,49.32
1790690663,49.02
1790690666,49.03
1790690669,49.03
1790690672,49.09
1790690675,21.62
1790690678,11.75
1790690681,67.80
1790690684,43.01
1790690687,42.71
1790690690,42.74
1790690693,42.78
1790690696,43.47
1790690699,96.47
1790690702,96.42
1790690705,96.38
1790690708,96.33
1790690711,96.32
1790690714,96.31
1790690717,96.32
1790690720,96.34
1790690723,96.36
1790690726,96.38
1790690729,96.40
1790690732,96.42
1790690735,96.46
1790690738,111.13
1790690741,113.71
1790690744,113.43
1790690747,113.37
1790690750,110.69
1790690753,105.04
1790690756,100.31
1790690759,94.31
1790690762,88.27
1790690765,81.69
1790690768,55.74
1790690771,55.76
1790690774,55.83
1790690777,55.82
1790690780,55.77
1790690783,55.90
1790690786,55.98
1790690789,55.94
1790690792,56.02
1790690795,56.21
1790690798,57.11
1790690801,45.58
1790690804,45.39
1790690807,11.77
1790690810,16.16
1790690813,81.42
1790690816,50.81
1790690819,23.01
1790690822,20.37
1790690825,50.62
1790690828,40.69
1790690831,40.73
1790690834,31.18
1790690837,10.22
1790690840,10.22
1790690843,10.08
1790690846,10.01
1790690849,10.81
1790690852,51.25
1790690855,19.18
1790690858,49.87
1790690861,9.21
1790690864,18.67
1790690867,51.46
1790690870,19.00
1790690874,53.87
1790690877,50.70
1790690880,49.42
1790690883,49.19
1790690886,49.31
1790690889,49.37
1790690892,8.92
1790690895,11.75
1790690898,81.59
1790690901,42.75
1790690904,42.46
1790690907,42.46
1790690910,42.56
1790690913,42.98
1790690916,96.17
1790690919,96.17
1790690922,96.17
1790690925,96.30
1790690928,96.31
1790690931,96.31
1790690934,96.35
1790690937,96.36
1790690940,96.38
1790690943,96.38
1790690946,96.39
1790690949,96.41
1790690952,96.43
1790690955,110.89
1790690958,113.74
1790690961,113.45
1790690964,113.39
1790690967,112.47
1790690970,108.33
1790690973,102.11
1790690976,96.16
1790690979,90.38
1790690982,84.02
1790690985,79.26
1790690988,79.20
1790690991,79.14
1790690994,79.12
1790690997,79.24
1790691000,79.24
1790691003,80.94
1790691006,79.63
1790691009,77.20
1790691012,75.87
1790691015,75.88
1790691018,76.15
1790691021,74.43
1790691024,71.06
1790691027,71.37
1790691030,78.66
1790691033,78.55
1790691036,78.74
1790691039,75.03
1790691042,75.02
1790691045,75.30
1790691048,75.63
1790691051,96.32
1790691054,96.31
1790691057,96.30
1790691060,96.33
1790691063,96.34
1790691066,96.35
1790691069,96.38
1790691072,96.40
1790691075,96.42
1790691078,96.45
1790691081,96.47
1790691084,96.49
1790691087,96.50
1790691090,102.84
1790691093,113.91
1790691096,113.66
1790691099,113.54
1790691102,113.27
1790691105,109.09
1790691109,102.86
1790691112,97.64
1790691115,91.10
1790691118,84.08
1790691121,55.25
1790691124,54.79
1790691127,54.96
1790691130,55.15
1790691133,55.21
1790691136,55.35
1790691139,55.49
1790691142,55.67
1790691145,55.97
1790691148,56.15
1790691151,56.14
1790691154,56.69
1790691157,45.19
1790691160,45.20
1790691163,10.70
1790691166,16.06
1790691169,60.55
1790691172,50.89
1790691175,20.53
1790691178,71.12
1790691181,51.01
1790691184,40.92
1790691187,40.65
1790691190,21.41
1790691193,10.13
1790691196,10.27
1790691199,10.02
1790691202,10.03
1790691205,10.79
1790691208,51.22
1790691211,19.63
1790691214,49.87
1790691217,24.67
1790691220,18.68
1790691223,51.48
1790691226,19.72
1790691229,53.67
1790691232,49.49
1790691235,49.21
1790691238,48.98
1790691241,49.13
1790691244,49.16
1790691247,9.62
1790691250,11.91
1790691253,23.88
1790691256,42.94
1790691259,42.78
1790691262,42.86
1790691265,42.88
1790691268,42.93
1790691271,96.32
1790691274,96.29
1790691277,96.25
1790691280,96.22
1790691283,96.24
1790691286,96.25
1790691289,96.26
1790691292,96.28
1790691295,96.30
1790691298,96.32
1790691301,96.34
1790691304,96.36
1790691307,96.38
1790691310,96.40
1790691313,109.36
1790691316,113.97
1790691319,113.69
1790691322,113.63
1790691325,112.80
1790691328,109.00
1790691331,102.25
1790691334,97.25
1790691337,91.08
1790691340,84.67
1790691343,56.09
1790691346,55.83
1790691349,55.94
1790691352,55.99
1790691355,56.04
1790691358,56.03
1790691361,56.02
1790691364,56.20
1790691367,56.27
1790691370,56.36
1790691373,56.30
1790691376,73.98
1790691379,45.52
1790691382,45.59
1790691385,21.45
1790691388,16.27
1790691391,51.17
1790691394,50.88
1790691397,20.39
1790691400,51.07
1790691403,41.16
1790691406,41.18
1790691409,40.97
1790691412,10.58
1790691416,10.28
1790691419,63.69
1790691422,19.86
1790691425,81.98
1790691428,20.24
1790691431,10.00
1790691434,10.48
1790691437,71.27
1790691440,20.09
1790691443,82.02
1790691446,80.56
1790691449,49.35
1790691452,49.06
1790691455,49.07
1790691458,49.11
1790691461,21.51
1790691464,11.97
1790691467,12.11
1790691470,43.21
1790691473,42.86
1790691476,42.63
1790691479,42.72
1790691482,42.75
1790691485,66.41
1790691488,96.34
1790691491,96.31
1790691494,96.29
1790691497,96.37
1790691500,96.39
1790691503,96.43
1790691506,96.45
1790691509,96.47
1790691512,96.50
1790691515,96.52
1790691518,96.54
1790691521,96.57
1790691524,96.59
1790691527,96.60
1790691530,96.66
1790691533,113.91
1790691536,113.74
1790691539,113.62
1790691542,112.13
1790691545,105.87
1790691548,99.91
1790691551,93.71
1790691554,87.15
1790691557,64.46
1790691560,56.08
1790691563,55.99
1790691566,56.04
1790691569,55.99
1790691572,56.20
1790691575,56.17
1790691578,56.27
1790691581,56.36
1790691584,56.58
1790691587,56.48
1790691590,56.99
1790691593,45.42
1790691596,45.16
1790691599,24.32
1790691602,16.16
1790691605,51.17
1790691608,50.87
1790691611,20.54
1790691614,60.66
1790691617,50.55
1790691620,40.55
1790691623,40.60
1790691626,18.33
1790691629,9.98
1790691632,18.90
1790691635,30.39
1790691638,20.03
1790691641,46.29
1790691644,18.55
1790691647,18.94
1790691650,51.47
1790691653,19.44
1790691656,53.70
1790691659,49.38
1790691662,49.38
1790691665,49.38
1790691668,49.32
1790691671,49.37
1790691674,10.91
1790691677,9.86
1790691680,9.92
1790691683,10.68
1790691686,43.45
1790691689,43.11
1790691692,42.96
1790691695,42.98
1790691698,42.77
1790691701,96.56
1790691704,96.51
1790691707,96.47
1790691710,96.43
1790691713,96.68
1790691716,96.67
1790691719,96.68
1790691722,96.67
1790691725,96.67
1790691728,96.67
1790691731,96.67
1790691734,96.67
1790691737,96.67
1790691740,96.67
1790691743,96.67
1790691747,96.67
1790691750,96.71
1790691753,114.07
1790691756,113.85
1790691759,113.66
1790691762,113.45
1790691765,109.90
1790691768,104.35
1790691771,99.47
1790691774,93.41
1790691777,86.99
1790691780,79.60
1790691783,79.34
1790691786,79.47
1790691789,79.50
1790691792,79.50
1790691795,79.58
1790691798,79.83
1790691801,79.69
1790691804,77.43
1790691807,77.53
1790691810,75.98
1790691813,76.28
1790691816,74.58
1790691819,72.93
1790691822,71.31
1790691825,78.86
1790691828,78.65
1790691831,78.69
1790691834,75.21
1790691837,75.18
1790691840,75.18
1790691843,75.16
1790691846,96.48
1790691849,96.47
1790691852,96.46
1790691855,96.44
1790691858,96.44
1790691861,96.47
1790691864,96.47
1790691867,96.49
1790691870,96.49
1790691873,96.51
1790691876,96.52
1790691879,96.53
1790691882,96.54
1790691885,96.54
1790691888,96.54
1790691891,111.16
1790691894,113.93
1790691897,113.59
1790691900,113.49
1790691903,109.12
1790691906,103.03
1790691909,97.12
1790691912,90.55
1790691916,83.73
1790691919,55.58
1790691922,55.33
1790691925,55.56
1790691928,55.55
1790691931,55.67
1790691934,55.72
1790691937,55.87
1790691940,56.08
1790691943,56.35
1790691946,56.44
1790691949,56.39
1790691952,72.30
1790691955,45.51
1790691958,45.33
1790691961,10.41
1790691964,10.35
1790691967,10.87
1790691970,51.26
1790691973,51.03
1790691976,20.01
1790691979,50.52
1790691982,40.39
1790691985,40.34
1790691988,40.39
1790691991,10.70
1790691994,9.80
1790691997,9.75
1790692000,9.15
1790692003,71.27
1790692006,18.84
1790692009,27.86
1790692012,28.60
1790692015,18.65
1790692018,48.45
1790692021,19.05
1790692024,53.81
1790692027,49.38
1790692030,49.41
1790692033,49.39
1790692036,49.32
1790692039,49.43
1790692042,18.91
1790692045,11.80
1790692048,56.11
1790692051,42.63
1790692054,42.34
1790692057,42.28
1790692060,42.33
1790692063,43.07
1790692066,96.11
1790692069,96.09
1790692072,96.07
1790692075,96.34
1790692078,96.34
1790692081,96.70
1790692084,96.70
1790692087,96.71
1790692090,96.68
1790692093,96.68
1790692096,96.69
1790692099,96.69
1790692102,96.70
1790692105,96.70
1790692108,111.30
1790692111,114.00
1790692114,113.65
1790692117,113.36
1790692120,109.11
1790692123,103.08
1790692126,98.04
1790692129,92.09
1790692132,85.45
1790692135,55.79
1790692138,55.27
1790692141,55.53
1790692144,55.69
1790692147,55.74
1790692150,55.74
1790692153,55.76
1790692156,55.82
1790692159,56.06
1790692162,56.17
1790692165,56.14
1790692168,76.47
1790692171,45.02
1790692174,44.89
1790692177,15.54
1790692180,60.78
1790692183,50.70
1790692186,20.46
1790692189,67.98
1790692192,50.52
1790692195,40.50
1790692198,40.36
1790692201,19.03
1790692204,10.14
1790692207,10.10
1790692210,9.94
1790692213,10.05
1790692216,10.69
1790692219,51.08
1790692222,20.05
1790692225,49.88
1790692228,23.71
1790692231,18.45
1790692234,51.19
1790692237,20.02
1790692240,53.60
1790692243,49.40
1790692246,49.39
1790692249,49.40
1790692252,49.39
1790692255,49.43
1790692258,9.31
1790692261,12.13
1790692264,80.97
1790692267,43.28
1790692270,42.97
1790692273,42.99
1790692276,43.02
1790692279,43.27
1790692282,96.57
1790692285,96.53
1790692288,96.49
1790692291,96.45
1790692294,96.73
1790692297,96.73
1790692300,96.73
1790692303,96.73
1790692307,96.73
1790692310,96.72
1790692313,96.70
1790692316,96.68
1790692319,96.66
1790692322,96.66
1790692325,100.98
1790692328,114.48
1790692331,114.24
1790692334,114.07
1790692337,109.61
1790692340,102.90
1790692343,97.49
1790692346,90.95
1790692349,84.56
1790692352,55.90
1790692355,55.64
1790692358,56.06
1790692361,56.10
1790692364,56.02
1790692367,56.13
1790692370,56.27
1790692373,56.29
1790692376,56.35
1790692379,56.31
1790692382,56.35
1790692385,69.47
1790692388,45.31
1790692391,45.33
1790692394,15.91
1790692397,51.11
1790692400,50.85
1790692403,20.04
1790692406,82.48
1790692409,50.61
1790692412,40.67
1790692415,40.80
1790692418,41.30
1790692421,10.30
1790692424,10.19
1790692427,50.92
1790692430,19.94
1790692433,49.86
1790692436,8.66
1790692439,18.39
1790692442,50.96
1790692445,19.54
1790692448,53.87
1790692451,49.69
1790692454,49.68
1790692457,49.67
1790692460,49.64
1790692463,49.47
1790692466,8.57
1790692469,11.77
1790692472,72.27
1790692475,43.00
1790692478,42.70
1790692481,42.74
1790692484,42.85
1790692487,43.26
1790692490,96.87
1790692493,96.81
1790692496,96.77
1790692499,96.74
1790692502,96.69
1790692505,96.69
1790692508,96.69
1790692511,96.70
1790692514,96.71
1790692517,96.71
1790692520,96.71
1790692523,96.70
1790692526,96.71
1790692529,96.72
1790692532,111.34
1790692535,113.95
1790692538,113.65
1790692541,113.57
1790692544,111.32
1790692547,106.65
1790692550,101.43
1790692553,94.73
1790692556,88.80
1790692559,82.28
1790692562,79.70
1790692565,79.75
1790692568,79.63
1790692571,79.64
1790692574,79.67
1790692577,79.58
1790692580,79.77
1790692583,77.58
1790692586,77.76
1790692589,76.09
1790692592,76.13
1790692595,76.38
1790692598,74.74
1790692601,71.35
1790692604,71.64
1790692607,78.87
1790692610,78.77
1790692613,78.97
1790692616,75.12
1790692619,75.08
1790692622,75.28
1790692625,75.58
1790692628,96.27
1790692631,96.28
1790692634,96.29
1790692637,96.43
1790692640,96.45
1790692643,96.46
1790692646,96.49
1790692650,96.51
1790692653,96.61
1790692656,96.61
1790692659,96.61
1790692662,96.61
1790692665,96.61
1790692668,96.64
1790692671,113.96
1790692674,113.76
1790692677,113.64
1790692680,113.31
1790692683,106.80
1790692686,101.32
1790692689,95.36
1790692692,88.52
1790692695,73.78
1790692698,55.55
1790692701,55.42
1790692704,55.72
1790692707,55.66
1790692710,55.63
1790692713,55.88
1790692716,56.05
1790692719,56.24
1790692722,56.24
1790692725,56.36
1790692728,56.51
1790692731,69.51
1790692734,45.30
1790692737,31.42
1790692740,15.46
1790692743,50.68
1790692746,50.70
1790692749,20.90
1790692752,51.17
1790692755,41.58
1790692758,41.02
1790692761,40.80
1790692764,12.73
1790692768,10.01
1790692771,82.33
1790692774,25.13
1790692777,20.59
1790692780,39.22
1790692783,18.55
1790692786,18.50
1790692789,51.05
1790692792,20.92
1790692795,53.88
1790692798,49.39
1790692801,49.09
1790692804,49.12
1790692807,49.10
1790692810,49.20
1790692813,12.36
1790692816,9.81
1790692820,9.84
1790692823,10.13
1790692826,43.32
1790692829,43.11
1790692832,43.11
1790692835,43.09
1790692838,43.09
1790692841,43.83
1790692844,96.66
1790692847,96.64
1790692850,96.61
1790692853,96.73
1790692856,96.73
1790692859,96.74
1790692862,96.74
1790692865,96.74
1790692868,96.73
1790692871,96.73
1790692874,96.73
1790692877,96.73
1790692880,96.74
1790692883,96.74
1790692886,96.77
1790692889,114.07
1790692892,113.92
1790692895,113.67
1790692898,112.46
1790692901,107.85
1790692904,102.03
1790692907,96.38
1790692910,90.00
1790692913,83.76
1790692916,55.76
1790692919,55.60
1790692922,55.89
1790692925,55.91
1790692928,55.90
1790692931,56.04
1790692934,56.14
1790692937,56.22
1790692940,56.21
1790692943,56.31
1790692946,56.56
1790692949,69.62
1790692952,45.19
1790692955,35.41
1790692958,15.53
1790692961,50.79
1790692964,50.79
1790692967,21.01
1790692970,51.00
1790692973,41.09
1790692976,40.81
1790692979,40.85
1790692982,11.37
1790692985,9.97
1790692988,10.07
1790692991,10.00
1790692994,9.95
1790692997,79.18
1790693000,21.36
1790693003,20.65
1790693006,29.74
1790693009,18.53
1790693012,26.23
1790693015,31.36
1790693018,20.12
1790693021,53.49
1790693024,49.03
1790693027,48.87
1790693030,48.92
1790693033,48.89
1790693036,36.41
1790693039,12.00
1790693042,12.17
1790693045,43.27
1790693048,42.91
1790693051,42.94
1790693054,42.74
1790693057,42.83
1790693060,96.88
1790693063,96.84
1790693066,96.80
1790693069,96.76
1790693072,96.74
1790693075,96.72
1790693078,96.74
1790693081,96.74
1790693084,96.73
1790693087,96.73
1790693090,96.73
1790693093,96.73
1790693096,96.73
1790693100,96.73
1790693103,96.75
1790693106,114.07
1790693109,114.04
1790693112,113.67
1790693115,111.77
1790693118,106.67
1790693121,101.83
1790693124,95.47
1790693127,89.39
1790693130,74.19
1790693133,55.73
1790693136,55.78
1790693139,56.07
1790693142,55.92
1790693145,55.93
1790693148,56.12
1790693151,56.15
1790693154,56.06
1790693157,56.02
1790693160,56.19
1790693163,56.52
1790693166,61.26
1790693169,44.97
1790693172,24.53
1790693175,15.86
1790693178,50.62
1790693181,50.39
1790693184,20.94
1790693187,50.83
1790693190,40.79
1790693193,40.52
1790693196,40.55
1790693199,11.60
1790693202,10.30
1790693205,59.56
1790693208,19.91
1790693211,74.43
1790693214,19.55
1790693217,9.95
1790693220,10.11
1790693223,51.01
1790693226,19.71
1790693229,59.19
1790693232,53.95
1790693235,48.98
1790693238,49.06
1790693241,49.23
1790693244,49.27
1790693247,10.17
1790693250,10.13
1790693253,9.73
1790693256,9.91
1790693259,17.28
1790693262,43.43
1790693265,43.12
1790693268,43.02
1790693271,43.05
1790693274,42.75
1790693277,96.17
1790693280,96.13
1790693283,96.11
1790693286,96.09
1790693289,96.24
1790693292,96.44
1790693295,96.46
1790693298,96.48
1790693301,96.51
1790693304,96.53
1790693307,96.55
1790693310,96.57
1790693313,96.60
1790693316,96.62
1790693319,96.64
1790693322,111.25
1790693326,113.94
1790693329,113.65
1790693332,113.53
1790693335,111.26
1790693338,106.60
1790693341,101.33
1790693344,94.72
1790693347,88.69
1790693350,74.28
1790693353,79.49
1790693356,79.66
1790693359,79.70
1790693362,79.77
1790693365,79.82
1790693368,79.77
1790693371,81.43
1790693374,79.99
1790693377,77.64
1790693380,76.07
1790693383,76.40
1790693386,76.38
1790693389,74.86
1790693392,71.51
1790693395,71.37
1790693398,78.87
1790693401,78.96
1790693404,78.87
1790693407,75.50
1790693410,75.50
1790693413,75.44
1790693416,75.65
1790693419,96.59
1790693422,96.57
1790693425,96.54
1790693428,96.54
1790693431,96.51
1790693434,96.52
1790693437,96.52
1790693440,96.52
1790693443,96.51
1790693446,96.52
1790693449,96.52
1790693452,96.52
1790693455,96.52
1790693458,96.53
1790693461,109.47
1790693464,113.92
1790693467,113.57
1790693470,113.48
1790693473,112.77
1790693476,109.15
1790693479,102.57
1790693482,97.05
1790693485,90.44
1790693488,83.73
1790693491,55.58
1790693494,55.33
1790693497,55.46
1790693500,55.49
1790693503,55.52
1790693506,55.52
1790693509,55.66
1790693512,55.83
1790693515,56.10
1790693518,56.24
1790693521,56.18
1790693524,56.77
1790693527,45.25
1790693530,45.08
1790693533,11.55
1790693536,16.57
1790693539,50.90
1790693542,38.56
1790693545,21.35
1790693548,51.01
1790693551,40.88
1790693554,40.60
1790693557,40.64
1790693560,15.14
1790693563,10.02
1790693569,10.01
1790693573,17.75
1790693576,34.45
1790693579,20.33
1790693582,49.81
1790693585,18.55
1790693588,18.97
1790693591,51.49
1790693594,19.56
1790693597,53.91
1790693600,49.42
1790693603,49.10
1790693606,49.13
1790693609,49.10
1790693612,49.15
1790693615,21.17
1790693618,11.80
1790693621,66.63
1790693624,42.97
1790693627,42.73
1790693630,42.76
1790693633,42.83
1790693636,43.10
1790693639,96.14
1790693642,96.12
1790693645,96.10
1790693648,96.08
1790693651,96.08
1790693654,96.55
1790693658,96.75
1790693662,96.75
1790693665,96.73
1790693668,96.73
1790693671,96.73
1790693674,96.73
1790693677,96.73
1790693680,96.75
1790693683,113.99
1790693686,113.88
1790693689,113.66
1790693692,113.57
1790693695,110.22
1790693698,104.55
1790693701,99.21
1790693704,93.07
1790693707,86.60
1790693710,58.57
1790693713,55.51
1790693716,55.69
1790693719,55.74
1790693722,55.71
1790693725,55.84
1790693728,55.94
1790693731,55.93
1790693734,56.01
1790693737,56.12
1790693740,56.30
1790693743,56.72
1790693746,45.36
1790693749,45.19
1790693752,21.22
1790693755,15.81
1790693758,50.54
1790693761,50.33
1790693764,20.98
1790693767,50.95
1790693770,40.85
1790693773,40.56
1790693776,40.62
1790693779,11.60
1790693782,10.01
1790693785,10.02
1790693788,9.95
1790693791,10.06
1790693794,12.70
1790693797,47.31
1790693800,20.33
1790693803,49.89
1790693806,20.30
1790693809,18.81
1790693812,51.48
1790693815,19.81
1790693818,53.79
1790693821,49.36
1790693824,49.05
1790693827,49.10
1790693830,49.09
1790693833,49.15
1790693836,9.06
1790693839,11.83
1790693842,80.61
1790693845,42.74
1790693848,42.45
1790693851,42.58
1790693854,42.67
1790693857,42.90
1790693860,96.14
1790693863,96.13
1790693866,96.13
1790693869,96.14
1790693872,96.18
1790693875,96.23
1790693878,96.27
1790693881,96.32
1790693884,96.35
1790693887,96.39
1790693890,96.43
1790693893,96.71
1790693896,96.73
1790693899,96.73
1790693902,111.27
1790693905,114.00
1790693908,113.71
1790693911,113.60
1790693914,109.19
1790693917,102.77
1790693920,97.22
1790693923,90.95
1790693926,85.36
1790693929,55.86
1790693932,55.53
1790693935,55.59
1790693938,55.76
1790693942,55.82
1790693945,55.82
1790693948,55.82
1790693951,55.90
1790693954,56.13
1790693957,56.25
1790693960,56.22
1790693963,82.05
1790693966,45.11
1790693969,44.90
1790693972,15.26
1790693975,60.49
1790693978,50.46
1790693981,20.53
1790693984,75.12
1790693987,50.65
1790693990,40.74
1790693993,40.46
1790693996,28.74
1790693999,10.05
1790694002,10.70
1790694005,51.08
1790694008,20.18
1790694011,49.77
1790694014,9.85
1790694017,10.01
1790694020,37.74
1790694023,25.64
1790694026,20.58
1790694029,53.81
1790694032,49.31
1790694035,49.03
1790694038,49.08
1790694041,49.03
1790694044,39.66
1790694047,12.05
1790694050,11.96
1790694053,43.23
1790694056,42.94
1790694059,42.74
1790694062,42.76
1790694065,42.79
1790694068,43.53
1790694071,96.37
1790694074,96.35
1790694077,96.34
1790694080,96.31
1790694083,96.34
1790694086,96.36
1790694089,96.73
1790694092,96.73
1790694095,96.73
1790694098,96.72
1790694101,96.72
1790694104,96.72
1790694107,96.71
1790694110,96.71
1790694113,111.39
1790694116,114.06
1790694119,113.74
1790694122,113.61
1790694125,107.89
1790694128,101.85
1790694131,95.53
1790694134,89.64
1790694137,74.34
1790694140,79.70
1790694143,79.80
1790694146,79.60
1790694149,79.49
1790694152,79.53
1790694155,79.62
1790694158,79.89
1790694161,79.77
1790694164,77.65
1790694167,76.87
1790694170,76.12
1790694173,76.50
1790694176,74.86
1790694179,73.19
1790694182,71.42
1790694185,79.17
1790694188,78.93
1790694191,79.11
1790694194,79.03
1790694197,75.42
1790694200,75.34
1790694203,75.61
1790694206,86.29
1790694209,96.58
1790694212,96.55
1790694215,96.51
1790694218,96.50
1790694221,96.51
1790694224,96.53
1790694227,96.56
1790694230,96.58
1790694233,96.58
1790694236,96.59
1790694239,96.59
1790694242,96.60
1790694245,96.60
1790694248,111.43
1790694251,114.02
1790694254,113.68
1790694257,113.59
1790694260,111.06
1790694263,106.79
1790694266,100.44
1790694269,93.89
1790694272,87.18
1790694275,73.23
1790694278,55.12
1790694281,55.02
1790694284,55.30
1790694287,55.32
1790694290,55.53
1790694293,55.68
1790694296,55.82
1790694299,55.84
1790694302,55.98
1790694305,56.19
1790694308,56.67
1790694311,49.89
1790694314,45.03
1790694317,21.11
1790694320,15.72
1790694323,50.41
1790694326,50.19
1790694329,20.88
1790694333,50.80
1790694336,50.52
1790694339,40.71
1790694342,40.76
1790694345,27.04
1790694348,10.25
1790694351,9.03
1790694354,18.58
1790694357,30.94
1790694360,19.53
1790694363,47.08
1790694366,18.46
1790694369,51.23
1790694372,19.27
1790694375,53.92
1790694378,49.41
1790694381,49.40
1790694384,49.38
1790694387,49.36
1790694390,49.40
1790694393,20.71
1790694396,11.80
1790694399,64.96
1790694402,42.99
1790694405,42.72
1790694408,42.76
1790694411,42.81
1790694414,43.05
1790694417,96.41
1790694420,96.37
1790694423,96.32
1790694426,96.29
1790694429,96.28
1790694432,96.75
1790694435,96.75
1790694438,96.72
1790694441,96.72
1790694444,96.73
1790694447,96.73
1790694450,96.73
1790694453,96.73
1790694456,109.04
1790694459,113.99
1790694462,113.72
1790694465,113.62
1790694468,113.17
1790694471,109.14
1790694474,102.78
1790694477,97.61
1790694480,91.30
1790694483,85.13
1790694486,55.89
1790694489,55.61
1790694492,55.79
1790694495,55.96
1790694498,56.01
1790694501,55.93
1790694504,55.94
1790694507,56.15
1790694510,56.22
1790694513,56.32
1790694516,56.26
1790694519,74.18
1790694522,45.09
1790694525,44.94
1790694528,15.47
1790694531,59.04
1790694534,50.65
1790694537,11.09
1790694540,21.64
1790694543,50.45
1790694546,40.54
1790694549,40.27
1790694552,40.34
1790694555,10.04
1790694558,10.34
1790694561,9.92
1790694564,9.92
1790694567,10.45
1790694570,56.67
1790694573,20.20
1790694576,72.83
1790694579,19.27
1790694582,18.53
1790694585,75.38
1790694588,20.41
1790694591,71.15
1790694594,81.70
1790694597,49.32
1790694600,49.04
1790694603,49.04
1790694606,49.07
1790694609,32.59
1790694612,12.03
1790694615,12.21
1790694618,43.30
1790694621,42.96
1790694624,42.99
1790694627,42.78
1790694630,42.87
1790694633,96.47
1790694636,96.45
1790694639,96.44
1790694642,96.41
1790694645,96.39
1790694648,96.43
1790694651,96.45
1790694654,96.48
1790694657,96.50
1790694660,96.50
1790694663,96.52
1790694666,96.54
1790694669,96.57
1790694672,96.59
1790694675,96.64
1790694678,111.29
1790694681,113.92
1790694684,113.60
1790694687,113.54
1790694690,110.88
1790694693,103.62
1790694696,98.22
1790694700,92.38
1790694703,86.08
1790694706,63.29
1790694709,55.76
1790694712,55.61
1790694715,55.65
1790694718,55.82
1790694721,55.87
1790694724,55.91
1790694727,55.86
1790694730,55.92
1790694733,56.13
1790694736,56.14
1790694739,56.58
1790694742,45.05
1790694745,45.29
1790694748,14.73
1790694751,82.38
1790694754,50.92
1790694757,28.36
1790694760,21.46
1790694763,50.97
1790694766,40.89
1790694769,40.98
1790694772,41.00
1790694775,12.78
1790694778,10.53
1790694781,51.27
1790694784,19.93
1790694787,49.45
1790694790,11.31
1790694793,18.41
1790694796,51.22
1790694799,20.19
1790694802,65.32
1790694805,64.98
1790694808,49.26
1790694811,49.00
1790694814,49.14
1790694817,48.98
1790694820,17.40
1790694823,11.56
1790694826,11.86
1790694829,42.80
1790694832,42.46
1790694835,42.49
1790694838,42.52
1790694841,42.55
1790694844,96.74
1790694847,96.41
1790694850,96.37
1790694853,96.32
1790694856,96.31
1790694859,96.31
1790694862,96.31
1790694865,96.31
1790694868,96.31
1790694871,96.30
1790694874,96.30
1790694877,96.30
1790694880,96.28
1790694883,96.29
1790694886,96.30
1790694889,109.39
1790694892,113.99
1790694895,113.64
1790694898,113.52
1790694901,111.24
1790694904,104.05
1790694907,98.73
1790694910,92.60
1790694913,86.78
1790694916,79.34
1790694919,79.05
1790694922,79.28
1790694925,79.23
1790694928,79.26
1790694931,79.34
1790694934,79.47
1790694937,79.22
1790694940,77.08
1790694943,77.15
1790694946,75.49
1790694949,75.79
1790694952,74.06
1790694955,73.94
1790694958,70.71
1790694961,79.40
1790694964,78.35
1790694967,78.44
1790694970,78.40
1790694973,74.56
1790694976,74.81
1790694979,74.78
1790694982,96.24
1790694985,95.90
1790694988,95.94
1790694991,95.94
1790694994,95.98
1790694997,96.04
1790695000,96.07
1790695003,96.10
1790695006,96.13
1790695009,96.14
1790695012,96.15
1790695015,96.16
1790695019,96.16
1790695022,96.16
1790695025,96.15
1790695028,110.88
1790695031,113.99
1790695034,113.60
1790695037,113.44
1790695040,111.10
1790695043,106.41
1790695046,101.57
1790695049,95.14
1790695052,88.38
1790695055,71.55
1790695058,54.77
1790695061,54.72
1790695064,55.04
1790695067,54.90
1790695070,54.99
1790695073,55.23
1790695076,55.39
1790695079,55.54
1790695082,55.57
1790695085,55.68
1790695088,55.72
1790695091,68.99
1790695094,44.57
1790695097,43.55
1790695100,15.41
1790695103,50.58
1790695106,50.63
1790695109,21.47
1790695112,55.51
1790695115,50.99
1790695118,40.79
1790695121,40.52
1790695124,19.86
1790695127,10.07
1790695130,10.04
1790695135,10.03
1790695138,78.07
1790695141,26.43
1790695144,20.64
1790695147,41.18
1790695150,18.55
1790695153,18.50
1790695156,51.02
1790695159,20.58
1790695162,53.85
1790695165,49.38
1790695168,49.09
1790695171,49.12
1790695174,49.12
1790695177,49.18
1790695180,9.30
1790695183,12.15
1790695186,73.07
1790695189,43.33
1790695192,43.02
1790695195,43.03
1790695198,43.12
1790695201,43.33
1790695204,96.56
1790695207,96.53
1790695210,96.50
1790695213,96.47
1790695216,96.46
1790695219,96.50
1790695222,96.51
1790695225,96.54
1790695228,96.56
1790695231,96.57
1790695234,96.59
1790695237,96.61
1790695240,96.65
1790695243,96.67
1790695246,96.68
1790695249,96.69
1790695252,96.70
1790695255,107.20
1790695259,114.06
1790695262,113.74
1790695265,113.62
1790695268,110.85
1790695271,104.97
1790695274,100.47
1790695277,94.20
1790695280,87.71
1790695283,81.64
1790695286,56.08
1790695289,56.16
1790695292,56.10
1790695295,56.08
1790695298,56.00
1790695301,56.12
1790695304,56.22
1790695307,56.32
1790695310,56.25
1790695313,56.32
1790695316,56.54
1790695319,69.93
1790695322,45.67
1790695325,34.69
1790695328,16.02
1790695331,50.99
1790695334,50.99
1790695337,20.65
1790695340,51.10
1790695343,46.86
1790695346,40.95
1790695349,40.69
1790695352,10.24
1790695355,9.95
1790695358,79.87
1790695361,20.62
1790695364,20.36
1790695367,33.66
1790695370,18.55
1790695373,23.41
1790695376,36.38
1790695379,20.10
1790695382,53.46
1790695385,49.02
1790695388,48.92
1790695391,49.06
1790695394,48.95
1790695397,48.92
1790695400,12.02
1790695403,12.12
1790695406,43.22
1790695409,42.88
1790695412,42.62
1790695415,42.75
1790695418,42.80
1790695421,96.54
1790695424,96.50
1790695427,96.46
1790695430,96.41
1790695433,96.39
1790695436,96.39
1790695439,96.39
1790695442,96.39
1790695445,96.41
1790695448,96.42
1790695451,96.45
1790695454,96.47
1790695457,96.49
1790695460,96.51
1790695463,96.53
1790695466,96.55
1790695469,96.57
1790695472,96.58
1790695475,106.90
1790695478,113.88
1790695481,113.63
1790695484,113.56
1790695487,113.13
1790695490,109.12
1790695493,102.83
1790695496,97.13
1790695499,90.93
1790695502,84.62
1790695505,56.15
1790695508,55.90
1790695511,56.15
1790695514,55.96
1790695517,56.02
1790695520,55.98
1790695523,55.97
1790695526,56.15
1790695529,56.18
1790695532,56.19
1790695535,56.18
1790695538,72.13
1790695541,45.12
1790695544,44.94
1790695547,15.23
1790695550,55.47
1790695553,50.78
1790695556,21.38
1790695559,74.70
1790695562,50.58
1790695565,40.66
1790695568,40.72
1790695571,28.35
1790695574,10.06
1790695577,10.85
1790695580,51.16
1790695583,19.98
1790695586,49.68
1790695589,22.69
1790695592,18.31
1790695595,51.03
1790695598,20.20
1790695601,53.91
1790695604,49.39
1790695607,49.08
1790695610,48.83
1790695613,49.11
1790695616,49.18
1790695619,9.86
1790695623,9.78
1790695627,10.43
1790695630,10.91
1790695633,43.16
1790695636,42.84
1790695639,42.77
1790695642,42.83
1790695645,42.71
1790695648,96.50
1790695651,96.48
1790695654,96.40
1790695657,96.37
1790695660,96.35
1790695663,96.40
1790695666,96.44
1790695669,96.44
1790695672,96.49
1790695675,96.52
1790695678,96.55
1790695681,96.57
1790695684,96.59
1790695687,96.64
1790695690,96.62
1790695693,99.53
1790695696,114.39
1790695699,114.19
1790695702,114.06
1790695705,109.86
1790695708,103.47
1790695711,97.95
1790695714,91.82
1790695717,85.90
1790695720,80.10
1790695723,79.94
1790695726,79.98
1790695729,79.86
1790695732,79.81
1790695735,79.77
1790695738,79.91
1790695741,80.02
1790695744,77.80
1790695747,77.90
1790695750,76.26
1790695753,76.32
1790695756,76.46
1790695759,74.75
1790695762,71.42
1790695765,71.39
1790695768,78.85
1790695771,79.01
1790695774,78.78
1790695777,75.36
1790695780,75.26
1790695783,75.28
1790695786,75.21
1790695789,96.18
1790695792,96.16
1790695795,96.16
1790695798,96.25
1790695801,96.27
1790695804,96.36
1790695807,96.40
1790695810,96.44
1790695813,96.53
1790695816,96.54
1790695819,96.55
1790695822,96.55
1790695825,96.55
1790695828,96.55
1790695831,96.56
1790695834,96.56
1790695837,96.56
1790695840,111.31
1790695843,114.42
1790695846,114.10
1790695849,113.47
1790695852,105.71
1790695855,100.88
1790695858,94.98
1790695861,88.25
1790695864,69.22
1790695867,55.68
1790695870,55.56
1790695873,55.65
1790695876,55.71
1790695879,55.56
1790695882,55.80
1790695885,55.94
1790695888,56.11
1790695891,56.24
1790695894,56.38
1790695897,56.36
1790695900,77.68
1790695903,45.23
1790695906,45.33
1790695909,15.39
1790695912,69.17
1790695915,50.60
1790695918,21.27
1790695921,22.20
1790695924,50.98
1790695927,41.04
1790695930,40.79
1790695933,40.63
1790695937,10.08
1790695947,10.06
1790695950,10.49
1790695953,51.31
1790695956,19.83
1790695959,72.52
1790695962,19.62
1790695965,18.47
1790695968,32.39
1790695971,28.50
1790695974,19.43
1790695977,53.86
1790695980,49.22
1790695983,49.34
1790695986,49.41
1790695989,49.28
1790695992,49.61
1790695995,14.25
1790695998,12.43
1790696001,48.20
1790696004,43.17
1790696007,42.87
1790696010,42.89
1790696013,42.98
1790696016,43.55
1790696019,96.56
1790696022,114.28
1790696025,118.78
1790696028,118.81
1790696031,118.85
1790696034,118.91
1790696037,118.95
1790696040,118.51
1790696043,118.59
1790696046,118.60
1790696049,118.62
1790696052,118.64
1790696055,118.42
1790696058,118.45
1790696061,118.48
1790696064,118.15
1790696067,117.83
1790696070,115.02
1790696073,109.53
1790696076,108.11
1790696079,106.68
1790696082,105.29
1790696085,103.92
1790696088,102.51
1790696091,101.14
1790696094,99.76
1790696097,98.37
1790696100,97.02
1790696103,95.15
1790696106,94.24
1790696109,93.15
1790696112,92.90
1790696115,91.69
1790696118,91.55
1790696121,91.35
1790696124,91.17
1790696127,91.05
1790696130,90.79
1790696133,90.64
1790696136,90.60
1790696139,90.60
1790696142,90.59
1790696145,90.58
1790696148,90.58
1790696151,90.56
1790696154,90.53
1790696157,90.49
1790696160,90.49
1790696163,90.49
1790696166,90.50
1790696170,90.48
1790696173,90.47
1790696176,90.56
1790696179,90.55
1790696182,90.55
1790696185,90.55
1790696188,90.55
1790696191,104.04
1790696194,112.30
1790696197,107.86
1790696200,107.89
1790696203,107.91
1790696206,108.07
1790696209,106.28
1790696212,106.31
1790696215,92.63
1790696218,90.49
1790696221,90.54
1790696224,65.08
1790696227,65.64
1790696230,65.82
1790696233,65.72
1790696236,65.78
1790696239,65.94
1790696242,65.90
1790696245,66.05
1790696248,66.61
1790696251,66.44
1790696254,66.34
1790696257,66.11
1790696260,66.19
1790696263,66.37
1790696266,66.27
1790696269,66.16
1790696272,66.26
1790696275,66.21
1790696278,66.09
1790696281,66.09
1790696284,66.14
1790696287,66.30
1790696290,66.36
1790696293,66.28
1790696296,91.72
1790696299,66.36
1790696302,66.18
1790696305,66.11
1790696308,66.23
1790696311,66.39
1790696314,66.32
1790696317,66.37
1790696320,66.45
1790696323,66.33
1790696326,66.14
1790696329,66.07
1790696332,66.19
1790696335,66.30
1790696338,66.21
1790696341,84.31
1790696344,61.73
1790696347,86.31
1790696350,29.78
1790696353,3.57
1790696356,2.56
1790696359,2.16
1790696362,2.41
1790696365,91.79
1790696368,34.65
1790696371,30.28
1790696374,30.14
1790696377,30.17
1790696380,30.22
1790696383,92.02
1790696386,91.94
1790696389,91.90
1790696392,91.87
1790696395,91.96
1790696398,92.26
1790696401,92.24
1790696404,92.23
1790696407,92.21
1790696410,92.23
1790696413,92.21
1790696417,92.22
1790696420,92.23
1790696423,92.22
1790696426,92.21
1790696429,92.20
1790696432,92.20
1790696435,92.19
1790696438,92.19
1790696441,92.17
1790696444,92.17
1790696447,92.18
1790696450,92.18
1790696453,92.18
1790696456,92.17
1790696459,92.17
1790696462,92.16
1790696465,92.17
1790696468,92.16
1790696471,92.16
1790696474,92.17
1790696478,92.18
1790696481,99.88
1790696484,114.83
1790696487,114.51
1790696490,107.97
1790696493,90.57
1790696496,64.78
1790696499,64.73
1790696502,64.88
1790696505,64.81
1790696508,64.74
1790696511,64.95
1790696514,64.93
1790696517,65.46
1790696520,72.24
1790696523,65.42
1790696526,65.33
1790696529,65.44
1790696532,65.40
1790696535,65.60
1790696538,65.64
1790696541,65.57
1790696544,65.62
1790696547,65.46
1790696550,65.37
1790696553,65.32
1790696556,65.41
1790696559,65.61
1790696562,65.70
1790696565,65.65
1790696568,65.84
1790696571,65.70
1790696574,65.71
1790696577,65.63
1790696580,65.69
1790696583,65.87
1790696586,65.80
1790696589,65.85
1790696592,65.77
1790696595,65.69
1790696598,65.74
1790696601,65.68
1790696604,65.81
1790696607,65.91
1790696610,65.89
1790696613,61.39
1790696616,61.26
1790696619,47.56
1790696622,3.35
1790696625,2.70
1790696628,2.92
1790696631,61.04
1790696634,30.81
1790696637,30.53
1790696640,30.74
1790696643,92.52
1790696646,92.35
1790696649,92.33
1790696652,92.30
1790696655,92.25
1790696658,92.23
1790696661,92.67
1790696664,92.67
1790696667,92.65
1790696670,92.65
1790696673,92.65
1790696676,92.64
1790696679,92.62
1790696682,92.62
1790696685,92.63
1790696689,92.62
1790696692,92.63
1790696695,92.62
1790696698,92.62
1790696701,92.61
1790696704,92.62
1790696707,92.62
1790696710,92.61
1790696713,92.61
1790696716,92.62
1790696719,92.62
1790696722,92.61
1790696725,92.61
1790696728,92.61
1790696731,114.09
1790696734,115.30
1790696737,115.17
1790696740,111.73
1790696743,103.11
1790696746,65.60
1790696749,65.35
1790696752,65.50
1790696755,65.46
1790696758,65.36
1790696761,65.37
1790696764,65.31
1790696767,65.27
1790696770,66.62
1790696773,66.40
1790696776,66.31
1790696779,66.49
1790696782,66.58
1790696785,66.47
1790696788,66.58
1790696791,66.68
1790696794,66.87
1790696797,66.52
1790696800,66.30
1790696803,66.38
1790696806,66.43
1790696809,66.33
1790696812,66.43
1790696815,66.51
1790696818,66.54
1790696821,66.31
1790696824,66.10
1790696827,66.23
1790696830,66.30
1790696833,66.25
1790696836,66.41
1790696839,66.46
1790696842,66.39
1790696845,66.20
1790696848,66.13
1790696851,66.19
1790696854,66.26
1790696857,66.21
1790696860,66.39
1790696863,69.78
1790696866,61.66
1790696869,59.39
1790696872,4.04
1790696875,3.09
1790696878,3.04
1790696881,62.09
1790696884,31.08
1790696887,30.79
1790696890,30.98
1790696893,92.84
1790696896,92.79
1790696899,92.78
1790696902,92.76
1790696905,92.71
1790696908,92.97
1790696911,92.98
1790696914,92.98
1790696917,92.98
1790696920,92.98
1790696923,92.98
1790696926,92.97
1790696929,92.96
1790696932,92.98
1790696935,92.99
1790696938,92.99
1790696941,92.99
1790696944,93.02
1790696947,93.02
1790696950,93.02
1790696954,93.01
1790696957,93.01
1790696960,93.01
1790696963,93.02
1790696966,93.02
1790696969,93.02
1790696972,93.01
1790696975,105.38
1790696978,115.68
1790696981,115.04
1790696984,109.40
1790696987,91.56
1790696990,85.82
1790696993,79.56
1790696996,75.72
1790696999,75.51
1790697002,75.42
1790697005,75.51
1790697008,75.60
1790697011,75.71
1790697014,75.95
1790697017,76.23
1790697020,76.26
1790697023,76.34
1790697026,76.58
1790697029,76.48
1790697032,76.65
1790697035,76.43
1790697038,76.37
1790697041,76.44
1790697044,76.49
1790697047,76.53
1790697050,76.59
1790697053,76.64
1790697056,76.60
1790697059,76.52
1790697062,76.69
1790697065,76.75
1790697068,76.80
1790697071,76.84
1790697074,76.75
1790697077,76.79
1790697080,76.76
1790697083,76.75
1790697086,76.78
1790697089,78.75
1790697092,77.76
1790697095,77.82
1790697098,77.85
1790697101,74.33
1790697104,69.80
1790697107,69.56
1790697110,69.74
1790697113,92.62
1790697116,92.59
1790697119,92.56
1790697122,92.51
1790697125,92.47
1790697128,92.56
1790697131,92.57
1790697134,92.61
1790697137,92.62
1790697140,92.63
1790697143,92.64
1790697146,92.64
1790697149,92.64
1790697152,92.65
1790697155,92.65
1790697159,92.65
1790697162,92.65
1790697165,92.66
1790697168,92.66
1790697171,92.67
1790697174,92.66
1790697177,92.67
1790697180,92.66
1790697183,92.66
1790697186,92.65
1790697189,92.65
1790697192,92.65
1790697195,92.65
1790697198,92.88
1790697201,115.71
1790697204,115.89
1790697207,115.91
1790697210,115.93
1790697213,115.98
1790697216,116.00
1790697219,116.02
1790697222,116.03
1790697225,116.05
1790697228,116.06
1790697231,116.07
1790697234,116.07
1790697237,116.08
1790697240,116.08
1790697243,116.08
1790697246,116.08
1790697249,116.08
1790697252,116.08
1790697255,116.09
1790697258,116.08
1790697261,116.08
1790697264,116.08
1790697267,116.08
1790697270,116.08
1790697273,116.08
1790697276,116.08
1790697279,116.08
1790697282,116.08
1790697285,116.09
1790697288,116.09
1790697291,116.09
1790697294,116.10
1790697297,116.09
1790697300,116.09
1790697303,116.09
1790697306,116.09
1790697309,116.09
1790697312,116.08
1790697315,116.09
1790697318,116.07
1790697321,116.06
1790697324,116.06
1790697327,116.07
1790697330,116.07
1790697333,115.67
1790697336,115.95
1790697339,115.99
1790697342,116.03
1790697345,116.05
1790697348,116.09
1790697351,116.11
1790697354,116.14
1790697357,116.16
1790697360,116.19
1790697363,116.20
1790697366,116.22
1790697369,116.22
1790697372,116.21
1790697375,116.21
1790697378,116.21
1790697381,116.20
1790697384,116.20
1790697387,116.19
1790697390,116.19
1790697393,116.19
1790697396,116.18
1790697399,116.20
1790697402,116.19
1790697405,116.19
1790697408,116.19
1790697411,116.18
1790697414,116.18
1790697417,116.18
1790697420,116.18
1790697423,116.18
1790697426,116.18
1790697429,116.19
1790697432,116.19
