(tensor([ 4340,   311, 81303,  ...,  1218,    36,  1843], dtype=torch.int32), 'agentic')

(tensor([ 7498,    17,    25,  ..., 29751, 67421,    12], dtype=torch.int32), 'agentic')

(tensor([   50,    18, 19127,  ..., 11691, 39792, 26723], dtype=torch.int32), 'agentic')

(tensor([16041, 59046,    25,  ...,   646,  1172,   614], dtype=torch.int32), 'agentic')

(tensor([   35, 84903,  7993,  ...,  5009,  1341,   284], dtype=torch.int32), 'agentic')

(tensor([  7916,    287,   9488,   7525,    389,    274,   3563,  38003,   4267,
          4963,    198,    565,  25148,   4008,    871,   2212,  75789,     14,
         13014,   9488,   7525,    525,    537,   7248,    389,  38003,   4267,
          4963,     13,    320,   6865,   3690,    448,    364,   7928,  94041,
             6,   5975,   7229,    565,   3321,  16724,    320,   4197,  31390,
          2438,     11,    892,   5711,  72394,    594,    328,   9497,  19127,
          1212,    279,  27126,   7229,     63,   8634,   2438,    274,   3563,
           912,  63359,   4686,  74203,   1177,   9230,  12890,  52461,     12,
         43847,  23980,   1177,   9230,  10599,  38003,   4267,   1177,  14073,
          5309,     28,   2271,   5668,     11,   1130,     28,   2271,   5668,
            63,   8562,    565,    220,    472,  20995,    389,   1380,   2513,
          3537,  23277,   8419,     11,    498,   3278,   1477,    429,    369,
           279,    364,  91956,   4267,      6,   5101,    943,     11,    458,
           330,   7928,  94041,      1,   1465,    374,   2677,   9223,    979,
           279,   5101,    943,    374,    330,  91956,   4267,      1,   3224,
          2428,   1110,   5204,    905,  23239,     76,   2072,   3183,   2072,
         34654,  23240,   3183,   2072,  86876,     76,  20227,   7197,      2,
            43,  98729,     22,     16,    871,    201,   1022,  13481,   1177,
         12875,    264,   3183,   2072,   2687,     18,  20227,   7197,    293,
          3183,   2072,   2687,     18,  20227,   7197,    198,   4421,    264,
          3183,   2072,   2687,     18,  20227,   7197,    198,  62289,    293,
          3183,   2072,   2687,     18,  20227,   7197,    198,  19155,    481,
         99446,     17,     19,     11,     22,    488,  99446,     17,     19,
            11,     22,  22250,    707,   1304,   2327,  60566,    715,    260,
           671,  27317,  15609,   5036,    311,   2692,  28261,     13,   1096,
           374,   1483,    311,  24449,    279,   4734,    328,     18,  29586,
           198,    260,    671,   9958,    279,  15609,    323,    311,  10301,
           279,   4185,  15609,   4473,    624,     12,    286,    656,  71081,
         55291,     25,   6451,  17282,     11,    607,     60,    284,   5613,
            10,    286,    656,  71081,  55291,     25,  29019,  17282,     11,
           607,     60,    284,   5613,  31770,    274,     18,   3895,   1412,
           284,    328,     18,  29586,  13439,   1006,  13481,   1177,  12875,
           264,   3183,   2072,  86876,     76,  20227,   7197,    293,   3183,
          2072,  86876,     76,  20227,   7197,    198,   4421,    264,   3183,
          2072,  86876,     76,  20227,   7197,    198,  62289,    293,   3183,
          2072,  86876,     76,  20227,   7197,    198,  19155,    481, 100759,
            16,     11,     21,    488, 100759,     16,     11,     24,  22250,
           707,    716,   7067,  17935,   1819,   8377,    842,   1006,    338,
          4828,  13873,  94041,    741,   1797,    770,    510,    338,    470,
           198,     10,    286,   4409,   5101,   1819,    621,    330,  91956,
          4267,   4660,     10,    310,    421,   5101,    842,    537,    304,
           656,  67618,    510,     10,    394,   4828,  13873,  94041,    741,
           260,   4409,   5101,   1819,    537,    304,   2399,   1797,    671,
          3703,   1110,     65,   2072,     18,  28668,    905,   5457,     16,
         84881,  10503,  32989,  65300,  22201,  86876,     76,   2564,      2,
          1220,     44,  11710,   4850,  16319,   5673,  17935,    198,   1797,
           330,  27103,   2523,    756,  19155,    481, 124080,     21,     11,
            21,    488, 124080,     24,     11,     22,  22250,    707,   1855,
           717,  24485,  12565,   1006,    260,   9696,   6917,     25,    526,
           345,    260,   1191,   4164,     25,    607,    345,    260,    835,
          4164,     25,    607,    345,     10,    286,   9488,     25,  12250,
         51653,     58,  13439,  17282,     11,    607,   5053,   1259,    257,
           873,   1464,    607,    510,    260,   3190,    260,  14674,    264,
         13395,   3241,     13,   2308,   1465,  11584,    476,   1946,  10514,
           702,   1012,  11532,   3602,    624,  19155,    481, 124618,     17,
            11,     21,    488, 124618,     21,     11,  98965,  22250,    707,
          1855,    717,  24485,  12565,   1006,   1797,    835,   4164,    345,
           260,   1727,    260,    656,  67618,     58,   5507,   1764,     60,
           284,   3241,    198,  16911,     10,    286,    421,   9488,    510,
            10,    310,   3241,  16319,    284,    314,     83,   1183,   1592,
         57327,    259,   1183,   1130,   1341,    369,    259,    304,   9488,
           532,     10,    310,    656,   1364,  16319,   2346,  17935,    445,
         91956,   4267,    497,   3241,   1764,     11,   3241,  16319,    340,
         16911,    260,    470,   3241,   1764,  26723,    257,    707,    633,
           717,  24485,  12565,   1193,     11,   3241,    842,     25,    607,
             8,   1464,  36773,  91956,   4267,    510,  13481,   1177,  12875,
           264,   3183,   2072,  86876,     76,  32280,  22589,   7197,    293,
          3183,   2072,  86876,     76,  32280,  22589,   7197,    198,   4421,
           264,   3183,   2072,  86876,     76,  32280,  22589,   7197,    198,
         62289,    293,   3183,   2072,  86876,     76,  32280,  22589,   7197,
           198,  19155,    481,     19,  99146,     11,     21,    488,     19,
         99146,     11,     22,  22250,    707,   1855,    717,  24485,  12565,
          1193,      8,   1464,    607,    510,    260,   9696,   6917,    284,
           656,   1436,    455,   4042,   4090,    445,  32066,   6446,   1138,
           260,   1191,   4164,    284,    656,   1436,    455,   4090,    445,
         44272,   1138,    260,    835,   4164,    284,    656,   1436,    455,
          4090,    445,  48157,   1138,     10,    286,   9488,    284,    656,
          1436,    455,   4090,    445,  15918,   1138,    260,   3241,    842,
           284,    656,    514,   3563,  39792,   2520,    717,  24485,  12565,
          1006,   1797,    829,  39029,    345,   1797,   4008,     28,   8613,
           345,  19155,    481,     19, 100557,     11,     21,    488,     19,
        101175,     11,     22,  22250,    707,   1855,    717,  24485,  12565,
          1193,      8,   1464,    607,    510,   1797,   9696,   6917,  14140,
          8795,   6917,    345,   1797,   1191,   4164,  55248,   4164,    345,
          1797,    835,   4164,  61089,   4164,    345,     10,    310,   9488,
            28,  14073,    345,    260,   1727,    260,    470,   2951,  21477,
         16846,   4267,    764,    788,   3241,    842,   3518,    715],
       dtype=torch.int32), 'agentic')

(tensor([  3474,     25,   7860,    814,  82658,    537,  11584,   3239,   1376,
          4682,  12434,    198,   4498,   3259,    264,  17519,     78,   3239,
           429,  42222,    264,  61661,  16364,  50171,   2348,    264,  23078,
           897,     11,  72394,  26261,    419,  12307,    448,    902,   4265,
            11,    714,   1931,  23182,   4963,   7850,    432,    438,   8317,
            13,   1096,   5420,    264,   9871,    304,   1039,   3239,  12212,
           311,    633,   3267,   1039,   1273,  54794,   1573,   1660,  10563,
           553,   2086,   6430,   7497,  17799,   8686,   2943,   2038,   2834,
         73022,    319,   2972,    284,  60353,     18,   6581,    445,     67,
         82658,   6060,   2972,   4786,   7805,    414,  81123,    428,   2408,
          5237,   4723,    414,   5309,  10542,   9591,   4649,   4480,   3097,
         14140,    635,  33935,   3142,   4723,    414,  16364,   3907,   7979,
         15771,      2,   4480,   3097,    788,    330,   1313,  45157,    220,
          8615,  73022,    871,  22692,    304,    279,   1931,   1879,    320,
            76,   2072,   3787,    902,   5975,   5783,  73022,    319,   6331,
           509,    460,  25581,  11710,   1454,     25,   1527,   1465,  10012,
           320,  13790,   1354,      8,    979,   8097,    279,  11356,   5666,
            25,  13873,   2971,    304,   5309,  10542,   9591,     25,  28708,
          7035,   5036,   1483,    304,    825,   2971,    319,  73022,  26156,
             6,  19890,      6,   2038,    320,  74347,    304,   1931,  29967,
          1218,  73022,    319,   2972,    284,  60353,     18,   6581,    445,
            67,  82658,   6060,   2972,   4786,   7805,    262,  81123,    428,
          2408,   5237,   4723,    262,   5309,  10542,   9591,   4649,   4480,
          3097,  30372,    957,   4723,    262,  16364,   3907,   7979,  15771,
             2,   4480,   3097,    788,    330,   1313,  45157,    262,  16364,
          3907,   6227,    284,    314,    788,    957,    788,   5212,     50,
           788,    330,   7974,   9204,   1771,   1218,  73022,    871,   2121,
           358,   3535,    432,     11,    264,  61661,   7035,    829,    646,
          1172,    387,   7707,    448,    264,  61661,   7035,    897,     13,
           432,    374,    458,  11810,   1946,    311,   9425,    448,    264,
         23078,   1946,     13,   1096,   1231,    387,   4152,    311,    279,
          6672,   1948,   3347,  11586,    323,   1550,  11586,   8238,    320,
          2428,   1110,   8634,  18240,    905,   3470,  22026,  41370,  25734,
           500,   5503,  32073,   5522,   1737,  82658,  35302,  30497,   4075,
         50474,    714,    358,   1079,    537,  11280,   3322,    448,    279,
         17519,     78,  96899,    311,   1414,    369,   2704,  31841,   8876,
         52376,   3110,   2834,  73022,    319,   4197,   7860,    814,  82658,
         21080,    262,   2943,    284,  60353,     18,   6581,    445,     67,
         82658,    497,   5537,   1269,    428,    355,  39292,     12,     16,
          6060,    262,   2943,   2520,   5237,   7805,    286,  16734,  50210,
          5818,    319,    310,   5212,  50171,    788,    330,    606,    497,
           330,   3907,    929,    788,    330,     50,  45157,    310,   5212,
         50171,    788,    330,   1313,    497,    330,   3907,    929,    788,
           330,     50,  45157,    286,  34171,    286,  81123,    428,   2408,
          5237,   4723,    286,   5309,   8631,   5818,    319,    310,   5212,
         50171,    788,    330,   1313,    497,    330,  97136,    788,    330,
         70177,  45157,    310,   5212,  50171,    788,    330,    606,    497,
           330,  97136,    788,    330,     49,  11498,  45157,    286,  34171,
           286,  71894,   3636,    428,  59481,  10612,  14444,   4723,    262,
         52185,    262,   2943,   4786,   7805,    286,  81123,    428,   2408,
          5237,   4723,    286,   5309,  10542,   9591,   4649,   4480,   3097,
         14140,    635,   3142,   4723,    286,  16364,   3907,   7979,  15771,
             2,   4480,   3097,    788,    330,   1313,  45157,    262,   8615,
         73022,    319,    201,   1022,  13481,   1177,  12875,    264,   3183,
          2072,   3446,  82658,   4322,  28498,  68362,  27563,  27972,   7197,
           293,   3183,   2072,   3446,  82658,   4322,  28498,  68362,  27563,
         27972,   7197,    198,   4421,    264,   3183,   2072,   3446,  82658,
          4322,  28498,  68362,  27563,  27972,   7197,    198,  62289,    293,
          3183,   2072,   3446,  82658,   4322,  28498,  68362,  27563,  27972,
          7197,    198,  19155,    481, 102781,     11,  98965,    488, 102781,
            11,  98965,  22250,    707,   4715,  27972,   1006,   1797,    671,
          5175,    792,    284,    549,    307,    323,   3378,    792,    284,
           549,   4886,    198,   1797,    671,   1383,  74800,   1797,    421,
          1482,  35064,    621,  13451,  80998,   2402,  11233,  28428,   7476,
           510,     12,    394,   1376,   9143,   2057,   1006,     12,    503,
          7493,  16773,   9143,    670,   1006,     12,    664,   1482,  66210,
            11,   5212,     50,    788,   1482,  66210,    532,     10,    394,
           421,   1482,  66210,    537,    304,   7493,  16773,   9143,    510,
            10,    503,   4828,  14553,  13790,   1354,   1006,     10,    664,
           330,   7928,   2971,    304,   5309,  10542,   9591,     25,  28708,
          7035,   5036,   1483,    304,    825,   2971,    698,   3824,   1727,
            12,    394,   1727,     10,    394,   1376,   9143,   2057,  48027,
         16773,   9143,  25687,  66210,   2546,    338,   3059,   2057,   1188,
           792,   1269,     11,  12307,     11,   1376,   9143,   1171,    338,
          1438,    198,    260,    421,   1560,    406,   9229,    621,  33417,
           510], dtype=torch.int32), 'agentic')

(tensor([ 2212,  5021,  1091,  ..., 17777,  7347,    43], dtype=torch.int32), 'agentic')

(tensor([   35, 84903,  3506,  ...,  1509,    25,  5739], dtype=torch.int32), 'agentic')

(tensor([ 28818,   2507,    537,   5927,    553,    328,     18,   1968,   1633,
           508,  12747,   1681,    921,    785,    328,     18,   1968,   1633,
          1618,   1265,    470,  26220,   2507,   1212,   1045,  13153,  17799,
          2132,    594,    537,   8035,    504,    279,   5333,  26257,   1128,
          1846,  13153,    525,     11,    714,    358,   3003,  12504,    432,
           304,    508,     65,   2072,    220,     18,  99366,     22,   9529,
          2428,   1110,   5204,    905,   3470,   2072,   3470,   2072,     18,
         38537,     14,     18,  99366,     22,    568,    871,  28818,   2507,
          1265,    387,   5927,    421,    323,   1172,    421,    279,   1633,
           572,    264,   7299,  27941,   8134,     11,    353,    437,      9,
          3660,   2833,    572,   5823,    304,    438,    458,   5693,  17799,
          9109,    429,    419,    374,    279,   1760,    315,    678,   5479,
            11,    432,    374,    537,    458,   1687,    315,   3660,   2833,
         17799,   2461,    264,   3175,  27941,   8134,     11,    419,   2070,
           374,   2677,  39227,  17799,     40,   8987,    944,  10062,    279,
         13569,   7709,    320,     76,   2072,    476,  60353,      8,    315,
           633,   5314,  17799,  73022,    319,    474,  60353,     18,    319,
          1499,  46165,   1159,  46165,    319,   1499,  72394,   1159,   7860,
           643,     18,   8562,  30293,    284,    364,  22863,  13334,  63924,
         16821,   9735,    792,    284,    364,   1944,  56305,  94864,  27941,
         46775,  16695,    643,     18,   1005,   2468,   3568,     65,   2072,
            18,   6581,    492,     82,     18,   1823,   3182,  38541,   7805,
           262,  47471,  22031,  11147,   1871,    262,   4230,  35836,   7688,
          1165,    319,    286,    364,   4707,  17863,   1210,    364,    391,
          1331,    283,  14749,     12,     17,   9735,    262,   9874,   7229,
           871,   2972,    284,  60353,     18,   6581,    492,     82,     18,
           863,   8562,   2322,    284,   2943,   2520,    717,  18175,  21639,
          7805,    262,  47471,  22031,  11147,   1871,    262,   5309,  85863,
          1871,   7229,    307,    284,   2033,    677,  13835,    764,  96440,
          2413,  33057,    284,    220,     17,    319,  18223,    284,  79351,
          1958,    281,    304,   2088,      7,     16,  35248,  33057,     10,
            16,  55626,    262,   2033,    284,   2943,  32250,  10490,   7805,
           286,  13949,  22031,      6,     87,      6,    353,    320,     20,
           353,    320,  98668,   3070,    220,     22,  11979,   1871,    286,
         47471,  22031,  11147,   1871,    286,   5309,  85863,   1871,    286,
          3660,   2833,  17363,   1871,    286,  24920,    764,  45744,   1871,
           262,   8615,   6421,    262,   5479,   2057,  18718,    286,    364,
          1348,    351,   1210,   2033,    677,   1348,    351,  30273,    286,
           364,   5800,   2833,   1210,    281,    319,    262,  90515,   2972,
         42683,    717,  18175,  21639,   7805,    262,  47471,  22031,  11147,
          1871,    262,   5309,  85863,   1871,    262,    386,  18175,  13835,
          1165,    319,    286,    364,  28818,   1210,   5479,    319,    262,
          9874,    262,  24920,    764,  45744,   1871,  33753,  18214,    284,
          2943,  16028,   5314,   5349,  11147,  22031,  11147,     11,   5309,
         85863,     11,   3660,   2833,     28,     16,   7229,      2,   1493,
         54470,   1494,    319,   2207,    364,  28818,   2507,      6,    304,
          9036,    319,   2207,   9036,    677,  28818,   2507,    660,    621,
           281,    319,   2207,   9036,    677,  28818,   2507,    660,    961,
           220,     16,    671,   2155,    311,   3660,   2833,   1392,    319,
         73022,    871,     40,   2776,   1667,    871,     65,   2072,     18,
          6526,    220,     16,     13,  99243,     13, 101130,    319,   6331,
           509,    460,   3502,    220,     16,     13,  99146,     13, 101130,
           319,     76,   2072,   4597,    220,     17,     13,     17,     13,
         99317,   8562,   1986,    374,    825,    315,   1846,   2513,    429,
           525,   4658,    537,    429,   2989,     13,    384,   1302,     13,
           432,    594,    537,   2989,   3322,    369,    752,    311,   3270,
           264,   8574,     13,    358,   2776,   1101,   8391,    432,    773,
           429,    432,    594,   3881,     11,    323,    421,   4325,    770,
         13710,    432,   2989,    807,    646,   3270,    279,   8574,   4192,
         13481,   1177,  12875,    264,   3183,   2072,   2687,     18,  32280,
         22589,   7197,    293,   3183,   2072,   2687,     18,  32280,  22589,
          7197,    198,   4421,    264,   3183,   2072,   2687,     18,  32280,
         22589,   7197,    198,  62289,    293,   3183,   2072,   2687,     18,
         32280,  22589,   7197,    198,  19155,    481, 123006,     24,     11,
            21,    488, 123006,     24,     11,  98886,  22250,    707,    716,
           792,   9651,  13130,   1193,     11,  15609,   1269,     11,   3239,
            11,   1376,   1269,     11,   7102,    982,   1797,    421,    421,
         31357,  10703,    323,   1376,  38624,    351,    621,    421,  31357,
         10703,    510,    338,    470,    220, 120911,     11,   2033,  26633,
            11,    330,   2623,  28948,    698,    715,     10,    310,    421,
           949,   5500,    510,     10,    394,   2480,   3097,    284,    656,
         36993,  16028,   5314,  58527,   1269,     11,   1376,   1269,     11,
          2319,    842,    340,     10,    394,    421,   2480,   3097,  89858,
           510,     10,    503,  10485,  10490,   3180,    284,    607,   6901,
         28804,   3097,  89858,  23455,   1607,   1171,     10,    503,   2033,
         26633,   1183,     87,  32073,     89,     12,   1307,  91701,  26495,
          1341,    284,  10485,  10490,   3180,    198,  16911,   1797,    470,
           220,  98867,     11,   2033,  26633,     11,   8388,    260,    770,
           510,   1797,    470,    220,  99698,     19,     11,   2033,  26633,
            11,   8388], dtype=torch.int32), 'agentic')

(tensor([ 27900,   5537,   6243,    374,    537,   7248,    198,  13041,   1871,
          9306,   4460,    311,    738,    279,   5537,    315,    279,  90980,
          2943,     11,    432,   4977,   1075,    432,    374,    537,   6243,
           279,   5537,  12434,    323,   1101,  16657,    311,    279,   3644,
          5537,     13,   2529,   2132,   4977,   1075,    419,    374,    264,
          9871,   8879,    304,    419,   1034,   2834,   2428,   1110,   5204,
           905,  23239,     76,   2072,   3183,   2072,  34654,  23240,   3183,
          2072,   2687,    288,  32280,  22589,   7197,    304,   1555,    220,
         99367,   1380,    279,   5537,   5221,    738,    311,   3644,   4518,
           315,    656,  42731,    438,   3884,   1588,   2834,   2428,   1110,
          5204,    905,  23239,     76,   2072,   3183,   2072,  34654,  23240,
          3183,   2072,   2687,   4412,  32280,  22589,   7197,    389,   1555,
           220,  99619,   3224,     40,   1079,   5023,   1667,   2319,    220,
            16,     13,  99146,     13, 101562,     13,    201,   1022,  13481,
          1177,  12875,    264,   3183,   2072,   2687,    288,  20227,   7197,
           293,   3183,   2072,   2687,    288,  20227,   7197,    198,   4421,
           264,   3183,   2072,   2687,    288,  20227,   7197,    198,  62289,
           293,   3183,   2072,   2687,    288,  20227,   7197,    198,  19155,
           481, 115925,     11,     22,    488, 115925,     11,     22,  22250,
           536,  90980,  29586,  22170,  29586,    982,    715,    260,    504,
         72394,   4871,   1159,  11949,  38623,   3450,    198,    260,    504,
         72394,    514,    288,   1159,  15525,   3895,   1412,    198,     12,
           286,  15525,  39792,    284,  15525,   3895,   1412,     58,  17264,
         38623,   3450,   9863,   9748,   7026,     10,    286,  15525,  39792,
           284,  15525,   3895,   1412,     58,  17264,  38623,   3450,   1457,
          3943,    921,    260,   6605,    284,  15525,  39792,  48372,  23363,
           671,   3208,  23363,    374,    264,   1759,    315,   4856,   6171,
         26723,    257,   7036,    429,     11,    438,    419,    374,    458,
          5306,   5333,     11,    279,   4734,   3561,   1231,   1745,    817,
         10790,    624,  19155,    481,  99618,     17,     11,     21,    488,
         99618,     17,     11,     19,  22250,    707,    633,  45965,  83550,
         18211,   1193,     11,  39207,   5856,    982,    260,    470,   8200,
          3710,  45965,  26723,    715,   1331,    288,   3895,   1412,     25,
         38239,  17282,     11,  90980,  29586,     60,    284,  54890,  13439,
          1006,     12,    262,  90980,  29586,     11,    330,   9272,    497,
           990,    880,   2072,     18,  57639,   5608,     11,   5107,  57639,
         27870,   9748,   7026,     12,    340,     10,   9272,   3895,   1412,
            25,  38239,  17282,     11,  90980,  29586,     60,    284,  54890,
         13439,      7,  27900,  29586,     11,    330,   9272,   1138,  13481,
          1177,  12875,    264,   3183,   2072,   2687,    288,  32280,  22589,
          7197,    293,   3183,   2072,   2687,    288,  32280,  22589,   7197,
           198,   4421,    264,   3183,   2072,   2687,    288,  32280,  22589,
          7197,    198,  62289,    293,   3183,   2072,   2687,    288,  32280,
         22589,   7197,    198,  19155,    481,  98965,     11,     22,    488,
         98965,     11,     22,  22250,    707,   1304,   2327,   3804,    721,
           982,    715,    257,    569,   3699,    198,    257,    707,  19127,
          1193,    982,     12,    286,    470,  15525,   3895,   1412,  14317,
          4952,  13491,   9863,   9748,   7026,     10,    286,    470,  15525,
          3895,   1412,  14317,   4952,  13491,   1457,    721,  42731,    921,
           715,    257,    707,  10141,   9169,  45965,   1193,    982,    260,
          2621,    284,    656,   4786,    917,    670,    445,  79344,  17116,
            15,    921], dtype=torch.int32), 'agentic')

(tensor([ 4542, 21908, 26261,  8317,  1946,   323,  1221, 14515,   198,   785,
         2701,  1618,   374, 11660,   553, 72394,  1565,  4542, 21908,    63,
        82698,   714, 15580, 23182,  1465,   374, 10892,   871, 73022,   319,
          310,   656,  4523, 52363,  8178,  7440, 21908,  7805,   394,  8598,
          764,    28, 85027,  1269,  1871,   394, 33748,  4267,   641, 20514,
           28,    15,  1871,   394, 11726,  6435, 25959,   693,  7449,  3618,
         1871,   310,  8615, 73022,   871, 11204,    11,  2937,  2337,  1618,
          311,  3698, 21908,   315, 23182, 65099,    11,   458,  4683,   374,
        14977,  2834,    63,  2082,  1465, 10012,   320,  7928,  4971,  1354,
            8,   979,  8097,   279, 10423, 19736,  5666,    25,   576, 33748,
         4267,   641, 20514,   897,  1969,   387,  1948,   220,    22,   323,
          220, 99064,  2849,   320, 97530,   568,    63,  1406, 13481,  1177,
        12875,   264,  3183,  2072, 59173, 52363, 13289, 20227,  7197,   293,
         3183,  2072, 59173, 52363, 13289, 20227,  7197,   198,  4421,   264,
         3183,  2072, 59173, 52363, 13289, 20227,  7197,   198, 62289,   293,
         3183,  2072, 59173, 52363, 13289, 20227,  7197,   198, 19155,   481,
           22, 99619,    11,    22,   488,    22, 99619,    11,    22, 22250,
          707,  3698, 21908,  1006,   260,  5344, 11348, 39688, 90709,    25,
         1807,   345,   257,   873,  1464, 24547, 17282,    11,   607,    11,
         2224, 10338,   715,    12,   286,   421, 13342, 12565,  1243, 28254,
          323,  2399,    10,   286,   421, 13342, 12565,  1243, 28254,   374,
          537,  2240,   323,  2399,  1797, 13342, 12565,  1243, 28254,   366,
          220,    22,   476, 13342, 12565,  1243, 28254,   861,   220, 99064,
          198,   260, 20988,  1797,  4828, 13873,  4971,  1354,  1006],
       dtype=torch.int32), 'agentic')

(tensor([ 16041,   6951,    481,   8405,  10569,    304,   6238,   7402,    198,
            40,   2776,   4460,    311,   1273,    458,   2647,    315,    264,
          2526,   4247,    389,    458,   6238,     11,    714,    979,    358,
          1855,    279,   7981,     11,    279,   2526,  10569,   2070,    374,
          2677,   4287,  28552,  13599,  17320,   1210,    220,     15,     11,
           364,   4353,   1210,   3056,  59561,   1416,    358,   2647,    279,
          7981,   2058,   3432,   1852,   4265,  17799,  73022,  12663,    319,
           474,  19867,    319,   1499,  72394,   1159,   7860,     62,   8634,
           319,   1499,  60353,     18,   1159,   2943,    871,   1040,   3393,
         25585,  19736,  36984,  31232,   5783,    262,    569,  16695,     62,
          8634,    319,    262,    707,   1273,  42735,  21908,   1193,   5783,
         64311,    286,    656,  20207,    842,    284,    364,   1944,   9735,
           286,  24043,    284,   2943,    492,  12355,   6951,  29901,    286,
          1582,    284,  24043,   2520,  41230,   7805,    310,  33746,   2648,
          1165,    319,    394,    364,  58330,   8855,   1210,    364,   1944,
          5550,    394,    364,  10672,   1210,    364,   2271,  14806,  23330,
         33746,   5550,    394,    364,   3675,   8232,  22692,   1210,    972,
           503,    364,   6397,  13290,    764,   1210,    656,  20207,    842,
          1871,    503,    364,  28174,  20646,  13816,   1210,    364,   7183,
         22289,   9735,    394,   9874,    394,    364,   5462,   1210,   3007,
          1871,    394,    364,  62285,   1330,   1210,    972,    503,    364,
         17320,   1210,    220,     16,   1871,    503,    364,   4353,   1210,
         23572,    664,    972,    999,    364,    764,   1210,    656,  20207,
           842,   1871,    999,    364,  13627,    675,   1210,    364,   8686,
           905,   5550,    999,    364,  13290,   1820,   1210,    364,    917,
          5550,    999,    364,  10263,  10569,   1210,    972,   1383,    364,
         17320,   1210,    220,     16,   1871,   1383,    364,   4353,   1210,
           508,   1666,   1920,    364,   4047,    675,   1210,    364,     55,
          7658,   1450,     12,   4047,   5550,   1920,    364,  96897,   1210,
           364, 108714, 100461,     21,   9735,   1383,    335,   6114,    999,
           335,   6526,    319,    664,   1686,    503,  47762,    394,   1686,
           310,   1686,    286,   8615,    286,   7981,   5332,   9651,    284,
         24043,    670,  41230,   5332,  55548,     28,  12205,    677,  61937,
          4181,    764,  39358,    286,   7981,   5332,    284,   7981,   5332,
          9651,    677,  61937,   2648,  28571,   8995,    286,    369,   6238,
           304,   7981,   5332,    677,  62285,   1330,   4181,   4353,    660,
          2834,    310,    421,   6238,    677,    764,    660,    621,    656,
         20207,    842,   2834,    394,   1173,  45106,    677,  10263,  10569,
          5078,    671,   5360,  17320,   1210,    220,     15,     11,    364,
          4353,   1210,   3056,  17234,    333,   1304,    606,    563,    621,
         12106,   3817,  82093,    262,  19867,   8878,   3568,  73022,    319,
          4421,    871,   2623,   2704,    421,    419,    374,    264,   9871,
            11,    264,   7402,   4565,    476,    358,   2776,   3730,   2494,
          4969,     13,  11109,    264,   2696,      0,    871,    334,  60374,
          4566,  23561,     25,  59067,     65,   2072,     18,     25,    220,
            16,     13, 101135,     13, 100461,    319,     76,   2072,     25,
           220,     20,     13,     15,     13,     17,   1406,  13481,   1177,
         12875,    264,   3183,   2072,  57405,   6951,  20227,   7197,    293,
          3183,   2072,  57405,   6951,  20227,   7197,    198,   4421,    264,
          3183,   2072,  57405,   6951,  20227,   7197,    198,  62289,    293,
          3183,   2072,  57405,   6951,  20227,   7197,    198,  19155,    481,
        114240,     11,     22,    488, 114240,     11,     21,  22250,    707,
          1304,   2327,   3804,    721,     11,   6238,     25,  29019,  17282,
            11,   5765,  22110,    260,    656,   1764,    284,   6238,   1183,
           764,   7026,    260,    656,  10998,   1269,    284,   6238,   1183,
         13627,    675,   7026,    260,    656,  20207,   2638,    284,   6238,
           670,    445,  13290,   1820,    899,    476,   8388,     12,    286,
           656,  24199,  26633,     25,   1759,  69777,     60,    284,   4167,
           260,    656,    514,     18,  12753,  45965,    284,   8388,    260,
           656,  24199,  33878,    284,   2240,    198,    260,    656,  20207,
          3712,    816,    284,   6238,    670,    445,  13290,  83405,   1138,
         19155,    481, 117305,     11,     21,    488, 109295,     11,  99367,
         22250,    707,   1304,   2327,   3804,    721,     11,   6238,     25,
         29019,  17282,     11,   5765,  22110,    260,    421,    330,  10263,
         13290,   2648,      1,    304,   6238,    510,   1797,    656,  24199,
         33878,    284,   8405,  13290,   2648,  45106,   1183,  10263,  13290,
          2648,  14099,    715,     10,    286,   2526,  26633,    284,   6238,
           670,    445,  10263,  10569,    899,    476,   5613,     10,    286,
          2526,  26633,    284,   2526,  26633,    670,    445,   4353,    899,
           476,   5613,     10,    286,   2526,  26633,    284,   2526,  26633,
           670,    445,  13290,  10263,   4047,    899,    476,   4167,     10,
           286,    421,  11397,  60870,  26633,     11,   6451,    982,     10,
           310,    671,  34529,    724,    421,   1196,   1172,  21259,    264,
          3175,   4247,    198,     10,    310,   2526,  26633,    284,    508,
          9160,  26633,    921,     10,    286,    656,  24199,  26633,    284,
          2526,  26633,    198,  16911,    715,    536,  31774,  50034,  21389,
           510,    257,    707,   1304,   2327,   3804,    721,     11,   2193,
            25,  29019,  17282,     11,   5765,  22110,  13481,   1177,  12875,
           264,   3183,   2072,  57405,   6951,  32280,  22589,   7197,    293,
          3183,   2072,  57405,   6951,  32280,  22589,   7197,    198,   4421,
           264,   3183,   2072,  57405,   6951,  32280,  22589,   7197,    198,
         62289,    293,   3183,   2072,  57405,   6951,  32280,  22589,   7197,
           198,  19155,    481, 124212,     11,     23,    488, 124212,     11,
         98668,  22250,    707,   3698,  33878,  12753,  13427,   1193,      8,
          1464,  12448,  35722,    510,   2290,    366,  17320,  11758,   6238,
         24199,  26633,     91,   4129,  11325,  17320,    397,   2290,    366,
          4353,    397,    338,  51918,    369,   4247,    220,    304,   6238,
         24199,  26633,  67421,     12,   1698,    366,   4047,    675,  11758,
          4247,  17074,   1269,  11325,   4047,    675,    397,     12,   1698,
           366,  96897,  11758,   4247,  17074,   3142,  11325,  96897,    397,
            10,   1698,    366,  13290,  10263,   4047,    397,     10,   1698,
           366,   4047,    675,  11758,   4247,    677,   4047,    675,    660,
         11325,   4047,    675,    397,     10,   1698,    366,  96897,  11758,
          4247,    677,  96897,    660,  11325,  96897,    397,     10,   1698,
           690,  13290,  10263,   4047,    397,    338,  51918,    835,   1958,
         67421,   2290,    690,   4353,    397,   1797,    690,  10263,  10569,
           397], dtype=torch.int32), 'agentic')

(tensor([ 60054,  23529,    537,   3204,    448,   2480,   6261,     45,    198,
         60054,  23529,    304,  23182,  51738,  10562,   4436,    944,   3204,
           979,   1667,    279,   2480,   6261,     45,    438,  23529,    877,
           323,    537,  37642,   1565,  18541,   6435,  25959,    693,   7449,
          3618,     63,  31841,  73022,  12663,    319,    474,  60353,     18,
           319,   1499,  72394,   1159,   7860,   3453,  52363,  13289,    871,
            31,  16695,   3453,  52363,  13289,    319,    750,   1273,  11348,
         21080,    262,   2943,    284,  60353,     18,   6581,    445,    325,
         52363,  13289,   6060,    262,   6234,    284,   2943,   2520,  21908,
         21134,    428,   1944,  30101,    262,   2943,   7440,  21908,   3759,
         50523,    764,     28,  20431,   1183,   9048,  14004,    220,    671,
          3171,    944,    975,    319,    262,   2943,   7440,  21908,   3759,
         50523,    764,     28,  20431,   1183,   9048,   7914,  11726,   6435,
         25959,    693,   7449,   3618,      8,    220,    671,   4278,    319,
           262,   2943,   7440,  21908,   3759,  50523,    764,     28,  20431,
          1183,    675,  14004,    220,    671,   4278,    319,  73022,    871,
           785,   2874,    369,    429,    374,    429,   2337,    279,  35884,
          1565,  19736,     82,   6093,    670,  53896,    374,   3709,   2598,
          2834,   2428,   1110,   5204,    905,  26648,   1111,     66,   3183,
          2072,  34654,     14,     16,     67,     22, 101723, 100614,     16,
            19,     68,     19, 100919,     22, 101478,     16,     65,     15,
            69,  98867,     67,  99317,   4385, 102284,     17, 101663,   6902,
        114495,     68,     24,   3183,   2072,  59173,  52363,  13289,  20227,
          7197,      2,     43,     22,  99317,    871,     63,  19736,     82,
          6093,    670,  53896,   4764,   4436,    944,  58763,    311,   8829,
          6261,  47069,    311,   6234,   5036,     11,   8913,  31655,    279,
          1509,  14515,    323,   3059,    304,    264,   1565,   4783,  14568,
            63,   1496,   3498,    279,   6234,   1558,   3000,   4192,  13481,
          1177,  12875,    264,   3183,   2072,  59173,  52363,  13289,  20227,
          7197,    293,   3183,   2072,  59173,  52363,  13289,  20227,   7197,
           198,   4421,    264,   3183,   2072,  59173,  52363,  13289,  20227,
          7197,    198,  62289,    293,   3183,   2072,  59173,  52363,  13289,
         20227,   7197,    198,  19155,    481, 105818,     11,     21,    488,
        105818,     11,  98668,  22250,    707,   1304,  13363,   3804,    721,
            11,   1376,    982,    260,    501,   3097,    284,    633,  21908,
          1269,   5673,     62,   1885,   4857,    340,    260,    470,   6451,
          4847,  13363,   3804,    721,     11,    501,   3097,    340,    715,
            10,    262,    707,    633,   1193,     11,   1376,     11,    353,
          2116,     11,   3070,   9670,    982,     10,    286,    501,   3097,
           284,    633,  21908,   1269,   5673,     62,   1885,   4857,    340,
            10,    286,    470,   2256,   1005,    455,   1755,   3097,     11,
           353,   2116,     11,   3070,   9670,    340,  16911,    257,    707,
          2420,   1193,     11,   1376,     11,    353,   2116,     11,   3070,
          9670,    982,    260,    501,   3097,    284,    633,  21908,   1269,
          5673,     62,   1885,   4857,    340,    260,    470,   2256,   1005,
          8373,   1755,   3097,     11,    353,   2116,     11,   3070,   9670,
           340], dtype=torch.int32), 'agentic')

(tensor([21377, 82658,    60,  ..., 22023,   982,   715], dtype=torch.int32), 'agentic')

(tensor([   58, 20317,  7365,  ...,   330,  3849,   698], dtype=torch.int32), 'agentic')

(tensor([    32,    324,   6215,   3877,  17792,  12547,   2806,   9183,  14553,
          8421,   1717,     53,     17,    198,   3830,   1128,    358,    646,
          3291,     11,  46504,   3877,  17792,   1558,    537,   1824,   8421,
          1717,     53,     17,  59270,   7688,   1075,  78984,   1558,     13,
          9183,    369,    419,   1035,    387,   2244,  27806,  13481,   1177,
         12875,    264,   3183,   2072,   7382,   5356,  20227,   7197,    293,
          3183,   2072,   7382,   5356,  20227,   7197,    198,   4421,    264,
          3183,   2072,   7382,   5356,  20227,   7197,    198,  62289,    293,
          3183,   2072,   7382,   5356,  20227,   7197,    198,  19155,    481,
        117509,     11,     21,    488, 117509,     11,     24,  22250,    707,
          1304,   2327,   3804,    721,     11,   3070,   9670,     25,   5765,
           982,    338,    330,  14141,   7931,    788,    330,  32210,   1419,
         29283,   4072,    756,    338,    330,  17381,  23642,  20494,    788,
           220, 101220,    345,   1797,    456,     10,    286,    656,  12632,
          1717,   2273,     17,  78579,  35548,    284,  16479,    670,   1006,
            10,    310,    330,   4030,   1717,   2273,     17,  78579,  35548,
           698,     10,    286,   1727,    260,    656,  40279,  30280,     25,
          1759,  17282,     60,    284,   1140,    741,    260,    656,  67729,
          1693,  10342,  33016,    284,  16479,    670,    445,   9990,   1693,
         10342,  33016,   1138,    260,    656,   4125,  25454,  15305,  38192,
         11830,     25,   1759,  17282,     60,    284,   1140,    741,  19155,
           481,     18, 100928,     11,     21,    488, 100919,     16,     11,
         98886,  22250,    707,    311,  23788,   1193,      8,   1464,    607,
           510,    338,  51918,    421,    330,  17381,  23642,  20494,      1,
           304,  10647,  15806,    287,  35548,   1018,  70261,  15331,  10222,
          7636,  11758,  10647,  15806,    287,  35548,   1183,  17381,  23642,
         20494,   1341,  11325,  15331,  10222,   7636,   7309,      4,  12324,
         67421,   2290,    690,  59270,   7688,   1731,    397,   2290,  51918,
         12324,  67421,     10,   1060,  51918,    421,  10647,  12632,   1717,
          2273,     17,  78579,  35548,  67421,     10,   1060,    366,   5475,
          1717,     53,     17,  59270,   7688,    397,     10,    394,  51918,
           421,    330,   6217,  29283,      1,    304,  10647,  12632,   1717,
          2273,     17,  78579,  35548,   1018,  70261,   6217,  29283,  11758,
         10647,  12632,   1717,   2273,     17,  78579,  35548,   1183,   6217,
         29283,   1341,  11325,   6217,  29283,   7309,      4,  12324,  67421,
            10,    394,  51918,    421,    330,   5974,  29283,      1,    304,
         10647,  12632,   1717,   2273,     17,  78579,  35548,   1018,  70261,
          5974,  29283,  11758,  10647,  12632,   1717,   2273,     17,  78579,
         35548,   1183,   5974,  29283,   1341,  11325,   5974,  29283,   7309,
             4,  12324,  67421,     10,   1060,    690,   5475,   1717,     53,
            17,  59270,   7688,    397,     10,   1060,  51918,  12324,  67421,
          2290,    314,  42728,    421,  10647,  21878,  28341,  33016,    481,
             4,    532,   2290,    366,  11640,  28576,   8713,  11758,  10647,
         21878,  28341,  33016,  11325,  11640,  28576,   8713,    397,   2290,
           314,  42728,  12324,    481,      4,    532,  13481,   1177,  12875,
           264,   3183,   2072,   7382,   5356,  32280,  22589,   7197,    293,
          3183,   2072,   7382,   5356,  32280,  22589,   7197,    198,   4421,
           264,   3183,   2072,   7382,   5356,  32280,  22589,   7197,    198,
         62289,    293,   3183,   2072,   7382,   5356,  32280,  22589,   7197,
           198,  19155,    481, 120392,     11,  99366,    488, 120392,     11,
         98886,  22250,    707,    716,    455,   8684,  24823,   6288,  36052,
          1193,      8,   1464,  29019,  17282,     11,   5765,  10338,    260,
           456,    715,    257,    707,    716,    455,   8684,  28341,  36052,
          1193,      8,   1464,  29019,  17282,     11,   5765,  10338,     10,
           286,   3628,    284,    656,   1436,    455,   6745,    741,    260,
           470,    341,   1797,    330,  52710,  92222,    788,    656,   1436,
           455,  25056,   4090,   1006,    338,    330,  51363,     57,   3154,
         80674,  12529,  15351,    698,   1797,   2837,     12,    310,    330,
         12546,  37162,  14311,  42654,  45041,    788,    656,   1436,    455,
          6745,   1005,    455,   1006,     12,    394,    330,  11079,  16041,
         14311,  50718,  86274,    698,     12,    310,   2837,     10,    310,
           330,  12546,  37162,  14311,  42654,  45041,    788,   3628,    670,
           445,  11079,  16041,  14311,  50718,  86274,   4461,   1797,    330,
          1999,   1269,    788,    656,   1436,    455,   4090,    445,   5988,
           675,   4461,   1797,    330,   1999,  28341,  33016,    788,    656,
          1436,    455,   4090,    445,   3506,  28576,   8713,   4461,   1797,
           330,   1999,  94876,   6288,   1269,    788,    656,   1436,    455,
          4090,    445,   3506,   3136,   4711,  50237,   4461,  19155,    481,
        117509,     11,     21,    488, 124080,     11,     24,  22250,    707,
           716,    455,   8684,  28341,  36052,   1193,      8,   1464,  29019,
         17282,     11,   5765,  10338,   1797,    330,   8559,  16319,   2346,
         52911,    788,    656,   1436,    455,   4090,    445,  12100,  15918,
          1249,  14997,   4461,   1797,    330,  14073,    788,    656,  50430,
          2019,   6745,    445,  15918,    497,    330,   5668,   4461,   1797,
           330,  92271,  35548,    788,    656,   1436,    455,   5243,   4090,
           445,  59270,   7688,  62057,     10,    310,    330,   4030,   1717,
          2273,     17,  78579,  35548,    788,   3628,    670,   1006,     10,
           394,    330,   5475,   1717,     53,     17,  59270,   7688,    698,
            10,    310,   2837,   1797,    330,   9990,   1693,  10342,  33016,
           788,    656,   1436,    455,   4090,   1006,    338,    330,  18298,
          1693,   3608,   8713,    698,   1797,   2837], dtype=torch.int32), 'agentic')

(tensor([16415,  7995, 54106,  ...,  4098, 29087,   198], dtype=torch.int32), 'agentic')

(tensor([    49,   5936,     25,   2308,   2070,    315,   1565,  92580,     63,
           369,    279,   2033,    315,   1565,   2468,  27025,  12178,   3989,
           319,  14364,  13374,   2038,  17799,  73022,  12663,    319,     31,
         16695,   1710,   5356,    319,     31,  16695,    643,     18,    319,
           750,   3110,  21080,    220,    435,   5356,    284,  60353,     18,
          6581,    445,     81,   5356,   6060,    220,    435,   5356,   2520,
          8684,  11898,   7805,    414,   5952,    675,    428,   1944,  59978,
          4723,    414,   5952,   2523,   8713,    428,   1944,  33016,   5031,
           414,   5952,   2523,   1957,    428,   1999,    734,     17,  61368,
          4723,    414,   8199,    428,   4110,   6215,  24337,  80959,   4723,
           220,   8615,    220,  16281,   1269,    284,    330,   1944,   1331,
          9597,   5031,    220,    435,   5356,   2520,   8684,  52911,   7805,
           414,   5952,  14997,   8713,  14140,   9597,   1269,   1871,    414,
          5952,   2523,   8713,    428,   1944,  33016,   4723,    220,   8615,
         10414,    220,  16281,    284,    435,   5356,  41728,   8684,  73597,
         27542,   7805,    414,   5952,   2523,   8713,    428,   1944,  33016,
          4723,    414,   7487,  25795,     28,     16,   1871,    414,  68198,
           929,    428,  19693,   4723,    220,    873,   1183,   3506,  61437,
         27542,  18093,     15,   6114,  10414,    220,    274,     18,    284,
         60353,     18,   6581,    445,     82,     18,   6060,    220,    274,
            18,   2520,  38541,   7805,    414,  47471,    428,   1944,  38541,
          4723,    414,   4230,  35836,   7688,  15771,   4707,  17863,    788,
           330,    391,   5279,    269,  14749,     12,     16,  45157,    220,
          8615,  10414,    220,    592,    284,    435,   5356,   4962,  27025,
         12178,   7805,    414,  22136,   6262,   8713,  18083,      1,  16875,
          6262,   1655,     12, 115937,     18,     12, 100002,     12, 100772,
            12,  99317,     12, 100372,     12, 102501,   4723,    414,   8747,
         57933,  14140,   9597,   1183,   3506,  14997,  57933,  37426,    414,
           328,     18,  35836,    675,    428,   1944,  38541,   4723,    414,
           358,    309,   9027,  57933,    428,   1944,  19755,   4723,    414,
           730,   1011,  80681,    428,   1944,   4698,   1011,    842,   4723,
           414,    328,     18,  14325,    428,   1944,  13965,   4723,    220,
          8615,    220,   1173,   4590,   7229,  73022,    871,  14364,   5949,
         17799,  73022,    319,   1666,    262,    364,  16875,   6262,   8713,
          1210,    364,  16875,   6262,   1655,     12, 115937,     18,     12,
        100002,     12, 100772,     12,  99317,     12, 100372,     12, 102501,
          5550,    262,    364,   3608,  57933,   1210,    364,   1885,     25,
          8634,  66868,   5356,     25,    391,   5279,    269,  14749,     12,
            16,     25, 108714, 100461,     21, 100928,     24,     15,  98886,
         14485,   9597,  83781,   1331,   9597,   5550,    262,    364,  14997,
          1462,   1210,   8872,  19680,      7, 115937,     18,     11,    220,
            20,     11,    220,     17,     11,    220,  99317,     11,    220,
            22,     11,    220, 102501,     11,    220, 101723,     19,  99752,
            11,  42284,   2733,  23932,     89,  28256,  11852,    364,   6262,
         39982,   1210,   8872,  19680,      7, 115937,     18,     11,    220,
            20,     11,    220,     17,     11,    220,  99317,     11,    220,
            22,     11,    220, 102501,     11,    220, 102486,     17,  99752,
            11,  42284,   2733,  23932,     89,  28256,  11852,    364,   6262,
         55458,   1210,   8872,  19680,      7, 115937,     18,     11,    220,
            20,     11,    220,     17,     11,    220,  99317,     11,    220,
            22,     11,    220, 102501,     11,    220, 102486,     17,  99752,
            11,  42284,   2733,  23932,     89,  28256,    368,   9907,    262,
           364,     50,     18,  35836,   1210,    364,   1944,  38541,   5550,
           262,    364,     50,     18,  14325,   1210,    364,   1944,  13965,
          5550,    262,    364,     40,    309,   9027,  57933,   1210,    364,
          1944,  19755,     62,   1885,   5550,    262,    364,     42,   1011,
         80681,   1210,    364,   1944,    842,   5550,    262,    364,   2522,
          1210,    364,  14727,   5550,    262,    364,  31870,   9492,   1210,
           220,  99457,   1871,    262,    364,   7595,  28854,    291,   1043,
           641,   5381,   1210,    220,     16,   1871,    262,    364,  17483,
         60485,   1210,  48340,    262,    364,  12081,   2052,   1210,  48340,
           262,    364,   2582,  14600,   1210,   5360,  61340,   1210,    364,
            20,  99619,     68,     18,  99146,     23,     12,  93506,     22,
            12,  98965,     66,     18,     12, 100067,     69,     20,   2220,
        100067,     19,     18,  98886,  99618,    370,     19,   5550,    262,
           364,   9227,  15860,   1210,    220,  98867,   1871,    262,    364,
          9227,  10569,   1210,   5360,   4030,   1210,    364,  72193,    905,
         24655,    364,  51221,  80853,   1210,    220,     15,   1771,   1771,
         73022,    871,  14364,  30895,    871,  20660,   1805,   9529,   2428,
          1110,    872,  50656,  50594,    905,     14, 123985, 103205,     16,
        101478,     14, 122406,  99618,     18,     23, 101840,     12, 102952,
            18,   9787, 100614,     68,   2220,     19,     67,     18,     12,
            19,  80999,   7409, 101411,     66,   1737,     22, 100104,     21,
         99695,   5918, 100002,     66,   3508,   1218,   2428,   1110,     65,
          2072,     18,  28668,    905,   5457,     16,  84881,  10503,  32989,
         65300,  22201,   7382,   5356,  25008,  69454,  27025,  12178,   2564,
           871,  10229,    537,   7842,   1565,  92580,     63,   2070,    304,
           279,   2033,    937,    319,   1427,   9826,    311,  16774,    549,
          1218,    201,   1022,  13481,   1177,  12875,    264,   3183,   2072,
          7382,   5356,  20227,   7197,    293,   3183,   2072,   7382,   5356,
         20227,   7197,    198,   4421,    264,   3183,   2072,   7382,   5356,
         20227,   7197,    198,  62289,    293,   3183,   2072,   7382,   5356,
         20227,   7197,    198,  19155,    481, 114240,     21,     11,     21,
           488, 114240,     21,     11,     24,  22250,    707,   1304,   2327,
         60566,    715,    260,    656,   4299,    284,    330,  14727,    698,
           260,    656,  23006,   3752,    284,  33295,     62,     23,  99618,
            16,  28840,   6615,    717,  55815,  44976,  19680,  10695,   2398,
            10,    286,    656,  14688,   1819,    284,   2399,     10,    310,
           330,  18931,  66162,      1,    421,    943,  52759,      8,    374,
          9989,  14997,    770,    330,   3140,  45731,    698,     10,    286,
          1727,    715,    257,    707,    311,  23788,   1193,      8,   1464,
           607,    510,    260,   3811,    284,  14345,   1006,  19155,    481,
        114495,     16,     11,     21,    488, 114495,     19,     11,     22,
         22250,    707,    311,  23788,   1193,      8,   1464,    607,    510,
          1797,    366,   7595,  28854,    291,   1043,    641,   5381,  11758,
           220,     16,  11325,   7595,  28854,    291,   1043,    641,   5381,
           397,   1797,    366,  17483,  60485,   1472,  17483,  60485,    397,
          1797,    366,  12081,   2052,   1472,  12081,   2052,    397,     10,
           310,    366,  92580,  11758,   3383,  14688,   1819,  11325,  92580,
           397,   1797,   3190,    260,   1727,    260,    470,   3811,   8739,
         17459,   7667,     11,  16281,   7667,  52331,    340],
       dtype=torch.int32), 'agentic')

(tensor([ 2005,  5317,  5634,  ...,   284,  2975, 51308], dtype=torch.int32), 'agentic')

(tensor([  5637,    291,    328,     18,  41874,  23288,   6894,    198,     32,
          2115,  28155,    504,    671, 101130,     20,     16,    871,  73022,
         12663,    319,      3,  10130,    481,  32448,    319,  30163,    220,
            18,     13,     24,     13,  98886,    320,   3817,     11,   4915,
           220,    220,     23,    220, 115937,     17,     11,    220,  98503,
            25, 102501,     25,  99200,      8,   2529,     58,   5066,    524,
           220,  99367,     13,     15,     13,     15,    320,  25302,     12,
        108157,     15,     13,     15,     13, 100104,     13, 109871,   7252,
           389,  15257,   7526,    319,    929,    330,   8652,    497,    330,
         15480,    497,    330,  55395,      1,    476,    330,  13258,      1,
           369,    803,   1995,   3224,  20114,   1159,  22067,    319,  20114,
           504,  72394,    514,     18,   8234,   1159,    328,     18,  29586,
           319,  20114,    274,     18,    284,    328,     18,  29586,    492,
           355,  37407,     12,     16,    516,    364, 108714,     19,   7694,
         20114,    274,     18,   2520,  38541,    492,   2408,   1455,  11147,
          1844,    355,  37407,     12,     16,   7694,  13739,   2072,    514,
            18,   8234,    991,    726,  35836,   1633,    518,    220,     15,
            87, 109803,   6066, 101411,     17,     15,   1433,  20114,    274,
            18,   3597,  38541,   9434,    287,    492,   2408,   1455,  11147,
           516,    364,   5462,   7694,  20114,    274,     18,   3597,   5314,
           492,   2408,   1455,  11147,   1844,   2408,  16159,    516,    364,
            87,   7694,  13739,   2072,    514,     18,   8234,    991,    726,
          1592,   1633,    518,    220,     15,     87, 110248,  99698,     64,
            16,     69,     15,   1433,  20114,    274,     18,   3597,   5314,
           492,   2408,   1455,  11147,   1844,   2408,  16159,    516,    364,
            88,   7694,  13739,   2072,    514,     18,   8234,    991,    726,
          1592,   1633,    518,    220,     15,     87, 108345,     66, 100632,
            24, 100096,   1433,  20114,    274,     18,  13848,   3568,  96994,
          7530,  40925,  92598,   7530,    924,     14,   1370,    360,  11924,
          1037,     85,   8193,  23203,     18,     13,     24,  47581,  75159,
          3183,   2072,   2687,     18,  20227,   7197,     25, 101135,     22,
            25,  11759,  12081,     25,    328,     18,   1376,    572,    537,
         25495,    315,    304,    882,    319,    220,  18958,  21358,    445,
            50,     18,   1376,    572,    537,  25495,    315,    304,    882,
           497,  11759,  12081,   1218,  20114,  22067,  29017,   3568, 121498,
         98965,    319,  20114,   2529,  73022,   1406,  13481,   1177,  12875,
           264,   3183,   2072,   2687,     18,  20227,   7197,    293,   3183,
          2072,   2687,     18,  20227,   7197,    198,   4421,    264,   3183,
          2072,   2687,     18,  20227,   7197,    198,  62289,    293,   3183,
          2072,   2687,     18,  20227,   7197,    198,  19155,    481, 117721,
            20,     11,  98886,    488, 117721,     20,     11,  98668,  22250,
           707,   1304,   2327,   3804,    721,     11,   5537,   1269,     11,
          2692,    842,    982,    257,    707,   7585,   1193,    982,    260,
           671,   1752,   1449,   1376,    323,  67564,     11,  47206,  15873,
           264,  54085,   1703,    311,   3270,    279,    897,    315,   1846,
          6894,    198,    260,    671,  29170,    429,   1493,  54085,   1703,
            12,  19174,    525,   7877,     11,    323,   5274,    902,   1034,
         43679,   1787,    198,     12,    286,    369,  15609,    304,    656,
           948,  38343,  10651,   3932,     12,    310,    369,   1376,    304,
         15609,   9120,  10651,   3932,     12,    394,    421,  11397,   4857,
            11,  36773,   1592,    982,     12,    503,   1376,  30894,    741,
            12,    310,    369,  10485,    304,  15609,    744,   9840,   7038,
         10651,   3932,     12,    394,  10485,  30894,    741,     10,    286,
           369,  10485,    304,  36773,     44,  18175,  80611,    510,     10,
           310,  10485,  30894,    741,     10,    286,    369,   1376,    304,
         36773,   1592,  80611,    510,     10,    310,   1376,  30894,    741,
           260,   2256,   1005,   9712,    741,    715,    257,    569,   3699,
           198], dtype=torch.int32), 'agentic')

(tensor([31409,   361,  8128,  ...,   361, 20227,  7197], dtype=torch.int32), 'agentic')

(tensor([18366,  6119,  4675,  ...,   716,   716,   716], dtype=torch.int32), 'agentic')

(tensor([1592, 1454,  304,  ...,  721,   11, 3750], dtype=torch.int32), 'agentic')

(tensor([21377, 82658,    60,  ...,   537, 32072,   510], dtype=torch.int32), 'agentic')

(tensor([ 16695,  51543,   7402,  16887,    929,   7035,    198,     40,   2776,
          4460,    311,   1273,   2348,  10303,   3118,   1172,  38100,  34715,
            11,    714,    279,    470,   1633,    374,   7402,   1565,  13092,
           929,     63,  17799,   1944,   2834,  73022,  12663,    319,    262,
           569,  16695,  51543,    319,    262,    707,   1273,   2019,   6415,
          6450,    907,   2969,  34715,   1193,   5783,    286,    656,  25260,
         33969,     62,   4932,  19755,  17977,    286,    671,    448,   7860,
         51543,  21080,    286,   2943,    284,  60353,     18,   6581,    445,
         12928,    497,   5537,   1269,    428,    355,  39292,     12,     16,
          6060,    286,   2943,   2520,   9171,   7805,    310,   5712,    675,
           428,   1944,   9171,   4723,    310,  10949,    428,  12663,     18,
            13,     23,   4723,    310,  15392,    428,   1885,     25,   8634,
            25,   4932,    486, 108714, 100461,     21, 100928,     24,     15,
         98886,     25,   5778,  12691,  54455,   4723,    310,  19916,    428,
         12928,   9171,  75905,  10178,   4723,    310,   6119,  15771,  30921,
          1703,    788,    293,      1,  30450,   2038,  45157,    310,   7662,
           428,   2271,    729,   4723,    286,   8615,  73022,    871,   2271,
           291,   2038,   2834,  73022,  12663,    319,    750,   1140,   6415,
          6450,    907,   2969,  34715,  12799,   5783,    262,   2477,   4954,
         66193,    907,   2969,  34715,    284,  23084,    262,   5746,    284,
          2943,   6420,  31575,  89586,   4353,     28,  98867,     15,   1218,
           262,    369,    729,    304,   5746,   1183,  25129,   1341,   2834,
           286,    421,    330,  13092,    929,      1,    304,    729,    323,
           729,   1183,  13092,    929,   1341,    961,    330,   1906,  20313,
           310,   2477,   4954,  66193,    907,   2969,  34715,   2057,   2920,
          7229,    262,    470,   2477,   4954,  66193,    907,   2969,  34715,
           319,  73022,    871,   4498,    358,  10608,    432,     11,   1565,
          1607,   6415,   6450,    907,   2969,  34715,     63,   7540,   2240,
            11,   2474,    279,   7035,   1565,  13092,    929,     63,    374,
          7402,  17799,     40,  16692,    279,   3059,    700,   2834,  73022,
          2236,    319,   1666,    262,    330,   2582,  14600,    788,    972,
           286,    330,   9227,  15860,    788,    220,  98867,   1871,    286,
           330,   9227,  10569,    788,   4687,   1871,    286,    330,  51221,
         80853,    788,    220,     15,    319,    262,   9874,    262,    330,
         25129,    788,  23572,    286,    972,    310,    330,   5152,    675,
           788,    330,   1944,   9171,   4723,    310,    330,   5152,  57933,
           788,    330,   1885,     25,   8634,     25,  12928,     25,    355,
         39292,     12,     16,     25,    220, 108714, 100461,     21, 100928,
            24,     15,  98886,  17907,  83781,   9171,  21649,     43,  61234,
          4723,    310,    330,  15111,    788,    330,  12663,     18,     13,
            23,   4723,    310,    330,   9027,    788,    330,   1885,     25,
          8634,     25,   4932,     25,    549,    220, 108714, 100461,     21,
        100928,     24,     15,  98886,     25,   5778,  12691,  54455,   4723,
           310,    330,   3050,    788,    330,  12928,   9171,  75905,  10178,
          4723,    310,    330,   2078,   1695,    788,    220,     24,   1871,
           310,    330,   5009,    788,    330,   2271,    729,   4723,    310,
           330,   7636,    788,    220,     18,   1871,    310,    330,  10637,
          1695,    788,    220, 109295,   1871,    310,    330,   5842,  19112,
           788,    330, 115937,     18,     12,  98886,     12,  98668,     51,
         98965,     25,    220, 100461,     25,    220,  99082,     13, 101411,
            24,     20, 100096,  99752,     57,   4723,    310,    330,   2078,
         61876, 116265,    788,    330,     15,     51,  19029,     46,     22,
            85,     46,   9631,   1466,  21149,     42,     57,     52,  14663,
        102721,     89,     48,   8716,     18,     88,     80,     73,  31739,
            21,     67,  67185,     48,     71,     21,  17869,     57,     74,
           428,   1871,    310,    330,   5637,    788,   5201,     43,  61234,
          4723,    310,    330,     53,   3992,   2648,    788,    972,    394,
           330,   3136,   4711,  12695,    788,  92445,    394,    330,  15340,
          2808,  12695,    788,  23084,    310,   9874,    310,    330,   1282,
          4527,   2648,    788,    972,    394,    330,   3636,    788,    330,
         12181,  23790,   5031,    310,   9874,    310,    330,  40014,    788,
         92445,    310,    330,   1397,    788,    330,   5728,   4723,    310,
           330,   5842,   4289,   2522,    788,    330,  36190,   4723,    310,
           330,  18694,   8359,   1413,    788,  23572,    394,    330,     87,
        102807,     62, 102636,   5031,    310,  34171,    310,    330,     36,
         59525,   3253,   5793,    788,    972,    394,    330,   1695,    788,
           220, 124184,    319,    310,   9874,    310,    330,  61437,   3479,
           788,    972,    394,    330,  28397,   1925,    788,    330,   4064,
          4723,    394,    330,  21317,  65484,   2522,    788,    330,   4596,
          5031,    310,   1686,    286,   1686,    262,  47762,   1771,  73022,
           871,  68998,   2834,      9,  72394,    220,     19,     13,     17,
            13,  98965,    319,      9,  60353,     18,    220,     16,     13,
        100702,     13,  98965,    201,   1022,  13481,   1177,  12875,    264,
          3183,   2072,     14,    672,   3226,   5698,  20227,   7197,    293,
          3183,   2072,     14,    672,   3226,   5698,  20227,   7197,    198,
          4421,    264,   3183,   2072,     14,    672,   3226,   5698,  20227,
          7197,    198,  62289,    293,   3183,   2072,     14,    672,   3226,
          5698,  20227,   7197,    198,  19155,    481,     21,  98360,     11,
            22,    488,     21,  98360,     11,     22,  22250,    707,   1304,
          2327,  60566,    715,    260,    656,  13170,    284,   1398,    670,
           445,   5009,    497,  14666,    260,    656,  36422,   2368,    284,
          1398,    670,    445,  10637,   1695,    497,    220, 109295,    340,
            12,    286,    656,  48324,   1819,    284,   1398,    670,    445,
         13092,    929,    497,   2240,    340,     10,    286,    656,  48324,
          1819,    284,   1398,    670,    445,  13092,    929,    497,    330,
         30921,   1138,    260,    656,  32905,    284,   1398,    670,    445,
         49823,    497,   3557,      8,    220,    671,    419,    374,  12030,
          5023,    198,    260,    656,  35928,    284,   1398,    670,    445,
          7636,    497,    220,     18,    340,    260,    656,  20957,     25,
          1759,     58,  13439,  17282,     11,    607,   5053,    284,    656,
          1436,    455,  26010,   1769,   1006], dtype=torch.int32), 'agentic')

(tensor([16695,   814, 82658,  ...,  1797,  3059,   284], dtype=torch.int32), 'agentic')

(tensor([    34,  62988,   2943,   7512,   3317,  15697,   1558,    537,    470,
           448,   5815,   7947,    198,  13041,  48440,     40,   1035,   1075,
           311,   1273,   1039,  55114,   7022,   3465,   1196,   7314,    594,
          7947,    714,    432,   4977,    429,    279,   1196,   7314,    594,
          7947,   3343,    374,    537,  11532,    304,    279,   1565,  12326,
          3317,  15697,  53896,   2033,    304,  72394,   3224,     40,   2776,
          1667,  60353,   2319,   1565,     16,     13,  99590,     13,  98360,
            63,    323,  72394,   2319,   1565,     18,     13,     16,     13,
         99317,     63,  17799,     40,   3003,   3465,    264,   1273,    311,
         22739,    279,   1465,   2834,  73022,  12663,    319,    474,  60353,
            18,    319,   1499,  72394,   1159,   7860,    666,   3934,    275,
           588,     79,   8562,     31,  16695,    666,   3934,    275,    588,
            79,    319,    750,   1273,    717,   2072,    666,  62988,   3317,
         15697,  20071,  21080,    262,   2943,    284,  60353,     18,   6581,
           445,     66,  62988,  12890,     79,   6060,    262,   1196,  15697,
           842,    284,   2943,   2520,   3317,  15697,   5304,   1749,    675,
          1131,   2271,  10546,  65534,   1474,  10546,   4181,    764,  28571,
           262,   2943,   2520,   3317,  15697,  20071,   7805,    286,  21023,
          1131,   1944,  72234, 108714,   5550,    286,   2657,  10546,    764,
         30047,  15697,    842,    319,    262,  52185,    262,   1196,  15697,
           284,   2943,  41728,   3317,  15697,  13079,  10546,    764,  30047,
         15697,    842,  50179,   1474,  10546,  96440,    262,   2060,   1196,
         15697,    677,  13627,    660,    621,    364,   1944,  72234, 108714,
          9735,  73022,    871,   1986,   1273,  14515,    389,    279,   1537,
          1555,    448,   1565,   1592,   1454,     25,    364,  13627,      6,
          7808,   4764,     11,    432,    374,   3238,    448,  60353,     13,
           201,   1022,  13481,   1177,  12875,    264,   3183,   2072,   2899,
          3934,    275,    588,     79,  20227,   7197,    293,   3183,   2072,
          2899,   3934,    275,    588,     79,  20227,   7197,    198,   4421,
           264,   3183,   2072,   2899,   3934,    275,    588,     79,  20227,
          7197,    198,  62289,    293,   3183,   2072,   2899,   3934,    275,
           588,     79,  20227,   7197,    198,  19155,    481, 101723,     18,
            11,     21,    488, 101723,     18,     11,  99146,  22250,    707,
          1304,   2327,   3804,    721,     11,   5537,     11,    829,     11,
         11572,   5332,    982,    260,    873,    438,    282,    510,   1797,
           656,   4323,  25879,   3097,    284,   2951,  22900,    955,   4125,
          2398,    715,     10,    262,    569,   3699,    198,     10,    262,
           707,  19127,   1193,    982,     10,    286,    470,  18766,    275,
           588,     79,   3895,   1412,  14317,  42731,    921,  16911,     10,
           262,    569,   3699,    198,     10,    262,    707,   7947,   1193,
           982,     10,    286,    470,   1790,   1006,     10,    310,   2399,
            10,    394,  78368,    198,     10,    394,    369,  78368,    304,
           656,  36993,   3324,  15697,  69675,  10651,    741,     10,    394,
           421,  78368,   3324,  15697,    842,    621,    656,   1764,    198,
            10,    310,   2837,     10,    310,   2240,    345,     10,    286,
          1727,  16911,    257,    707,    716,   4608,  90709,  20272,   1193,
           982,    260,    671,   8614,    693,   7449,  15388,    374,    537,
          3042,    304,  60359,   1474,  10546,   2033,    421,    279,   7314,
           572,   3465,   2041,    198,    260,    671,  37642,    432,     11,
         65692,   4876,   4278,    389,   1638,   5003,  37617,    198,  19155,
           481, 100933,     18,     11,     22,    488, 101474,     23,     11,
            23,  22250,    707,    311,   9451,   1193,     11,  11572,   5608,
           982,   1797,   1196,  15697,   9451,   1183,  57868,   2648,   1341,
           284,   2399,    338,    656,   9217,   2883,   5332,    670,    445,
         57868,   2648,    899,    476,   5613,   1797,   1727,   6913,     10,
           286,    421,    656,  10998,    510,     10,    310,   1196,  15697,
          9451,   1183,  13627,   1341,    284,    656,  10998,  10998,    198,
           260,    470,   1196,  15697,   9451,  26723,    257,    707,    716,
           455,   3317,   1193,     11,   5934,    982], dtype=torch.int32), 'agentic')

(tensor([  7916,   1565,   9497,     17,  72081,     63,  15958,  12105,    369,
           730,   4826,    198,  10056,    594,    912,   1565,   9497,     17,
         72081,     63,  15958,  12105,    369,  95866,   3224,     42,   4826,
          2197,     25,   3703,   1110,  14111,  34992,  18240,    905,  14100,
          1011,  32989,  71478,   8855,  71478,   1098,    622,   2564,      2,
          7082,   1098,    622,  43771,  33727,    871,  34466,  25107,   2834,
         73022,    319,  11446,   4939,     32,   1088,   1220,  37896,     62,
        116265,    760,  23166,   4939,     32,   1088,   1220,  37896,     62,
        100919,     19,    760,  23166,   4939,     32,   1088,   1220,  37896,
            62, 124184,    760,  23166,   4939,     32,  63441,   6412,     16,
          2334,     16,     62,     20,  37896,     62, 116265,    760,  23166,
          4939,     32,  63441,   6412,     16,   2334,     16,     62,     20,
         37896,     62, 100919,     19,    760,  23166,   4939,     32,  63441,
          6412,     16,   2334,     16,     62,     20,  37896,     62, 124184,
           760,  20590,  72081,  37896,     62, 116265,    760,  20590,  72081,
         37896,     62, 100919,     19,    760,  20590,  72081,  37896,     62,
        124184,    760,  13707,     17,  72081,    319,  73022,   1406,  13481,
          1177,  12875,    264,   3183,   2072,  14100,   1011,  20227,   7197,
           293,   3183,   2072,  14100,   1011,  20227,   7197,    198,   4421,
           264,   3183,   2072,  14100,   1011,  20227,   7197,    198,  62289,
           293,   3183,   2072,  14100,   1011,  20227,   7197,    198,  19155,
           481, 105818,     11,     21,    488, 105818,     11,     22,  22250,
           707,  15958,   8417,  18945,   1193,      8,   1464,   1759,  17282,
         10338,    338,    330,  11446,   4939,     32,   1088,   1220,  37896,
            62, 116265,    756,    338,    330,  11446,   4939,     32,   1088,
          1220,  37896,     62, 100919,     19,    756,    338,    330,  11446,
          4939,     32,   1088,   1220,  37896,     62, 124184,    756,     10,
           394,    330,   9497,     17,  72081,    756,   1797,   5133,    715,
           257,    707,    311,   5243,   1193,      8,   1464,  29019,  17282,
            11,   5765,  10338], dtype=torch.int32), 'agentic')

(tensor([ 13850,   6145,     25,   9183,    369,    330,    792,      1,    323,
           330,    957,      1,  13397,    304,  46584,  80888,   7512,  16319,
          6738,    198,     40,   2776,    389,  47206,    220,     19,     13,
            17,     13,     17,     13,    358,   5485,    508,    574,   3980,
          9529,   2428,   1110,   5204,    905,  23239,     76,   2072,   3183,
          2072,  34654,  23240,   3183,   2072,     14,  78663,  80888,  20227,
          7197,      2,     43, 119953,     16,      8,    304,    279,   2038,
           429,  10769,    279,   7709,    358,   2776,   9117,    979,    358,
          1430,    311,   4051,    553,   1565,    792,     63,    476,   1565,
           957,     63,    304,    458,  46584,  80888,   2473,   1565,  12326,
         16319,     63,   1618,     13,    358,    646,   3410,    264,   3238,
          2038,   6077,    421,   5871,    714,  24616,   2474,    419,   7402,
         14932,    374,   2669,  28584,    389,    429,    498,   2299,    678,
          4658,   7853,     13,  26032,    287,    421,   1052,    594,   4650,
           311,   1490,    419,  20029,     11,    476,    421,    264,   8574,
          1035,    387,  10560,  30709,  13481,   1177,  12875,    264,   3183,
          2072,     14,  78663,  80888,  20227,   7197,    293,   3183,   2072,
            14,  78663,  80888,  20227,   7197,    198,   4421,    264,   3183,
          2072,     14,  78663,  80888,  20227,   7197,    198,  62289,    293,
          3183,   2072,     14,  78663,  80888,  20227,   7197,    198,  19155,
           481, 117290,     23,     11,     22,    488, 117290,     23,     11,
            21,  22250,    707,  29541,  11898,   1006,    257,    707,   7512,
         16319,   1193,     11,  13397,     25,   1759,     58,  13439,  17282,
            11,    607,  29504,   1464,   1759,     58,  13439,  17282,     11,
           607,  82630,    260,   3190,    260,  44637,    374,    537,   3602,
         11532,    624,     12,    286,   8277,    279,   1565,   3902,  61453,
           287,   4351,     63,    323,   1565,   2674,  46548,  28680,  84604,
            63,  13397,    525,  11532,    624,    260,   3190,    260,   4963,
           284,    656,  30929,    436,  80888,  21100,  10651,    741,    260,
          9488,    284,   1140,  13330,  36132,  51700,   4071,     58,     81,
         32361,    369,    435,    304,   4963,  10902,  19155,    481, 123006,
            17,     11,     21,    488, 123006,     16,     11,  98668,  22250,
           707,   7512,  16319,   1193,     11,  13397,     25,   1759,     58,
         13439,  17282,     11,    607,  29504,   1464,   1759,     58,  13439,
         17282,     11,    607,  82630,   3824,    369,    259,    304,   9488,
           198,   3824,    421,    259,    670,    445,   2674,  46548,   3752,
         51277,    497,  35055,  14762,    368,    304,   2750,    198,    338,
          5133,     10,    310,    421,    282,   1183,    675,   1341,    621,
           330,    792,   4660,     10,    394,   9488,    284,    508,     83,
           369,    259,    304,   9488,    421,    259,   1183,    792,   1341,
           304,    282,   1183,   6227,  82973,     10,    310,    421,    282,
          1183,    675,   1341,    621,    330,    957,   4660,     10,    394,
          9488,    284,    508,     83,    369,    259,    304,   9488,    421,
           259,   1183,    957,   1341,    304,    282,   1183,   6227,  82973,
           260,    470,   9488,  26723,    257,    707,   7283,  37490,  24943,
          1193,     11,   1874,   1269,     25,    607,     11,  16717,     25,
          1759,  17282,   2467,   1464,   2240,    510], dtype=torch.int32), 'agentic')

(tensor([62535, 13528,  6168,  ...,   470,  2033,   198], dtype=torch.int32), 'agentic')

(tensor([   42, 82105,    25,  ...,   470, 35327,   698], dtype=torch.int32), 'agentic')

(tensor([14040,  2520, 56644,  ..., 17794,  1341,   982], dtype=torch.int32), 'agentic')

(tensor([    34,  62988,   3034,     14,   6054,   9656,    653,    537,   6644,
          1196,   7314,   2526,   8200,    198,  13041,  48440,     40,   5293,
          1588,    429,   1196,   7314,    508,   9160,   8200,   9529,   2428,
          1110,  14111,  34992,  18240,    905,   2899,  62988,  32989,     14,
         15828,   2375,  34534,  11733,   2268,   1749,  39812,     12,  12334,
          2564,      2,    872,   2268,   1749,  39812,  36706,     12,  12334,
             8,    525,    537,  40447,   1119,    279,  47274,  23277,   2428,
          1110,   5204,    905,  23239,     76,   2072,   3183,   2072,  34654,
            14,     21,  99590,    450, 101135,     67, 104160,     64,     16,
            65,     17,     66,     20,  99146,     22,  99951,     65,  99367,
            64, 125910, 100702,     23,     15,     68, 121818,     69,     16,
            67,     23,   3183,   2072,   2899,   3934,    275,    588,     79,
         20227,   7197,      2,     43,     20,  99916,    871,   2121,   7481,
           304,    279,    508,  35954,    356,  62988,  26257,   9529,   2428,
          1110,  14111,  34992,  18240,    905,   2899,  62988,  32989,     14,
         15828,   2375,  34534,  55045,   5522,   1786,  62988,   8693,   2268,
          6178,  91996,  10598,  12890,  34668,   2564,  55626,     29,    330,
           785,   3034,   3950,    646,   1083,   6644,   2526,   8200,    429,
           498,   6979,    304,    697,   1196,   7314,     13,   8175,    356,
         62988,  13905,   2526,   7035,   2750,    311,    279,   3034,   3950,
           438,   9066,  15472,    315,   7035,    943,   1189,    871,  27894,
           432,    387,   3204,    311,    912,    279,   2526,   8200,    311,
           419,   1714,     30,    201,   1022,  13481,   1177,  12875,    264,
          3183,   2072,   2899,   3934,    275,    588,     79,  20227,   7197,
           293,   3183,   2072,   2899,   3934,    275,    588,     79,  20227,
          7197,    198,   4421,    264,   3183,   2072,   2899,   3934,    275,
           588,     79,  20227,   7197,    198,  62289,    293,   3183,   2072,
          2899,   3934,    275,    588,     79,  20227,   7197,    198,  19155,
           481,     20, 101840,     11,     21,    488,     20, 101840,     11,
            24,  22250,    707,    912,  15863,  18211,   1193,     11,   2526,
         18211,     25,   1759,     58,  13439,  17282,     11,    607,  29504,
          1464,   2240,    198,    257,    707,   1855,    842,   6458,   1193,
            11,   2943,    842,     25,    607,     11,   5934,     25,    607,
             8,   1464,  24547,  17282,     11,    526,  10338,    260,   4960,
          1769,    284,    656,    670,   3317,  31723,   1769,   3710,   8178,
           842,  12799,    842,     11,   5934,    340,    260,   1196,    284,
           656,   1436,    455,   3317,  17065,    340,     10,    286,    369,
          6376,    304,   1196,  26059,    510,     10,    310,    421,   6376,
          1183,    675,   5521,  68814,    445,   9160,     25,  15134,     10,
           394,   4960,   1769,  65978,   1183,    675,  65811,    284,   6376,
          1183,   1130,   7026,    260,    421,   2422,   4277,  40398,      8,
           861,    220,     15,    510,   1797,   4960,   1769,   1183,     66,
         62988,     25,  16735,   1341,    284,    508,   4074,   6175,   1269,
           369,   1874,    304,   1196,  40398,    921,    260,    877,   6458,
            11,  27807,   1243,    284,    656,   2520,  94771,   1006],
       dtype=torch.int32), 'agentic')

(tensor([62535,  1584, 33430,  ...,   470,  2033,   198], dtype=torch.int32), 'agentic')

(tensor([ 38670,   1265,   4828,  11759,  14568,    369,   3698,  34360,    421,
           537,   6724,    198,  48546,   3698,  34360,    369,   9783,   9696,
           829,  24810,  37894,   4518,    315,  11759,  14568,   3224,  73022,
           319,    220,   2887,   3521,   3608,     14,   8589,  23396,  11924,
          1037,     85,   8193,  23203,     18,     13,     23,  47581,  75159,
          3183,   2072,   2687,  15210,  32280,  22589,   7197,    497,   1555,
           220,  99618,     11,    304,   3698,  34360,    319,    262,    656,
         68606,  39792,   7440,  34360,  17665,   1269,     11,    829,   1218,
           220,   2887,   3521,   3608,     14,   8589,  23396,  11924,   1037,
            85,   8193,  23203,     18,     13,     23,  47581,  75159,   3183,
          2072,   2687,  15210,  20227,   7197,    497,   1555,    220, 126382,
            11,    304,   3698,  34360,    319,    262,   1874,   7440,  34360,
          3153,   1218,    220,   2887,   3521,   3608,     14,   8589,  23396,
         11924,   1037,     85,   8193,  23203,     18,     13,     23,  47581,
         75159,   3183,   2072,   2687,  15210,  20227,   7197,    497,   1555,
           220, 111508,     11,    304,   3698,  34360,    319,    262,    656,
           514,  49295,   8287,   3153,   1218,   1592,   1454,     25,    364,
           757, 100372,     18,     17,     67,     23,     12, 101175,     64,
            18,     12,     19,     65,  98360,     12, 116385,     19,     12,
        114062,     20,  99695,     66,  98503,     23,     65,     19,   9735,
         73022,    871,     76,   2072,   2319,     25,    220,     19,     13,
            17,     13,  98886,    320,  16695,     82,   1218,     65,   2072,
            18,   2319,     25,    220,     16,     13,  99916,     13, 102269,
           319,   6331,    509,    460,   2319,     25,    220,     16,     13,
        100104,     13, 102269,    201,   1022,  13481,   1177,  12875,    264,
          3183,   2072,   2687,  15210,     14,  61319,   7197,    293,   3183,
          2072,   2687,  15210,     14,  61319,   7197,    198,   4421,    264,
          3183,   2072,   2687,  15210,     14,  61319,   7197,    198,  62289,
           293,   3183,   2072,   2687,  15210,     14,  61319,   7197,    198,
         19155,    481,     23,     11,     23,    488,     23,     11,  98668,
         22250,    707,   1304,   2327,   3804,    721,     11,    829,     25,
           607,      8,   1464,   2240,    510,  31770,    536,  23447,  10367,
         39129,  38101,   1454,    982,     12,    262,    707,   1304,   2327,
          3804,    721,      8,   1464,   2240,    510,     12,    286,   2256,
         26421,   2327,  51329,   4783,  14568,    497,    330,  32066,    537,
          1730,   1138,     10,    262,    707,   1304,   2327,   3804,    721,
            11,    829,     25,    607,      8,   1464,   2240,    510,     10,
           286,   2256,  26421,   2327,  60566,     10,    310,    330,   4783,
         14568,    497,    282,      1,  32066,    314,    606,     92,   1558,
           537,   3000,  10035,     10,    286,   1727,  31770,    536,  23447,
          2808,  10367,  39129,  38101,   1454,    982,  13481,   1177,  12875,
           264,   3183,   2072,   2687,  15210,  20227,   7197,    293,   3183,
          2072,   2687,  15210,  20227,   7197,    198,   4421,    264,   3183,
          2072,   2687,  15210,  20227,   7197,    198,  62289,    293,   3183,
          2072,   2687,  15210,  20227,   7197,    198,  19155,    481, 108479,
            11,  98668,    488, 108479,     11,  98886,  22250,    707,    912,
         34360,   1193,     11,   9696,     25,  23447,      8,   1464,   2240,
           510,    715,    257,    707,    633,  34360,   1193,     11,    829,
            25,    607,      8,   1464,  23447,    510,    260,    421,    829,
           537,    304,    656,    514,  49295,    510,     12,    310,   4828,
         23447,  10367,    198,     10,    310,   4828,  23447,  10367,   3153,
           340,    260,    470,    656,    514,  49295,  10929,    921,    715,
           257,    707,   3698,  34360,   1193,     11,    829,     25,    607,
             8,   1464,   2240,    510,     10,    286,    421,    829,    537,
           304,    656,    514,  49295,    510,     10,    310,   4828,  23447,
         10367,   3153,    340,    260,    656,    514,  49295,   8287,   3153,
           340,    715,    257,    707,    311,   5243,   1193,      8,   1464,
         29019,  17282,     11,   5765,  10338], dtype=torch.int32), 'agentic')

(tensor([    35,  82658,   3239,    448,    264,   5309,  10542,   9591,   1265,
          4828,   8422,   1454,    979,    279,  16641,   1376,    374,   4287,
           198,     44,   2072,   6079,     25,    220,     19,     13,     17,
            13,     24,    871,    641,    458,   4558,  19479,   6534,    311,
          3703,   1110,   5204,    905,  23239,     76,   2072,   3183,   2072,
         38537,     14,     20, 101135,     20,     11,    892,    572,    911,
           419,   4265,    979,   1667,   1565,    455,   5634,   7808,    979,
          1667,   1565,   1631,     63,   4518,    448,    264,   5309,  10542,
          9591,    279,   1852,   1142,    646,  12164,  17799,  73022,    319,
          1499,  60353,     18,   1159,   5101,    319,   1499,  60353,     18,
           950,  82658,  97867,   1159,  50609,     11,  15168,   3978,     11,
          5309,    871,   2005,    284,   5101,    445,     67,  82658,   1827,
          2556,    445,   2408,   5237,   6060,   2005,   4786,  21308,  10542,
          9591,     28,   1592,    445,  22186,   1827,  11001,    445,  25962,
         73022,    871,   5445,   5240,   1565,   6331,    509,    460,  25581,
         11710,   1454,     25,   1527,   1465,  10012,    320,  13790,   1354,
             8,    979,   8097,    279,  11356,   5666,     25,   3776,    476,
           803,   5733,   2750,    525,    537,   2697,     13,    576,  16734,
          1130,    369,    264,   1376,   7035,   4157,   6644,    458,   4287,
           914,    897,     13,   5309,     25,  24750,     63,    871,  30665,
           448,  72394,    432,   1101,   4675,    279,   3239,    438,   4622,
           448,    902,   3059,   4192,  13481,   1177,  12875,    264,   3183,
          2072,   3446,  82658,     14,  61319,   7197,    293,   3183,   2072,
          3446,  82658,     14,  61319,   7197,    198,   4421,    264,   3183,
          2072,   3446,  82658,     14,  61319,   7197,    198,  62289,    293,
          3183,   2072,   3446,  82658,     14,  61319,   7197,    198,  19155,
           481,  98729,     11,     21,    488,  98729,     11,  99366,  22250,
           707,   1304,   2327,   3804,    721,     11,   1943,     25,    607,
           982,    260,    656,  13831,   6483,    284,   1943,  26723,    715,
            10,   1040,   5309,  90545,    703,   1354,  65952,  13790,   1354,
           982,     10,    262,    707,   1304,   2327,   3804,    721,     11,
          4287,   3097,     25,    607,    982,     10,    286,   2256,  26421,
          2327,  60566,     10,    310,   1943,  18083,  73065,    476,    803,
          5733,   2750,    525,    537,   2697,     13,    576,  16734,   1130,
           369,    264,   1376,   7035,   4157,   6644,    458,   4287,    914,
           897,     13,   5309,     25,    314,   3194,   3097,  11190,     10,
           286,   1727,  16911,  16911,    536,  13873,   1552,    675,   1454,
         65952,  13790,   1354,    982,    257,   1494,  26723,  13481,   1177,
         12875,    264,   3183,   2072,   3446,  82658,   4322,  28498,  68362,
         27563,  27972,   7197,    293,   3183,   2072,   3446,  82658,   4322,
         28498,  68362,  27563,  27972,   7197,    198,   4421,    264,   3183,
          2072,   3446,  82658,   4322,  28498,  68362,  27563,  27972,   7197,
           198,  62289,    293,   3183,   2072,   3446,  82658,   4322,  28498,
         68362,  27563,  27972,   7197,    198,  19155,    481,     16,     11,
            21,    488,     16,     11,     21,  86399,    504,   7618,   1159,
         14077,    198,    504,  19459,   1159,   5765,     11,   1759,     11,
         29019,     11,  24547,     11,  12250,     11,   9142,    198,  37852,
         72394,    950,  82658,  25581,   1159,  14553,  13790,   1354,    198,
            10,   1499,  72394,    950,  82658,  25581,   1159,  14553,  13790,
          1354,     11,   5309,  90545,    703,   1354,    198,    504,  72394,
         62254,  14406,   3135,   1159,  21233,  37240,  26723,    715,  19155,
           481, 124618,     11,     21,    488, 124618,     11,     23,  22250,
           707,   9589,  25293,   1006,    260,   1727,    257,    421,  12307,
           961,  36051,    510,    260,   4828,  14553,  13790,   1354,    445,
          2859,   1376,   2971,    537,   7248,   1138,     10,    262,    421,
           330,     50,      1,    304,   5175,   3142,    323,   5175,   3142,
          1183,     50,   1341,    621,  52028,     10,    286,   4828,   5309,
         90545,    703,   1354,   7195,   8947,   3097,      8,    220,    671,
           943,     25,  10029,  70517,  10599,    921,    715,    257,   1922,
          9694,   3097,    284,    633,   3097,  42491,     11,    330,     49,
         11498,   1138,    257,   2088,   3097,     11,   2088,  90045,     11,
          2088,   9143,    284,   1790,   1006,  19155,    481,     17,  98729,
            11,     24,    488,     17,  99146,     11,  98886,  22250,    707,
          9589,  25293,   1006,    260,   2837,    260,    320,   4064,     11,
          2240,     11,  95227,    257,   1727,     12,    262,    421,   1922,
          9694,   3097,    323,   2422,  20441,      8,    861,    220,     16,
           323,   2088,   3097,    961,   1922,   9694,   3097,    510,     12,
           286,   4828,  14553,  13790,   1354,   1006,     12,    310,    282,
             1,   2859,   2971,  13619,   1376,  10797,   2392,     25,    314,
          1252,   9694,   3097,  11190,     12,    286,   1727,     10,    262,
           421,   1922,   9694,   3097,    510,     10,    286,    421,   2422,
         20441,      8,    861,    220,     16,    323,   2088,   3097,    961,
          1922,   9694,   3097,    510,     10,    310,   4828,  14553,  13790,
          1354,   1006,     10,    394,    282,      1,   2859,   2971,  13619,
          1376,  10797,   2392,     25,    314,   1252,   9694,   3097,  11190,
            10,    310,   1727,     10,    286,    421,   5212,     50,    788,
          1591,     92,    304,   2088,   9143,    510,     10,    310,   4828,
          5309,  90545,    703,   1354,   7195,   9694,   3097,    340,    715,
           257,    470,   5175,   3142,     11,   2088,  90045,     11,   2088,
          9143,    220,    671,    943,     25,  10029,     58,    689,  19048,
           921,  13481,   1177,  12875,    264,   3183,   2072,   3446,  82658,
         32280,  22589,   7197,    293,   3183,   2072,   3446,  82658,  32280,
         22589,   7197,    198,   4421,    264,   3183,   2072,   3446,  82658,
         32280,  22589,   7197,    198,  62289,    293,   3183,   2072,   3446,
         82658,  32280,  22589,   7197,    198,  19155,    481,  99367,     11,
            21,    488,  99367,     11,     22,  86399,    257,  14553,  13790,
          1354,    345,    257,  11759,  14568,    345,    257,  21641,  97136,
           345,     10,    262,   5309,  90545,    703,   1354,    345,   1727,
           504,  72394,    950,  82658,   8234,   1159,  17519,  16835,   3895,
          1412,     11,   6633,     11,  71265,   3506,  29586,    198,    504,
         72394,    950,  82658,   8234,  62254,   1159,  17519,     78,   9451,
         18267,    198,  19155,    481, 101130,     19,     11,  98668,    488,
        101130,     20,     11,     22,  22250,    707,    633,   5634,   1193,
             8,   1464,    607,    510,    260,   1376,    284,    656,   5079,
          1183,   1592,   7026,    260,   4287,  12625,    284,    508,     74,
           369,    595,     11,    348,    304,   1376,   9611,    368,    421,
           537,   1790,  26982,   3747,  10651,  10126,    921,    260,    421,
          4287,  12625,    510,     12,    310,   4828,  14553,  13790,   1354,
          1006,     12,    394,    330,   3966,    476,    803,   5733,   2750,
           525,    537,   2697,     13,    576,  16734,   1130,    369,    264,
          1376,   7035,   4157,   6644,    458,   6228,     12,    394,    282,
             1,   3194,    914,    897,     13,   5309,     25,    314,   3194,
         12625,     58,     15,  68854,     12,    310,   1727,     10,    310,
          4828,   5309,  90545,    703,   1354,  24147,  12625,     58,     15,
          2546,    715,    260,  21563,  27972,    284,    656,   1436,    455,
         72178,  27972,    741,    260,   8200,   2346,   3062,    284,    656,
          5079,    670,    445,  10511,   1249,   1949,   1138],
       dtype=torch.int32), 'agentic')

(tensor([ 77688,   1462,    374,    537,  10444,    304,   1102,    315,   7512,
         60700,    198,    565,  25148,    319,    641,   5535,   2319,    315,
         72394,    320,    437,   4658,   9011,   6174,   2238,      8,   1565,
         12326,  60700,     63,    729,   1558,    537,    470,  72108,   1462,
          3224,   3830,  72394,  13050,    432,    646,    387,   2494,   1075,
          1565,   1028,  10695,     63,    979,  12229,  11381,    380,   1660,
          3465,    773,    432,    646,    387,   5927,    979,   7512,   3468,
          1660,   2598,   1406,  13481,   1177,  12875,    264,   3183,   2072,
         72494,     17,  20227,     14,  44433,   7197,    293,   3183,   2072,
         72494,     17,  20227,     14,  44433,   7197,    198,   4421,    264,
          3183,   2072,  72494,     17,  20227,     14,  44433,   7197,    198,
         62289,    293,   3183,   2072,  72494,     17,  20227,     14,  44433,
          7197,    198,  19155,    481,     16,     11,     20,    488,     16,
            11,     21,  86399,    504,    659,   2153,   1159,  12347,   3556,
          7498,     17,   4783,    198,    504,   5241,   6031,   1159,  13945,
          8726,     11,   4194,    814,    291,  10084,  12842,    842,    198,
            10,   1499,  72394,   4871,   8409,   1159,  51525,   3009,    198,
           504,  19459,   1159,   5765,     11,  29019,     11,   1759,     11,
         12250,  26723,    715,  19155,    481,  99146,     11,     21,    488,
         99241,     11,     22,  22250,    707,   1304,   2327,  60566,    260,
           656,  13059,  26737,     25,  12250,  17282,     60,    284,   2867,
         26737,    198,    260,    656,  23549,  89458,    284,   3233,  89458,
           476,    330,    263,    698,    260,    656,  29081,     17,  39792,
           284,  19127,    198,     10,    286,    656,  12162,   2527,   3009,
           284,  51525,   3009,    741,    715,    257,    707,   4879,   1193,
             8,   1464,   2240,    510,    260,    656,   3467,    284,    330,
         76326,    698,  13481,   1177,  12875,    264,   3183,   2072,  72494,
            17,  32280,  22589,     14,  44433,   7197,    293,   3183,   2072,
         72494,     17,  32280,  22589,     14,  44433,   7197,    198,   4421,
           264,   3183,   2072,  72494,     17,  32280,  22589,     14,  44433,
          7197,    198,  62289,    293,   3183,   2072,  72494,     17,  32280,
         22589,     14,  44433,   7197,    198,  19155,    481, 101478,     11,
            21,    488, 101478,     11,     22,  22250,    707,   4879,  60700,
          1193,      8,   1464,    607,    510,    257,    366,   3790,   1649,
           397,    260,  51918,    369,   3468,    304,  18402,  67421,   1797,
           366,   1203,    397,     10,    394,    366,  92457,   1462,  11758,
          3468,  12162,   2527,   3009,  11325,  92457,   1462,    397,    338,
           366,   3902,  28140,  11758,   3468,  23549,  89458,  11325,   3902,
         28140,    397,    338,    366,  52710,  15351,  11758,   3468,  57413,
         11325,  52710,  15351,    397,    338,    366,  10329,  29283,   1472,
         10329,  29283,    397], dtype=torch.int32), 'agentic')

(tensor([  1556,  32694,   5333,  28431,  12628,    198,     32,   2421,   5555,
          4134,  23182,   7228,    279,    501,    508,   7082,  28431,  12628,
          9529,   2428,   1110,   8634,  18240,    905,   3470,  22026,  25016,
          8491,     14,    970,  23837,     12,   4979,  12628,  26108,  32073,
          5522,  39472,  13700,  50474,  14932,    369,   3665,  32694,    323,
           358,   2776,  23476,    311,   1430,    432,    700,    323,   4211,
           432,   1119,   1565,     76,   2072,     63,   5961,     11,    714,
           358,   1184,   1045,  18788,    389,  51166,    279,   5333,  14875,
            13,  12254,    358,   4211,    432,    448,    279,   1565,  36059,
            63,   3051,    323,   2167,  19835,    429,   5333,  14875,     11,
           773,    279,   1697,    879,    686,    990,    432,    646,  28538,
           279,   1618,    448,   1565,  70465,     63,     30,    871,     31,
            65,   2024,  19749,    388,    653,    498,    614,    894,   9455,
           389,    432,     30,   2521,    374,    432,    264,  18224,   4522,
           311,   1496,   4211,    432,   1119,   1565,     76,   2072,     63,
           518,    678,  30709,  13481,   1177,  12875,    264,   3183,   2072,
         42520,  20227,   7197,    293,   3183,   2072,  42520,  20227,   7197,
           198,   4421,    264,   3183,   2072,  42520,  20227,   7197,    198,
         62289,    293,   3183,   2072,  42520,  20227,   7197,    198,  19155,
           481,     16,     11,     21,    488,     16,     11,     22,  86399,
          1159,   2975,    198,   1159,   2643,    198,   1159,    312,    198,
            10,    474,   7388,    198,   1159,   2951,    198,   1159,   5708,
           198,   1159,  18958,    198,  19155,    481,  98965,     11,     21,
           488,  98886,     11,     23,  86399,    504,  19459,   1159,   5765,
            11,  29019,     11,   1759,     11,  12250,     11,  24547,  26723,
           504,  15290,   1159,  52860,    198,  16911,     10,   1499,  72394,
          1159,   5003,    198,    504,  72394,   4871,  25581,   1159,   8307,
         38101,   1454,    198,    504,  72394,   4871,   1159,   5351,  29586,
            11,  54890,  13439,     11,  14806,  59046,   1712,     11,  64138,
           198,    504,  72394,   4871,   8409,   1159,   2399,  19155,    481,
        122866,     11,     21,    488, 117721,     11,  99619,  22250,    707,
          3624,   2346,  41760,   1193,     11,   1538,     25,  29019,  17282,
            11,   5765,   2467,   1464,   2240,    510,   3824,    330,   1556,
         15061,    675,    788,    796,     77,  23945,    842,    345,    338,
           456,    338,   5312,  13491,  39792,   3597,  19654,   2561,    931,
          6748,   2546,     10,    310,   4409,    796,     77,   5736,    621,
           330,  12383,      1,    323,    796,     77,  23945,   1819,    621,
           330,   2068,     12,  17969,   4660,     10,    394,    421,   5003,
         18105,  79137,  25807,   3932,     10,    503,   6330,  55964,    284,
           656,   1436,   3903,  11691,  55964,      7,   1885,  23945,    842,
           340,     10,    503,   1681,  18234,    284,   2169,    670,    445,
          2905,   9702,    497,  35073,     10,    503,   7102,    284,   1681,
         18234,    670,    445,   4047,   9702,    497,  35073,     10,    503,
         32275,   6745,    284,   1681,  18234,    670,    445,  66513,   9702,
           497,  35073,     10,    503,   3239,   3904,    284,  13390,   3263,
          5987,   1006,     10,    664,    508,     69,  14120,    792,     92,
          1165,    831,   9858,    369,   1376,     11,   1044,    304,  32275,
          6745,   9611,  27672,     10,    503,   1727,     10,    503,   2515,
           284,   6330,  55964,  42974,   2276,  36508,    488,   2399,     10,
           664,    282,  43618,     90,   1631,   3904,   9858,    421,   3239,
          3904,    770,   8388,     10,    503,   1727,     10,    503,   7388,
          8222,   1006,     10,    664,   1714,     28,   2068,  55964,   6964,
          9029,    345,     10,    664,   2515,  64096,    345,     10,    664,
          7102,  53723,    345,     10,    503,   1727,   1797,    770,    510,
           338,   4828,  37996,    955,      1,  16027,    537,   4512,    369,
           314,   1313,   1193,   9136,   1138,    715,  19155,    481, 110743,
            11,     21,    488, 114146,     11,  98965,  22250,    707,    716,
          6681,   2346,  19654,  42628,   1193,     11,   5101,    842,     25,
           607,     11,   1538,     25,  29019,  17282,     11,   5765,   2467,
          1464,   2308,    198,    260,    421,  18104,  31019,    621,  18104,
         25461,    510,   1797,  18104,  18105,   2057,   6235,    340,    715,
            10,    262,    707,    716,   3903,  11691,  55964,   1193,     11,
          5101,    842,     25,    607,      8,   1464,    330,  33443,   4660,
            10,    286,  19127,     25,    330,   7900,  29586,      1,    284,
          4357,   3895,   1412,  14317,  18753,    842,   1457,    721,  42731,
          1269,    921,     10,    286,   9103,   1269,    284,   5101,    842,
          5289,   4283,  17116,     15,    921,     10,    286,    470,  19127,
         21439,  12628,     58,  17969,   1269,    921,  16911,    257,    707,
           716,   6681,   2346,    643,  26274,  10836,   1006,    260,    656,
            11,   5101,    842,     25,    607,     11,   1538,     25,  29019,
         17282,     11,   5765,   1125,   1874,    842,     25,  12250,  17282,
            60,    284,   2240,    198,    257,    873,   1464,   2240,    510,
         19155,    481, 115878,     20,     11,     21,    488, 115925,     15,
            11,     22,  22250,    707,   2182,  19654,   1193,     11,   4357,
            25,   1759,     58,  13439,  17282,     11,   5765,  29504,   1464,
          1759,     58,  13439,  17282,     11,   5765,  82630,    688,    481,
          3665,  32694,  29589,    198,    688,    481,  51278,     50,  18712,
           488,  46717,  18712,    198,    688,    481,  11256,  60255,  47619,
         88826,    198,     10,    260,    481,  10125,   7388,    320,   3243,
          8967,    979,    386,  27097,  60926,   2158,  57783,  34780,  11260,
           340,    260,   3190,    260,   1629,  19654,    284,   2422,  50166,
           340,    715,  13481,   1177,  12875,    264,   3183,   2072,  29750,
          7197,    293,   3183,   2072,  29750,   7197,    198,   4421,    264,
          3183,   2072,  29750,   7197,    198,  62289,    293,   3183,   2072,
         29750,   7197,    198,  19155,    481, 102626,     11,     21,    488,
        102626,     11,  98668,  22250,    707,  77794,   5921,     62,   1885,
          8952,    368,   1464,   1807,    510,    257,    470,   2643,  23658,
           670,    445,     44,  27097,   2089,   6412,  21961,     62,   9048,
           497,    330,   1866,   1827,  14762,    368,    961,    330,   3849,
           698,  31770,     10,    750,   4357,  79137,  25807,    368,   1464,
          1807,    510,     10,    262,    470,   2643,  23658,    670,    445,
            44,  27097,  60926,   2158,  57783,  34780,    497,    330,   3849,
          1827,  14762,    368,    621,    330,   1866,    698,  16911,  16911,
           707,   2138,  57117,  20584,    368,   1464,   1807,    510,    257,
           470,   2643,  23658,    670,    445,     44,  27097,  44067,  22073,
         92048,   1825,  38967,    497,    330,   3849,   1827,  14762,    368,
           621,    330,   1866,    698,    715], dtype=torch.int32), 'agentic')

(tensor([19565,   436, 80888,  ..., 16319, 56828,   982], dtype=torch.int32), 'agentic')

(tensor([42555,    51,   481,  ..., 26185,   284,  2240], dtype=torch.int32), 'agentic')

(tensor([   34, 62988,   915,  ...,  3804,   721,   982], dtype=torch.int32), 'agentic')

(tensor([ 4498, 32854,   264,  ...,  9434, 30646,    61], dtype=torch.int32), 'agentic')

(tensor([16041, 14237, 10219,  ...,  1727,  3824,  1727], dtype=torch.int32), 'agentic')

(tensor([2623,  678, 5413,  ...,   11,   20,  488], dtype=torch.int32), 'agentic')

(tensor([21377, 82658,    17,  ...,   537, 32072,   510], dtype=torch.int32), 'agentic')

(tensor([   50,  2448,  1565,  9380,    63,  1265,  4828,  1565,  7928,  4971,
         1354,    63,   979,   279, 14875,  1558,   537,  3000,  1667,  1565,
         5132,    63, 11502,   198, 33552,    11, 72394,  6147, 39569,   264,
         2477, 49040, 14875,   311,   264,  8543,   979,   279,  1565,  5132,
           63, 11502,   374,  1483,    13,  1084,  1035,   387,  6419,   421,
        72394,  1410,  2432,   279,  7709,   389, 23182,    13,  1913, 23182,
           11,   458,  1565,  7928,  4971,  1354,    63,   686,   387,  9223,
          448,   458,  1465,  2033,  1565,  1527,  1465, 10012,   320,  7928,
         4971,     8,   979,  8097,   279, 27181,  5666,    25, 13873,  5733,
           25, 46978, 26673,    25, 46978,  1558,   537,  3000,   369, 14875,
          314, 32393,    62,  1885,  5541,   871,   334, 13306,  2038, 66475,
         2529, 73022, 12663,   319,  2972,   284, 60353,    18,  6581,   445,
        71938, 30101, 15722, 38513,    62,  1885,   284,  2943,  2520, 34092,
        38513,  7805,   262,  3988,   428,  1944,  4723,   262, 17434,   428,
           38,  9980,  4723,   262, 33962,  1165, 11552, 64963, 17275,  4988,
        57933,  1341,   871, 32393,    62,  1885,   284,  2943,  2520, 34092,
        36508,  7805,   262, 17434,  4988, 57933,    28, 15722, 38513,    62,
         1885,  1871,   262,  9656,   428,  1944, 34668,  4723, 64963, 27289,
        57933,  1341,   871, 16397,    62,  1885,   284,  2943,  2520, 31283,
        21134,   428,  1944, 84993,   899,  1183, 26321, 57933,  1341,   871,
         2972, 24124,  7805,   262, 32755, 57933,    28, 16397,    62,  1885,
         1871,   262, 46978,    28, 32393,    62,  1885,  1871,   262, 24497,
          428,  5132,  4723,     8,   220,   671, 21057,   438,  3601,   871,
         2972,  7440, 36508,     7, 27289, 57933,    28, 32393,    62,  1885,
         7229,  2972, 24124,  7805,   262, 32755, 57933,    28, 16397,    62,
         1885,  1871,   262, 46978,    28, 32393,    62,  1885,  1871,   262,
        24497,   428,  5132,  4723,     8,   671, 12254,  4828, 13873,  4971,
         1354,   871, 73022,   871,   334, 18862,  1102, 66475,   576,  1537,
         1618,   311,  1565,  9380,    63,  1265,  4828,  1565,  7928,  4971,
         1354,    63,   871,   334,    44,  2072,  2319, 66475,   220,    20,
           13,    15,    13,    18,  1406, 13481,  1177, 12875,   264,  3183,
         2072,  2687,  4412, 20227,  7197,   293,  3183,  2072,  2687,  4412,
        20227,  7197,   198,  4421,   264,  3183,  2072,  2687,  4412, 20227,
         7197,   198, 62289,   293,  3183,  2072,  2687,  4412, 20227,  7197,
          198, 19155,   481,    20, 99082,    11,    21,   488,    20, 99082,
           11, 99243, 22250,   707, 17936,  1193,    11,  8543,    62,  1885,
           25,   607,    11, 14875,    25,   607,    11, 11502,    25,   607,
            8,  1464,  3719,  2282,   815,   198,   260,  2310, 59423,   284,
          656,  1436,  3903, 59423, 43588,    62,  1885,    11, 14875,    11,
        11502,   340,   260,   421,  2310, 59423,   510,  1797,   470,  2310,
        59423,   198, 16911,    10,   286,   421, 11502,   621,   330,  5132,
         4660,    10,   310,  1430,   510,    10,   394,   671, 23219,   279,
        14875,  6724,    11, 25459,   432,   594,   264,   501, 15130,   198,
           10,   394,   671, 67973, 40133,   525,  2058,  1730,   421,   458,
        14875,   374, 11057,    11,   518,  3245,   369,   264,  2805,  4168,
          198,    10,   394,   656,   670, 36508, 54502,   340,    10,   310,
         3650,   328,  2448, 67415,   510,    10,   394,   671, 11482,  1948,
         1565,  1885,    90, 32393,  5541,   374, 30935,   304, 23182,   438,
         1632,   198,    10,   394,  4828,   328,  2448,  7928,  4971,  1006,
           10,   503,   282,     1,  7928,  5733,    25, 46978, 26673,    25,
        46978,  1558,   537,  3000,   369, 14875,   796,    77,    90, 32393,
        11190,    10,   394,  1727, 16911,   260,  8543,   284,   656,   670,
        31283, 43588,    62,  1885,   340,   260, 15130,   284, 29505,  1193,
        18753,   842,    11,  8543,    11, 14875,    11, 11502,   340,   260,
         8200,   284,   341], dtype=torch.int32), 'agentic')

(tensor([    50,     18,  14530,   1190,    304,   1992,    448,   4248,   1242,
         24810,    458,   4683,    198,  12543,   7842,    279,  32382,    311,
         14530,   1190,     11,  72394,    686,   4828,    458,   4683,    421,
           498,   1430,    311,   2975,    458,   1633,    304,   1992,   1393,
         34521,   1181,  32382,     11,   1576,    432,  16283,    311,    990,
           279,   2530,   1376,  73514,    957,   7808,    714,    429,   1376,
           702,   1012,  58763,    553,    279,    501,    825,  21722,    825,
           304,   1992,  17799,   8419,    594,    279,  45780,     25,   2529,
         73022,  12663,    319,   1797,   2887,   3521,   2912,  46640,  22213,
          7693,  11924,   1037,     85,   8193,  23203,     18,     13,  98668,
         47581,  75159,   3183,   2072,   2687,     18,  32280,  22589,   7197,
           497,   1555,    220, 111508,     19,     11,    304,   1376,   9651,
           319,     36,   2290,   2033,    284,    656,   1436,    792,   9651,
          4875,     11,   2480,   2903,     11,    656,  17994,   1218,     36,
          1797,   2887,   3521,   2912,  46640,  22213,   7693,  11924,   1037,
            85,   8193,  23203,     18,     13,  98668,  47581,  75159,   3183,
          2072,   2687,     18,  32280,  22589,   7197,    497,   1555,    220,
        114062,     21,     11,    304,    716,    792,   9651,    319,     36,
          2290,    470,    656,   1436,    792,   9651,  15545,   4875,     11,
          2487,     11,  15609,   1269,     11,   3239,     11,   1376,   1269,
          1218,     36,   1797,   2887,   3521,   2912,  46640,  22213,   7693,
         11924,   1037,     85,   8193,  23203,     18,     13,  98668,  47581,
         75159,   3183,   2072,   2687,     18,  32280,  22589,   7197,    497,
          1555,    220, 114491,     19,     11,    304,    716,    792,   9651,
         15545,    319,     36,   2290,   1376,   2346,  16082,   2824,     11,
         12105,     28,  70210,  59119,    319,     36,   1797,   2887,   3521,
          2912,  46640,  22213,   7693,  11924,   1037,     85,   8193,  23203,
            18,     13,  98668,  47581,  75159,   3183,   2072,   2687,     18,
         20227,   7197,    497,   1555,    220, 116768,     11,    304,    897,
           319,     36,   2290,    656,   1436,    957,   7776,  37977,      7,
            15,   1218,     36,   1797,   2887,   3521,   7063,  22213,   8193,
         23203,     18,     13,  98668,  69920,   1192,   7197,    497,   1555,
           220, 102114,     24,     11,    304,   5931,    319,     36,   2290,
           470,    656,   1436,   1192,  37977,   4071,   2116,   1218,     36,
          1843,  15390,     25,    358,  17507,   5666,    389,   7877,   1034,
          3224,  73022,    871,     40,   3278,   1430,    311,   1787,    264,
          8574,  19583,     13,  23277,   1249,  22739,  31841,  73022,  12663,
           319,     82,     18,   8178,   3597,   5314,   7805,    262,  47471,
         22031,  11147,   1269,   1871,    262,   5309,     28,   1700,   3097,
          1871,    262,  13949,   1131,   4913,    792,    788,    330,    957,
          9204,   5550,   7229,      2,   2975,    279,   1633,    304,   1992,
           448,   1045,  11155,    323,  24815,    432,     11,    714,    448,
           264,  32382,    319,     82,     18,   8178,  12226,   5314,   7805,
           262,  47471,  22031,  11147,   1269,   1871,    262,  14530,   3608,
         18083,  14120,  30293,   1269,  22413,   1700,   3097,     92,   4723,
           262,   5309,     28,   1700,   3097,   1871,    262,   4248,   1242,
         27752,    428,  32985, 116265,   4723,    262,  33427,  61641,    428,
           787,  35696,   4723,   1218,  73022,   1406,  13481,   1177,  12875,
           264,   3183,   2072,   2687,     18,  32280,  22589,   7197,    293,
          3183,   2072,   2687,     18,  32280,  22589,   7197,    198,   4421,
           264,   3183,   2072,   2687,     18,  32280,  22589,   7197,    198,
         62289,    293,   3183,   2072,   2687,     18,  32280,  22589,   7197,
           198,  19155,    481, 123903,     22,     11,     22,    488, 123903,
            22,     11,     22,  22250,    707,    716,    792,   9651,  15545,
          1006,   1797,  32382,  59119,    284,   1681,  17994,    670,    445,
            87,  32073,     89,  15922,   1242,  18746,   7095,   1138,   1797,
           421,  32382,  59119,    510,    338,  32382,   3142,    284,  12558,
         63580,   1006,     12,    503,   1376,   2346,  16082,   2824,     11,
         12105,     28,  70210,  59119,    198,     10,    503,    501,   3097,
          2824,     11,  12105,     28,  70210,  59119,    198,    338,   7457,
         18167,    445,   4762,     12,     23,   1138,    338,   2033,  26633,
          5317,   1006,   3824,   5212,  72624,    788,    314,     69,      1,
         72624,     90,  70210,  59119,     92,    788,  32382,   3142,  11243],
       dtype=torch.int32), 'agentic')

(tensor([24897,  7860,  8976,  ...,   656, 21415, 43898], dtype=torch.int32), 'agentic')

(tensor([    50,     18,  19127,  21196,    220, 100840,    389,   2319,    291,
         15609,    198,   1986,    374,    458,  24995,    429,   6932,   1948,
           220,     19,     13,     15,     13,     20,    488,    220,     19,
            13,     15,     13,     23,     13,    220,    576,   4265,    374,
          4152,    311,   1555,   3703,   1110,   5204,    905,  26648,   1111,
            66,   3183,   2072,  34654,  23240,   3183,   2072,   2687,     18,
         20227,   7197,      2,     43, 127279,     21,    892,    374,   3730,
           264,   5538,   2975,    315,   2494,    432,   1265,    537,    387,
          5538,  30913,    438,    279,   5944,    374,  16946,    448,  31543,
           323,   1128,    537,     13,    220,    758,   3654,  25205,    279,
          1034,    686,    387,   7877,  14371,    432,    311,   2510,    458,
          4683,     13,    220,   3496,   3703,   1110,   5204,    905,  26648,
          1111,     66,   3183,   2072,  38537,     14,     20, 101135,     16,
             2,  11154,   6182,     12, 109295,     22, 101961,     24,  98729,
            22,   1406,  13481,   1177,  12875,    264,   3183,   2072,   2687,
            18,  20227,   7197,    293,   3183,   2072,   2687,     18,  20227,
          7197,    198,   4421,    264,   3183,   2072,   2687,     18,  20227,
          7197,    198,  62289,    293,   3183,   2072,   2687,     18,  20227,
          7197,    198,  19155,    481, 126884,     11,     22,    488, 126884,
            11,  98886,  22250,    707,  49602,   4164,   1193,    982,    257,
           671,   3703,   1110,  14111,  42948,   2659,     14,     18,  45177,
          4322,  25527,   2564,      2,  89353,  20689,   1262,     12,  19174,
           198,    257,    707,   1304,    455,   2454,   3804,    721,    982,
           260,   1584,    284,    656,   4847,   8476,  18692,   8559,    741,
            12,    286,   1584,   1183,    957,   1341,    284,    656,   2824,
           198,     10,    286,   1430,    510,     10,    310,   1584,   1183,
           957,   1341,    284,    656,   2824,    198,     10,    286,   3650,
         15390,    510,     10,    310,    671,  10307,    374,   2669,   7877,
            11,    773,    582,    646,    944,   5545,    279,    821,    198,
            10,    310,    671,   8277,   8572,    421,    279,   1376,    572,
         11057,    198,     10,    310,   1584,   1183,    957,   1341,    284,
          8388,    260,   1594,   1584,  59734,    957,   7776,   7026,    260,
          1594,   1584,   1183,   1023,   7026,    260,    470,   1584,    198],
       dtype=torch.int32), 'agentic')

(tensor([   82,    18, 15545,  ...,   260,  1430,   510], dtype=torch.int32), 'agentic')

(tensor([16041,  1627,  5611,  ...,  2582, 14600,   397], dtype=torch.int32), 'agentic')

(tensor([ 21377,  82658,     60,  ...,  19155,    481, 124212],
       dtype=torch.int32), 'agentic')

(tensor([ 40246,   7709,    979,    264,  28952,   1965,   5610,    264,   6021,
           369,   9103,  31997,     81,    220,     15,     13,     15,     13,
            15,     13,     15,     14,     15,    198,  13041,  48440,     40,
          7196,   1730,    458,   4265,     13,    358,   2776,   1667,   2205,
          7693,    323,    358,   1156,   3381,    432,    374,    458,   1465,
           389,    279,   2205,   7693,   3108,    320,   4060,   3703,   1110,
          5204,    905,  22213,   7693,  22213,   7693,  38537,     14, 102626,
            16,     20,    568,   1988,   1283,    264,   2632,  27610,    358,
         15195,    279,   3491,    374,    304,  72394,  17799,     40,    614,
           264,  28952,   1965,    448,    279,   2701,   2213,   2834,  73022,
           319,   1666,    220,    330,   4899,  21618,    788,  23572,    262,
           972,    414,    330,  29700,    804,    788,  23572,    286,    972,
           688,    330,   6202,    788,    895,   1871,    688,    330,   4899,
          2556,  63008,    764,    788,    330,   3342,     65,  46589,     12,
            22,   1371, 103093,     18,     19,     67,   4723,    688,    330,
          4899,   2556,    764,    788,    330,   3342,     65,     12,     23,
            69, 102807,    450,  99200,   4723,    688,    330,   3136,   4711,
           764,    788,    330,  87904,     12,     18,   4645,     24,     67,
            18,     66,     15,   4723,    688,    330,  63008,   1397,    788,
           972,    310,    330,   1397,    788,    330,  48774,   5031,    688,
          1686,    286,   1686,    414,  34171,    414,    330,   4899,   2556,
           764,    788,    330,   3342,     65,     12,     23,     69, 102807,
           450,  99200,   4723,    414,    330,  26567,    788,  23572,    286,
           972,    688,    330,  33443,     34,    307,     81,   4713,    788,
           330,  98668,     13,     16,     13,     15,     13,     15,     14,
         99317,   4723,    688,    330,  40484,    764,    788,    330,   2438,
          4723,    688,    330,  13290,    788,    330,   4021,   4899,   2556,
          4723,    688,    330,   1397,    788,    330,   3028,   5031,    286,
          9874,    286,    972,    688,    330,  33443,     34,    307,     81,
          4713,    788,    330,     15,     13,     15,     13,     15,     13,
            15,     14,     15,   4723,    688,    330,  40484,    764,    788,
           330,    343,     86,   5655,     16,     69, 100702,     67,  99082,
          4723,    688,    330,  13290,    788,    330,   4021,   4899,   4723,
           688,    330,   1397,    788,    330,   3028,   5031,    286,   1686,
           414,  34171,    414,    330,  15918,    788,  92445,    414,    330,
            53,   3992,    764,    788,    330,     85,   3992,   2220,     23,
            67,     24, 101961, 102486,   4723,    414,    330,  93647,    788,
           330,  99752,  99752,  99752,  99752,   5031,    262,   1686,    220,
         47762,   1771,  73022,    871,     40,   1430,    311,    912,    264,
          6021,    448,    279,   9103,  31997,     81,    220,  98668,     13,
            17,     13,     15,     13,     15,     14,  99317,    311,    419,
         28952,   1965,     13,   3197,    358,   1430,    311,    912,    279,
          6021,    358,    633,    458,   1465,    330,  44641,   9568,    304,
          9568,   6633,    320,   3342,     65,     12,     15,  99200,     65,
            24,     67,     23,     64,      8,    448,   9103,    320,  98668,
            13,     17,     13,     15,     13,     15,     14,  99317,   1648,
          9568,  38163,  15563,     25,    576,   6021,  10815,    553,    220,
         98668,     13,     17,     13,     15,     13,     15,     14,  99317,
          2669,   6724,   3263,    871,  16001,  27610,    358,   5485,     11,
           279,   2530,    315,    419,   1465,  21336,    311,    387,    279,
           421,  21595,    304,   3703,   1110,   5204,    905,  23239,     76,
          2072,   3183,   2072,  34654,     14,     23,    757,     24,  98965,
            23,     66, 100928,     67,     19, 101655,     15,  99695,     19,
            68, 100104,    757, 120547,     19,     69,  70943,   3065,    329,
            22,     65,  71998,   3183,   2072,  72494,     17,  20227,   7382,
          2133,  35454,   7197,      2,     43,     20,  99419,    892,    572,
         11518,    448,   5266,   3703,   1110,   5204,    905,  23239,     76,
          2072,   3183,   2072,     14,  17390,   2899,     18,     69,     15,
         99618, 102636,    542, 101474,     19, 100002,     24,     23,   2127,
         99200,     19,   6902,     16,     69,     19,     69,     23,     64,
            22,     67, 100928,     17, 101917,     67,     18,     66,    320,
          4060,   4265,   3703,   1110,   5204,    905,  23239,     76,   2072,
          3183,   2072,  38537,     14,     20,  99243,     22,    568,    576,
          1714,   1618,    369,    279,   5997,   2273,     19,  20919,    284,
           220,  98668,     13,     17,     13,     15,     13,     15,     14,
         99317,    448,    279,   6021,  34844,  68200,     81,   7113,    284,
           220,     15,     13,     15,     13,     15,     13,     15,     14,
            15,   4675,   3007,  17799,  21340,    320,     40,   2776,    537,
           264,  10130,   6203,      8,    432,   1035,    387,   4396,    311,
           912,   2441,   5114,    311,    279,    421,  21595,  31841,   5405,
         21595,   2834,  73022,    319,    333,    537,   6021,  11028,    323,
          5997,   2273,     19,  20919,  41762,  88980,   7805,    394,   5997,
          4995,  46629,     85,     19,  12314,   4199,  31305,  34844,  68200,
            81,   7113,   5784,    310,   8615,  73022,    871,   3564,  21595,
          2834,  73022,    319,    333,    537,   6021,  11028,    323,    323,
           537,   6021,  34844,  68200,     81,   7113,    621,    330,     15,
            13,     15,     13,     15,     13,     15,     14,     15,      1,
           323,   5997,   2273,     19,  20919,  41762,  88980,   7805,    394,
          5997,   4995,  46629,     85,     19,  12314,   4199,  31305,  34844,
         68200,     81,   7113,   5784,    310,   8615,  73022,    201,   1022,
         13481,   1177,  12875,    264,   3183,   2072,  72494,     17,  20227,
          7382,   2133,  35454,   7197,    293,   3183,   2072,  72494,     17,
         20227,   7382,   2133,  35454,   7197,    198,   4421,    264,   3183,
          2072,  72494,     17,  20227,   7382,   2133,  35454,   7197,    198,
         62289,    293,   3183,   2072,  72494,     17,  20227,   7382,   2133,
         35454,   7197,    198,  19155,    481,     20,  99367,     11,     22,
           488,     20,  99367,     11,     22,  22250,    707,   1304,   7067,
         55964,  68200,     81,   7113,   1006,    260,    369,   6021,    304,
          6021,   5237,  39094,  10651,   3932,   1797,    421,    537,   6021,
         34844,  68200,     81,   7113,    510,    338,   3060,    198,     12,
           310,    421,    537,   6021,  11028,    323,   5997,   2273,     19,
         20919,  41762,  88980,   1006,     12,    394,   5997,   4995,  46629,
            85,     19,  12314,   4199,  31305,  34844,  68200,     81,   7113,
          1171,     10,    310,    421,    537,   6021,  11028,    323,   5997,
          2273,     19,  20919,    621,   5997,   4995,  46629,     85,     19,
         12314,   1006,     10,    394,    607,  31305,  34844,  68200,     81,
          7113,    340,   1797,  20988,    338,   4828,   9568,  38163,  15563,
          1454,  47774,  68200,     81,   7113,    340], dtype=torch.int32), 'agentic')

(tensor([10447,   474,  6888,   271,    51,   284,   526,  5384,  2398,  1958,
          716,   304,  2088,  4140,   982,   262,   305,    11,   272,    11,
          259,   284,  2415,  1548,    11,  1946,  1005,  6960,  2398,   262,
         1496, 11765,   284,   320,    71,   488,   272,     8,   608,   220,
           17,    13,    15,   198,   262,  1496, 15838,   284,  3647,  1155,
          481,  1496, 11765,   340,   262,  1496,  1089,   284,   220,    17,
          198,   262,   421,  1496, 15838,   621,   220,    15,   510,   286,
         1173,  2026,  1037,  1089,   340,   286,  3060,  7213,   262, 46624,
          284,   220,    17,   353,   259,   481,   305,   481,   272,   198,
          262,  1850, 74082, 15838,   284,  2224,   492, 13564,  1305,   262,
         1850, 74082,  1089,   284,   481,    16,  7213,   262,   421, 46624,
          961,   220,    15,   510,   286,   296, 15020,   284,   320,    71,
          481,   259,     8,   608, 46624,   198,   286, 11173,   284,  4167,
          286,   421,   296, 15020,   366,   220,    15,   510,   310, 11173,
          284,   508,    15,   921,   286,   770,   510,   310,   296, 59626,
          284,  6888, 12882,  1255, 15020,   340,   310,   296,    62, 22003,
          284,   296, 59626,   488,   220,    16,   198,   310, 11173,   284,
          508,    76, 59626,    11,   296,    62, 22003,   921,  1789,   286,
          369,   296,   304, 11173,   510,   310,   421,   296,   366,   220,
           15,   510,   394,  3060,   198,   310,   308,   284,   220,    17,
          353,   296,   488,   220,    16,   198,   310,  2790,  1523,   284,
          320,    76,   488,   220,    16,     8,   353,   305,   198,   310,
         2790,   666,   284,   296,   353,   272,   198,   310,  5461,   284,
          320,  5035,  1523,   488,  2790,   666,     8,   608,   308,   198,
          310,  1482, 15838,   284,  3647,     7, 17182,   481,   259,   340,
          310,   421,   320,  3231, 15838,   366,  1850, 74082, 15838,     8,
          476,   320,  3231, 15838,   621,  1850, 74082, 15838,   323,   308,
          366,  1850, 74082,  1089,   982,   394,  1850, 74082, 15838,   284,
         1482, 15838,   198,   394,  1850, 74082,  1089,   284,   308,  7213,
          262,   421,  1496, 15838,   366,  1850, 74082, 15838,   510,   286,
         1173,  2026,  1037,  1089,   340,   262,  4409,  1850, 74082, 15838,
          366,  1496, 15838,   510,   286,  1173, 59011, 74082,  1089,   340,
          262,   770,   510,   286,  1173, 14137,  2026,  1037,  1089,    11,
         1850, 74082,  1089,   593], dtype=torch.int32), 'code')

(tensor([10447,    77,    11,   595,   284,  2415,  1548,    11,  1946,  1005,
         6960,  2398,  7968,   284,   508,  1355,  1005, 13097,   368,   369,
          716,   304,  2088,     7,    19,   353,   308, 27677, 39875, 30001,
         8076,   284,  4167,  1958,  1555,   304,  5128,   510,   262, 77828,
          284,  4167,   262,   369,   600,    11,   272,   304, 13244,  8796,
          982,   286,   421,   272,   304,  5360,    64,   516,   364,    68,
          516,   364,    72,   516,   364,    78,   516,   364,    84,  8274,
          510,   310, 77828,  2057,  1956,   340,   262,   421,  2422,  3747,
          363,  2010,     8,   366,   595,   510,   286,  1173,   445,  8993,
         1138,   286,  4869,   741,   262,  1191,   284, 77828,  7609,    74,
          921,   262, 96123,  8076,  2057,  8796, 28363,    25,  9600,     2,
         4248,   421,   678,   922, 60550,  1735,   525,   264, 32497,   320,
          541,  5128, 96123,   340,   541,  4306, 32497,   284,  3007,   198,
         1958,   600,   304,  2088,  1445,   982,   262,  1191,   284,   600,
          353,   220,    19,   198,   262, 72654, 28986,   284, 96123,  8076,
        28363, 86369,    10,    19,   921,   262,   421,  2422, 14162, 64939,
          266, 28986,   593,   961,   220,    16,   510,   286,   678,  4306,
        32497,   284,  3557,   198,   286,  1438,   198,   333,   678,  4306,
        32497,   510,   262,  1173,   445, 28358,  1138,   262,  4869,  2822,
        10026,   643, 65863,   284,  4167,  1958,   600,   304,  2088,  1445,
          982,   262,  1191,   284,   600,   353,   220,    19,   198,   262,
          435,   284, 96123,  8076, 28363, 86369,    10,    19,   921,   262,
          435,    16,    11,   435,    17,    11,   435,    18,    11,   435,
           19,   284,   435,   198,   262, 30733,   284,   738,   741,   262,
          421,   435,    16,   621,   435,    17,   621,   435,    18,   621,
          435,    19,   510,   286, 30733,   284,  5360,    64, 12517,   516,
          364,   370,   370,   516,   364,   370,  4645,   516,   364, 28358,
        16404,   262,   770,   510,   286,   421,   435,    16,   621,   435,
           17,   323,   435,    18,   621,   435,    19,   510,   310, 30733,
         1364,   492,    64, 12517,  1305,   286,   421,   435,    16,   621,
          435,    18,   323,   435,    17,   621,   435,    19,   510,   310,
        30733,  1364,   492,   370,   370,  1305,   286,   421,   435,    16,
          621,   435,    19,   323,   435,    17,   621,   435,    18,   510,
          310, 30733,  1364,   492,   370,  4645,  1305,   262,  3204,   643,
        65863,  2057,  1141, 65863,   692,     2, 22544, 19210,   315,   678,
         3204, 30733,   198,  3231,   284,  5360,    64, 12517,   516,   364,
          370,   370,   516,   364,   370,  4645,   516,   364, 28358, 16404,
         1958,   274,   304,  3204,   643, 65863,   510,   262,  1482, 14571,
          274,   198,   262,   421,   537,  1482,   510,   286,  1438,   271,
          333,   537,  1482,   510,   262,  1173,   445,  8993,  1138,  1503,
          510,   262,   421,  2422,  8761,     8,   621,   220,    16,   510,
          286,  1173,  8761,  8287,  2398,   262,   770,   510,   286,  1173,
          445,  8993,   899], dtype=torch.int32), 'code')

(tensor([10447,   474,  5708,   198,  1499, 15290,  1159, 42663,   271,   750,
         1887,  3932,   262,  1946,   284,  5708, 42939,  4125,  1005,  6960,
          741,   262, 10082,   284,   220,    15,   198,   262,   451,    11,
         1207,   284,   526,  5384,    58,  3505,  9715,   526,  5384,    58,
         3505,    10,    16,  2546,   262, 10082,  1421,    17,   198,   262,
          362,   284,  1140,  9144,  1548,    11,  1946,    58,  3505,    25,
         3505, 71176, 10902,   262, 10082,  1421,    45,   271,   262,   369,
          716,   304,  2088,  6253,   982,   286,  5479,   284,  1946,    58,
         3505,    25,  3505,    10,    19,    60,   421,  1946,    58,  3505,
           60,   621,   364,    16,     6,   770,  1946,    58,  3505,    25,
         3505,    10,    17,   921,   286,   421,  5479,    58,    15,    60,
          621,   364,    16,  3646,   310,   444,   284,   526, 45936,    58,
           16, 62329,    16,   220,   671,   220,    15,  5980,   198,   310,
          431,   284,   526, 45936,    58,    17, 62329,    16,   198,   310,
         1599,   284,   526, 45936,    58,    18,  2546,   310,   369,   600,
          304,  2088,  4957,    11,   431,    10,    16,   982,   394,   362,
          989,    60,   284,  1599,   198,   310, 10082,  1421,    19,   198,
          286,   770,   510,   310,   730,   284,   526, 45936,    58,    16,
         2546,   310, 10082,  1421,    17,   198,   310,   421,   730,   621,
           15,   510,   394,  1173,     7,    15,   340,   394,  3060,   198,
          310,   425,   284,    15,   198,   310, 20849,   284, 42663,  1548,
          340,   310, 12454,   284,    15,   198,   310,   671,  6852,  6577,
         3241,   198,   310,   369,   600,   304,  2088,  8203,   982,   394,
          671,  2691,   362,   989,   921,   394,   421, 20849, 22460,   989,
         5053,   621,    15,   510,   503, 12454,  1421,    16,   198,   394,
        20849, 22460,   989,  5053,  1421,    16,   198,   394,   671, 10778,
         2392,   700,   315,  3241,   198,   394,   421,   600,  2604,   730,
          510,   503,  2115,   284,   362,   989, 15831,   921,   503, 20849,
        46216,    60,  5982,    16,   198,   503,   421, 20849, 46216,    60,
          621,    15,   510,   664, 12454,  5982,    16,   198,   394,   671,
         5549,   425,   421,  3241,   374,  2697,   198,   394,   421,   600,
         2604,   730,    12,    16,   510,   503,   425,  1421, 12454,   198,
          310,  1173,  5349,   692,   333,  1304,   606,   563,   621, 13257,
         3817, 21035,   262,  1887,   368], dtype=torch.int32), 'code')

(tensor([10447,   474,  5708,   271,   750,  1887,  3932,   262,   451,    11,
          386,    11,   350,   284,  2415,  1548,    11,  5708, 42939, 31667,
         1005,  6960,  2398,   262, 12816,   284,   738,   741,   262,   369,
          716,   304,  2088,  3189,   982,   286,   264,    11,   293,   284,
         2415,  1548,    11,  5708, 42939, 31667,  1005,  6960,  2398,   286,
        12816,  1364,  1188,    64,    11,   293,  1171,  1066,   262,   671,
         1205,  1184,   311,  4057,   678,  6350, 12816,   323,  1855,   264,
          501, 79345,  1380,  1817,  2436,   600,   702, 12816,   311,   678,
          502,   366,   600,   198,   262,   671,  4354,    11,   419,  1035,
         1373,   506,  8203,    61,    17,     8, 12816,    11,   892,   374,
          537, 41963,   448,   730,  2651,   220,    19, 99590,    17,   624,
          262,   671, 12084,    11,   582,  3278,  1855,   264,  8780,  1380,
         1817,  2436,   600,   702,   458,  6821,   311,   600,    12,    16,
           11, 12935,   304, 46936,    88,  5109,   220,    15,    11,   220,
           16,    11,   220,    15,    11,   220,    16,    11, 12230,   262,
          671,  1096,   374,   264, 43549,  5486,   369, 29603,    11,   714,
         1231,   537,   975,   369,  3460,   451,   624,  1066,   262,   671,
        19775,  2567, 28679,   198,   262,  3694,   284,  4167,   262,  6963,
          284,  4167,   262,   671, 10778,   678,  6350, 12816,   198,   262,
          369,   264,    11,   293,   304, 12816,   510,   286,  6963,  2057,
            7,   320,    64,    11,   293,     8,  1727,   262,   671,  2691,
        12816,   311,  1352,   264,  8780,    25,   600,  1464,   600,    12,
           16,   369,   600,   861,   220,    16,   198,   262,   369,   600,
          304,  2088,     7,    17,    11,   451,    10,    16,   982,   286,
         3694,  2057,     7,   320,    72,    11,   600,    12,    16,     8,
         1727,  1066,   262,   671,  9255, 28679,   198,   262,   730,   284,
         2422,     7, 45486,     8,   488,  2422,     7, 16810,   340,   262,
         1173, 16721,   340,   262,   369,   264,    11,   293,   304,  6963,
          510,   286,  1173,   955, 34126,   314,    64,    92,   314,    65,
        14441,   262,   369,   264,    11,   293,   304,  3694,   510,   286,
         1173,   955,  5572,   314,    64,    92,   314,    65, 14441,  1066,
          262,   671,  4695,    11,  1882,  1817,  1273,  1142,   198,   262,
          369,   716,   304,  2088,  4140,   982,   286,   671,   576, 46936,
           88,  1372,   369,  2436,   600,   374,   220,    16,   421,   600,
          374, 10317,    11,   220,    15,   421,  1496,   320, 23581,   311,
          279,  8780,  5944,   340,   286,   671,  1096,   374,   264, 15479,
         2404,    26,  5042,  5486,  7460,  4911, 46936,    88,  5109,   624,
          286,   671,  1752,   279, 24409,   315,  3110,    11,  9654,   279,
        10802,  4771,   594, 46936,    88,  5109,   525,   220,    15,    11,
          220,    16,    11,   220,    17,    11, 59933,   451,    12,    16,
          624,   286,   671,  1205,  3278,   990,  7868,  2711,   311,  1477,
          279, 11876,  2436,   594, 46936,    88,  1372,   624,   286,   671,
         1988,  4152,   311,   882, 16963,    11,   419,  3110,  5711,   264,
         6770,  5486,   624,   286,   671, 33199,  8128,  1265,   990,  7868,
        19519,   624,  1789,   286,   671, 13374, 16216,   369,   279,  6077,
         1946,   198,   286,   671,  1096,   949,   374,  7548, 17723,   389,
          279,  5042,  4771,  5944,   323, 19519,   624,   286,   671,   576,
         2701,   374,   264,  5878,   311, 40146,   279, 16216,   624,  1789,
          286,   671, 10995,   458,  4287,  3239,   198,   286,  1173, 66203,
          220,    15,  1138,   286,  5708, 24763, 22976,   741,   286,   592,
          284,  5708, 42939, 31667,  1005, 13097,   741,   286,   421,   592,
          621,   330,    43,   960,  4660,   310,   671, 63506,   279, 11876,
         2436,   374,   220,    16,   320,  6464, 58775,   220,    15,   340,
          310,  1173, 84466,   220,    16,  1138,   286,   770,   510,   310,
          671,  6944,  5048,   198,   310,  1173, 66203,   220,    16,   220,
           17,  1138,   310,  5708, 24763, 22976,   741,   310,   592,   284,
         5708, 42939, 31667,  1005, 13097,   741,   310,   421,   592,   621,
          330,  8136,  4660,   394,  1173, 84466,   220,    17,  1138,   310,
          770,   510,   394,  1173, 84466,   220,    18,  1138,   286,  5708,
        24763, 22976,   741,   286,   671,  4457, 39752, 22120, 14337,   198,
          286, 11050,   284,  5708, 42939, 31667,  1005, 13097,   741,   286,
          421, 11050,   961,   330, 32934,  4660,   310,  4869,  2822,   333,
         1304,   606,   563,   621, 13257,  3817, 21035,   262,  1887,   368],
       dtype=torch.int32), 'code')

(tensor([ 10447,   1891,    284,   5360,     15,   9982,     15,    516,    364,
            16,   9982,     16,    516,    364,     17,   9982,     20,    516,
           364,     20,   9982,     17,    516,    364,     23,   9982,     23,
         67133,     51,    284,    526,   5384,   2398,   1958,    716,    304,
          2088,   4140,    982,    262,    305,     11,    296,    284,   2415,
          1548,     11,   1946,   1005,   6960,   2398,    262,    274,    284,
          1946,   1005,  13097,    741,    262,    472,     11,    386,    284,
          2415,   1548,     11,    274,   5289,  15971,   6987,    262,   1191,
         10779,    284,    472,    353,    296,    488,    386,    198,    262,
          2790,    284,    305,    353,    296,    198,    262,    369,   3019,
           304,   2088,  22781,    982,    286,   1482,  10779,    284,    320,
          2468,  10779,    488,   3019,      8,   1018,   2790,    198,    286,
          1482,   2039,    284,   1482,  10779,    442,    296,    198,    286,
          1482,   1245,    284,   1482,  10779,   1018,    296,    198,    286,
         37718,    284,    282,  14120,   3231,   2039,     25, 100772,     67,
         11190,    286,   9461,    284,    282,  14120,   3231,   1245,     25,
        100772,     67,  11190,    286,   2697,  41197,    284,   3007,    198,
           286,    369,    272,    304,  37718,    488,   9461,    510,    310,
           421,    272,    537,    304,   2697,    510,    394,   2697,  41197,
           284,   3557,    198,    394,   1438,    198,    286,    421,    537,
          2697,  41197,    510,    310,   3060,    198,    286,  68533,   1523,
          2895,    284,   2697,     58,   3821,     58,     16,   5053,    488,
          2697,     58,   3821,     58,     15,  14278,    286,  68533,    717,
          2895,    284,   2697,     58,  20326,     58,     16,   5053,    488,
          2697,     58,  20326,     58,     15,  14278,    286,  68533,   1523,
           284,    526,   1255,    404,  47349,   1523,   2895,    340,    286,
         68533,    717,    284,    526,   1255,    404,  47349,    717,   2895,
           340,    286,    421,  68533,   1523,    366,    305,    323,  68533,
           717,    366,    296,    510,    310,   1173,    955,  14120,   3231,
          2039,     25, 100772,     67,  57749,   3231,   1245,     25, 100772,
            67,  14441,    310,   1438], dtype=torch.int32), 'code')

(tensor([10447,   474,  5708,   271,    83,   284,   526, 18112, 42939, 31667,
         2398,  1958,   716,   304,  2088,  1155,   982,   262,   264,    11,
          293,   284,  2415,  1548,    11,  5708, 42939, 31667,  1005,  6960,
         2398,   262,   421,   264,   621,   293,   510,   286,  1173,   445,
           15,   220,    15,  1138,   262,   770,   510,   286,   294,   284,
         3647,  2877,   481,   293,   340,   286,  1463,   284,   264,  1018,
          294,   198,   286,   595, 61920,   284,   320,    67,   481,  1463,
            8,  1018,   294,   198,   286, 32112, 22670,   284,   294,   481,
          595, 61920,   198,   286,   421,   264,  2604, 32112, 22670,   510,
          310,  7354,   284,  1308,  5969, 61920,    11, 32112, 22670,   340,
          286,   770,   510,   310,  7354,   284,   595, 61920,   198,   286,
         1173,  1500,    11,  7354,     8], dtype=torch.int32), 'code')

(tensor([10447,   474,  5708,   271,   750,  1887,  3932,   262,  5708,   980,
         2758, 34112,  9502,     7,    16,  1115,   220, 99446,   340,   262,
          308,    11,   296,   284,  2415,  1548,    11,  5708, 42939, 31667,
         1005,  6960,  2398,   262, 12463,   284, 83812,   369,   716,   304,
         2088,  1445,   488,   220,    16,  7252,   220,   671, 12085,   220,
           16,  5980, 51639,   198,   262,   369,   716,   304,  2088,  1255,
          982,   286,   264,    11,   293,   284,  2415,  1548,    11,  5708,
        42939, 31667,  1005,  6960,  2398,   286, 12463, 15469,   936,  5090,
         1883,   340,   286, 12463, 18453,   936,  5090,  2877,   340,   262,
          671, 15954, 73275, 11464,   369,  7868,  2711,   198,   262,   369,
          600,   304,  2088,     7,    16,    11,   308,   488,   220,    16,
          982,   286, 12463,   989,   936,  6860,   741,   262,   650, 28765,
          284,  1140, 22288,     7,    16,    11,   308,   488,   220,    16,
          593,   220,   671, 58153, 10610,   198,   262,  6813,   284,  4167,
          262,  1393,   650, 28765,   510,   286,   575,   284,   650, 28765,
         8287,     7,    15,   340,   286,  3692,   284,   508,    84,   921,
          286,  7177,   284,   508,    84,   921,   286,  1393,  7177,   510,
          310,   348,   284,  7177,  8287,   741,   310,   671,  7379,   678,
         7798,   304,   650, 28765,   537,   304, 12463, 16514,   921,   310,
        12463,  2273,   284, 12463, 16514,   921,   310,   501,  4907, 28765,
          284,  4167,   310,   311,  2891,   284,  4167,   310,   600,   284,
          220,    15,   198,   310,   502,   284,   220,    15,   198,   310,
          671,  5443,  1378, 27362,   311,  1477,  5424,   304,   650, 28765,
          537,   304, 12463,  2273,   198,   310,  1393,   600,   366,  2422,
        18335, 28765,     8,   323,   502,   366,  2422, 70978,  2273,   982,
          394,   421,   650, 28765,   989,    60,   366, 12463,  2273,  3809,
        10338,   503,   311,  2891,  2057, 18335, 28765,   989,  2546,   503,
          600,  1421,   220,    16,   198,   394,  4409,   650, 28765,   989,
           60,   621, 12463,  2273,  3809, 10338,   503,   501,  4907, 28765,
         2057, 18335, 28765,   989,  2546,   503,   600,  1421,   220,    16,
          198,   503,   502,  1421,   220,    16,   198,   394,   770,   510,
          503,   502,  1421,   220,    16,   198,   310,   671,  2691,  9660,
          650, 28765,  5424,   311,   311,  2891,   198,   310,   311,  2891,
        15819, 18335, 28765,   989, 42812,   310,   671,  5549,   650, 28765,
          311,   501,  4907, 28765,   198,   310,   650, 28765,   284,   501,
         4907, 28765,   198,   310,   671, 69560,  3692,   323,  7177,   448,
          311,  2891,   198,   310,  3692, 15819, 12180,  2891,   340,   310,
         7177, 15819, 12180,  2891,   340,   286,  6813,  2057, 21180,   340,
          262,   671,  9255,   279,  6813,   198,   262,  1173,  6901, 98217,
         1171,   262,   369,  1367,   304,  6813,   510,   286,  1173,  6901,
        29891,   701,   835,  1131, 21634,   286,  1173,   492,  6256,  5987,
         9144,  4199,    11, 10610, 29891, 57177,   333,  1304,   606,   563,
          621, 13257,  3817, 21035,   262,  1887,   368], dtype=torch.int32), 'code')

(tensor([10447,    77,   284,   526,  5384,  2398, 16881,   284, 83812,   369,
          716,   304,  2088,  1445,   488,   220,    16, 27677,  1958,   716,
          304,  2088,     7,    17,   353,   308,   982,   262,   264,    11,
          293,   284,  2415,  1548,    11,  1946,  1005,  6960,  2398,   262,
        12816, 15469,   936,  5090,  1883,   340,   262, 12816, 18453,   936,
         5090,  2877,   692,     2,  4248,   421,   678,  7798,   614,  8380,
          220,    19,   198,  1958,   600,   304,  2088,     7,    16,    11,
          308,   488,   220,    16,   982,   262,   421,  2422, 74498,   989,
         2467,   961,   220,    19,   510,   286,  1173,  4080,    16,   340,
          286,  4869,  2822,  1499, 15290,  1159, 42663,   271, 24663,   284,
        42663, 14162,   340,  1958,   600,   304,  2088,     7,    16,    11,
          308,   488,   220,    16,   982,   262, 12463,   989,    60,   284,
          738, 74498,   989,  9600,  2468,   284,  1790, 26982, 70978,  1171,
        15093,   284,  3557,   271,  1958,  9561,   304, 12463, 28363, 10338,
          262, 10770,   284,   508,  2468,    11,  9561,   921,   262, 11988,
          284,   314,  2468,    11,  9561,   532,   262,  7872,    11,  1482,
          284,  1191,    11,  9561,   198,   262,  2697,   284,  3007,   198,
          262,   369,   716,   304,  2088,  1445,   481,   220,    17,   982,
          286,  4185,   284, 12463, 25687,    60,   609, 12463,    58,  9878,
          921,   286, 11173,   284,  4185,   481, 11988,   198,   286,   421,
         2422,  1337, 26141,     8,   961,   220,    16,   510,   310,  2697,
          284,  3557,   198,   310,  1438,   198,   286,  1790,  5084,   284,
        11173,  8287,   741,   286, 10770,  2057, 16894,  5084,   340,   286,
        11988,  1364, 16894,  5084,   340,   286,  7872,    11,  1482,   284,
         1482,    11,  1790,  5084,   198,   262,   421,   537,  2697,   510,
          286,  3060,   198,   262,   671,  4248, 10770, 21901,   323,   678,
        12816,   198,   262,   421,  2422,  1337,  5449,     8,   961,   308,
          476, 10770,    58,    15,    60,   537,   304, 12463, 12441,  5449,
         7609,    16, 82630,   286,  3060,   198,   262,   678, 27931,  8336,
          284,  3007,   198,   262,   369,   600,   304,  2088,  1445,   982,
          286,   264,   284, 10770,   989,   921,   286,   293,   284, 10770,
         9693,    72,   488,   220,    16,     8,  1018,   308,   921,   286,
          421,   293,   537,   304, 12463, 15469, 10338,   310,   678, 27931,
         8336,   284,  3557,   198,   310,  1438,   198,   262,   421,   678,
        27931,  8336,   510,   286,  1173,   492,  6256,  5987,  9144,  4199,
           11, 10770,  5929,   286,  1730,   284,  3007,   198,   286,  1438,
          271,   333,   537,  1730,   510,   262,  1173,  4080,    16,     8],
       dtype=torch.int32), 'code')

(tensor([10447,    77,   284,   526,  5384,  2398,   333,   308,  1018,   220,
           19,   537,   304,   320,    15,    11,   220,    16,   982,   262,
         1173,  4080,    16,   340,  1503,   510,   262,   281,   284,   508,
           15,    60,   353,   308,   198,   262,   421,   308,  1018,   220,
           17,   621,   220,    15,   510,   286,   369,   264,   304,  2088,
            7,    16,    11,   320,    77,   442,   220,    17,     8,   488,
          220,    16,    11,   220,    17,   982,   310,   502,   284,   308,
          481,   264,   488,   220,    16,   198,   310,   264,    15,   284,
          264,   481,   220,    16,   198,   310,   264, 27947,    62, 98668,
          284,   264,   198,   310,   502,    15,   284,   502,   481,   220,
           16,   198,   310,   502, 38250,    62, 98668,   284,   502,   481,
          220,    17,   198,   310,   281, 15469,    15,    60,   284,   264,
          488,   220,    16,   198,   310,   281, 15469, 27947,    62, 98668,
           60,   284,   502,   198,   310,   281,  3809,    15,    60,   284,
          502,   481,   220,    16,   198,   310,   281,  3809, 38250,    62,
        98668,    60,   284,   264,   198,   262,   770,   510,   286,   595,
          284,   320,    77,   488,   220,    16,     8,   442,   220,    17,
          198,   286,   281,  6732,   481,   220,    16,    60,   284,   595,
          198,   286,   369,   264,   304,  2088,     7,    16,    11,   320,
           77,   442,   220,    17,     8,   488,   220,    16,    11,   220,
           17,   982,   310,   502,   284,   308,   481,   264,   488,   220,
           16,   198,   310,   264,    15,   284,   264,   481,   220,    16,
          198,   310,   264, 27947,    62, 98668,   284,   264,   198,   310,
          502,    15,   284,   502,   481,   220,    16,   198,   310,   502,
        38250,    62, 98668,   284,   502,   481,   220,    17,   198,   310,
          281, 15469,    15,    60,   284,   264,   488,   220,    16,   198,
          310,   281, 15469, 27947,    62, 98668,    60,   284,   502,   198,
          310,   281,  3809,    15,    60,   284,   502,   481,   220,    16,
          198,   310,   281,  3809, 38250,    62, 98668,    60,   284,   264,
          198,   262,  1173,   492,  6256,  5987,  9144,  4199,    11,   281,
         7705], dtype=torch.int32), 'code')

(tensor([10447,   474,  6888,   198,  1499, 15290,  1159, 19698,   271,    82,
          284,  1946,  1005, 13097,   741,    77,   284,   526,  5384,  1005,
        13097, 12361, 33378,   284, 19698,  1141,   340, 52671,   284,  2422,
        64683,   692,   333, 12454,   861,   308,   510,   262,  1173,  4080,
           16,   340,  1503,   510,   262,  1932, 21738,   284,  1932, 64683,
        10651,  2398,   262,  2115,    11,  1290,   284,   220,    16,    11,
         1932, 21738,   198,   262,  4226,  4698,   284,  1932, 21738,   271,
          262,   671, 17692,  2711,   369,   279, 17355,   595,   198,   262,
         1393,  2115,  2651,  1290,   510,   286,  5099,   284,   320,  2359,
          488,  1290,     8,   442,   220,    17,   198,   286,  2790,   284,
          220,    15,   198,   286,   369,   272,   304, 20849,   510,   310,
         2790,  1421,  6888, 29533, 64683, 12441,    60,   608,  5099,   340,
          286,   421,  2790,  2651,   308,   510,   310,  4226,  4698,   284,
         5099,   198,   310,  1290,   284,  5099,   481,   220,    16,   198,
          286,   770,   510,   310,  2115,   284,  5099,   488,   220,    16,
          271,   262,   671, 20474,   856,   666,   323, 16403,  9660, 14569,
          198,   262,   856,   284,  5613,   262,  2629,  3212,   284,   220,
           15,   198,   262,   369,   272,   304, 20849,   510,   286,   856,
        12441,    60,   284,  6888, 29533, 64683, 12441,    60,   608,  4226,
         4698,   340,   286,  2629,  3212,  1421,   856, 12441,   921,   262,
         1299,   284,   308,   481,  2629,  3212,   271,   262,   671, 53234,
         1070,  9660,   311,  5766,   304, 10610,  1973,   198,   262, 22939,
          284, 10610, 64683,  9120,  2398,   262,   600,   284,   220,    15,
          198,   262,  1393,  1299,   861,   220,    15,   323,   600,   366,
         2422, 75599,   982,   286,   272,   284, 22939,   989,   921,   286,
          856, 12441,    60,  1421,   220,    16,   198,   286,  1299,  5982,
          220,    16,   198,   286,   600,   284,   320,    72,   488,   220,
           16,     8,  1018,  2422, 75599,     8,   220,   671, 21309,  1182,
          311,  1191,   421,  4362,   271,   262,   671,  7854,   279, 10829,
          914,   198,   262, 10829,   284,  4167,   262,   369,   272,   304,
        22939,   510,   286, 10829,  2057,  1337,   353,   856, 12441,  2546,
          262, 10829,  2895,   284, 42618,  5987, 61248,   692,   262,  1173,
        39103,  4698,   340,   262,  1173, 61248,  2895,     8],
       dtype=torch.int32), 'code')

(tensor([10447,    77,   284,   526,  5384,  2398,    87,   284,  1140,  9144,
         1548,    11,  1946,  1005,  6960, 12139, 15093,   284,  3557,   271,
         1958,   600,   304,  2088,  1445,   481,   220,    16,   982,   262,
          369,   502,   304,  2088,  1956,   488,   220,    17,    11,   308,
          481,   220,    16,   982,   286,   264,    11,   293,   284,   856,
          989,  1125,   856,   989,    10,    16,   921,   286,   272,    11,
          294,   284,   856,  3809,  1125,   856,  3809,    10,    16,   921,
          286,  4126,    16,   284,   320,    64,   488,   293,     8,   608,
          220,    17,    13,    15,   198,   286, 10573,    16,   284,  3647,
         2877,   481,   293,     8,   608,   220,    17,    13,    15,   198,
          286,  4126,    17,   284,   320,    66,   488,   294,     8,   608,
          220,    17,    13,    15,   198,   286, 10573,    17,   284,  3647,
         1337,   481,   294,     8,   608,   220,    17,    13,    15,   198,
          286,  6010,   284,  3647, 41281,    16,   481,  4126,    17,   340,
          286,  2629,  1710,   284, 10573,    16,   488, 10573,    17,   198,
          286,  3638,  1710,   284,  3647, 60594,    16,   481, 10573,    17,
          340,   286,   421,  3638,  1710,  2651,  6010,  2651,  2629,  1710,
          510,   310,  1173,   445,  9689,  1138,   310,  4869,  2822,  1350,
          445,  2152,   899], dtype=torch.int32), 'code')

(tensor([10447,  1499, 56086,  1159,   326,  2672, 11524,   271,    77,    11,
          296,   284,  1946,  1005,  6960,   741,    76,   284,   526,  1255,
          692,     2,  4504,   279, 11633,   315,  1817, 15711,   198, 15841,
          284,   508,    15,    60,   353,   220, 98668,   198,  1958,   272,
          304,   308,   510,   262, 13187, 18607,  1337,  7252,  1421,   220,
           16,   198, 15841,   284, 14395, 46093,   692,    31,    75,  2672,
        11524,  8738,  2141,  5856,   340,   750, 11324,     7,  1826,    11,
        13187,  4387,    11,  6388, 19323,   982,   262,   671,  4248,   421,
          678, 18478,   525,  1483,   198,   262,   421,   678,  1337,   621,
          220,    15,   369,   272,   304, 13187,  4387,   982,   286,   470,
          220,    16,   421,  1299,   621,   220,    15,   323,   537,  6388,
        19323,   770,   220,    15,  7213,   262,  2790,   284,   220,    15,
          198,   262,   369,   294,   304,  2088,     7, 98668,   982,   286,
          421, 13187,  4387, 21377,    60,   621,   220,    15,   510,   310,
         3060,   198,   286,   421,  6388, 19323,   510,   310,   421,   294,
          621,   220,    15,   510,   394,  3060,   220,   671, 25704,  6388,
         7168,   198,   310,   501, 11745,  2228,   284,  3557,   198,   310,
          501, 19158,   284,   294,  1018,   296,   198,   286,   770,   510,
          310,   501, 11745,  2228,   284,  3557,   198,   310,   501, 19158,
          284,   320,  1826,   353,   220, 98668,   488,   294,     8,  1018,
          296,  8942,   286,   671,  4230,   501,  1760,  1584,   198,   286,
          501, 15969,   284,  1140, 46093,  4387,   340,   286,   501, 15969,
        21377,    60,  5982,   220,    16,   198,   286,   501, 15969,   284,
        14395,  1755, 15969,   340,  1789,   286,   671, 78886,  6334,   279,
         3059,   198,   286,  2790,  1421, 11324,  1755, 19158,    11,   501,
        15969,    11,   501, 11745,  2228,   340,  1066,   262,   470,  2790,
          271,  1382,   284, 11324,     7,    15,    11, 13187,    11,  3007,
          340,  1350,  4456,     8], dtype=torch.int32), 'code')

(tensor([10447,   474,  5708,   271,   750, 11619,  3932,   262,  1946,   284,
         5708, 42939,  4125,   198,   262,   821,   284,  1946,  1005,  6960,
          741,   262,   259,   284,   526,  2592,    58,    15,  2546,   262,
         1922,   284,   220,    16,   198,   262,   369,   716,   304,  2088,
         1155,   982,   286,   308,   284,   526,  2592,  5917,  2546,   286,
          595,   284,   526,  2592,  5917,    10,    16,  2546,   286,   294,
           16,   284,   526,  2592,  5917,    10,    17,  2546,   286,   294,
           17,   284,   526,  2592,  5917,    10,    18,  2546,   286,  1922,
         1421,    19,  8942,   286,   421,   308,  1018,   220,    18,   961,
          220,    15,   510,   310,  1173,   445,  2152,  1138,   310,  3060,
          198,   286,   856,   284,   308,   442,   220,    18,   198,   286,
         3204,   284,  3557,  8942,   286,   671, 11533,   220,    16,    25,
          264,   284,   293,   488,   294,    16,    11,   272,   284,   293,
          481,   294,    17,   198,   286, 63080,   284,   595,   481,   294,
           16,   488,   294,    17,   198,   286,   421, 63080,  1018,   220,
           18,   621,   220,    15,   510,   310,   293,   284, 63080,   442,
          220,    18,   198,   310,   264,   284,   293,   488,   294,    16,
          198,   310,   272,   284,   293,   481,   294,    17,   198,   310,
          421,   264,  2604,    15,   323,   293,  2604,    15,   323,   272,
         2604,    15,   323,   264,   488,   293,   488,   272,   621,   595,
          510,   394,   421,   264,  2651,   856,   323,   293,  2651,   856,
          323,   272,  2651,   856,   510,   503,  3204,   284,  3007,  8942,
          286,   671, 11533,   220,    17,    25,   264,   284,   293,   488,
          294,    16,    11,   272,   284,   293,   488,   294,    17,   198,
          286,   421,   537,  3204,   510,   310, 63080,   284,   595,   481,
          294,    16,   481,   294,    17,   198,   310,   421, 63080,  1018,
          220,    18,   621,   220,    15,   510,   394,   293,   284, 63080,
          442,   220,    18,   198,   394,   264,   284,   293,   488,   294,
           16,   198,   394,   272,   284,   293,   488,   294,    17,   198,
          394,   421,   264,  2604,    15,   323,   293,  2604,    15,   323,
          272,  2604,    15,   323,   264,   488,   293,   488,   272,   621,
          595,   510,   503,   421,   264,  2651,   856,   323,   293,  2651,
          856,   323,   272,  2651,   856,   510,   664,  3204,   284,  3007,
         8942,   286,   671, 11533,   220,    18,    25,   264,   284,   293,
          481,   294,    16,    11,   272,   284,   293,   481,   294,    17,
          198,   286,   421,   537,  3204,   510,   310, 63080,   284,   595,
          488,   294,    16,   488,   294,    17,   198,   310,   421, 63080,
         1018,   220,    18,   621,   220,    15,   510,   394,   293,   284,
        63080,   442,   220,    18,   198,   394,   264,   284,   293,   481,
          294,    16,   198,   394,   272,   284,   293,   481,   294,    17,
          198,   394,   421,   264,  2604,    15,   323,   293,  2604,    15,
          323,   272,  2604,    15,   323,   264,   488,   293,   488,   272,
          621,   595,   510,   503,   421,   264,  2651,   856,   323,   293,
         2651,   856,   323,   272,  2651,   856,   510,   664,  3204,   284,
         3007,  8942,   286,   671, 11533,   220,    19,    25,   264,   284,
          293,   481,   294,    16,    11,   272,   284,   293,   488,   294,
           17,   198,   286,   421,   537,  3204,   510,   310, 63080,   284,
          595,   488,   294,    16,   481,   294,    17,   198,   310,   421,
        63080,  1018,   220,    18,   621,   220,    15,   510,   394,   293,
          284, 63080,   442,   220,    18,   198,   394,   264,   284,   293,
          481,   294,    16,   198,   394,   272,   284,   293,   488,   294,
           17,   198,   394,   421,   264,  2604,    15,   323,   293,  2604,
           15,   323,   272,  2604,    15,   323,   264,   488,   293,   488,
          272,   621,   595,   510,   503,   421,   264,  2651,   856,   323,
          293,  2651,   856,   323,   272,  2651,   856,   510,   664,  3204,
          284,  3007,  8942,   286,  1173,   445,  9689,     1,   421,  3204,
          770,   330,  2152,  5130,   333,  1304,   606,   563,   621, 13257,
         3817, 21035,   262, 11619,   368], dtype=torch.int32), 'code')

(tensor([10447,   474, 14829,   439,   271,    77,   284,   526,  5384,  2398,
           64,   284,  1140,  9144,  1548,    11,  1946,  1005,  6960, 12139,
        11843,   284,  4167,  3231,   284,   220,    15,   198,  1958,  1629,
          304,   264,   510,   262,  1482,  1421,  1629,   198,   262,  9249,
         2057,  8761,   340,    76,   284,   526,  5384,  2398, 42591,   284,
         1140,  9144,  1548,    11,  1946,  1005,  6960, 12139,  1958,  2804,
          304, 19519,   510,   262,  7187,   284, 14829,   439,   948,   285,
          439,  9575, 28815,    11,  2804,   340,   262,  1173, 19741,   488,
          220,    16,     8], dtype=torch.int32), 'code')

(tensor([10447,    87,    16,    11,   379,    16,   284,  2415,  1548,    11,
         1946,  1005,  6960,  2398,    87,    17,    11,   379,    17,   284,
         2415,  1548,    11,  1946,  1005,  6960,  2398,    77,   284,   526,
         5384,  2398,  1830,   284,   220,    15,   271,  1958,   716,   304,
         2088,  1445,   982,   262,   264,    11,   293,    11,   272,   284,
         2415,  1548,    11,  1946,  1005,  6960,  2398,   262,   274,    16,
          284,   264,   353,   856,    16,   488,   293,   353,   379,    16,
          488,   272,   198,   262,   274,    17,   284,   264,   353,   856,
           17,   488,   293,   353,   379,    17,   488,   272,   198,   262,
          421,   274,    16,   353,   274,    17,   366,   220,    15,   510,
          286,  1760,  1421,   220,    16,   271,  1350, 11507,     8],
       dtype=torch.int32), 'code')

(tensor([10447,   474, 14829,   439,   271, 26374,   284,   220, 98668,   334,
           24,   488,   220,    24,   271,   750,  1887,  3932,   262,  1159,
         5708,   198,   262,  1946,   284,  5708, 42939,  4125,   198,   262,
          821,   284,  1946,  1005,  6960,   741,   262,   296,   284,   526,
         2592,    58,    15,  2546,   262, 53742,   284,  4167,   262,  1133,
         5376,   284,  5613,   262,   369,   600,   304,  2088,  1255,   982,
          286,   856,   284,   526,  2592,    58,    16,   488,   220,    17,
        22958,  2546,   286,   379,   284,   526,  2592,    58,    17,   488,
          220,    17, 22958,  2546,   286, 53742,  2057,  1188,    87,    11,
          379,  1171,   286,  1133,  5376,  9693,    87,    11,   379,  7252,
          284,   600,  7213,   262,  3403,   666, 50293,   284, 83812,   369,
          716,   304,  2088,  1255,  5563,   262, 15499,   284, 83812,   369,
          716,   304,  2088,  1255,  5563,   262, 11549,  3180,   284,   508,
           15,    60,   353,   296,   271,   262,   369,   600,   304,  2088,
         1255,   982,   286,   856,    11,   379,   284, 53742,   989,   921,
          286,   369, 13813,   304, 10050,    16,    11,   220,    15,    11,
          220,    16, 10338,   310, 24422,   284,   856,   488, 13813,   198,
          310, 18969,   284,   379,   488,   220,    16,   198,   310,   421,
          320, 23293,    11, 18969,     8,   304,  1133,  5376,   510,   394,
          294,   284,  1133,  5376,  9693, 23293,    11, 18969,  5563,   394,
         3403,   666, 50293,   989,   936,  5090,  1500,   340,   286,   369,
        13813,   304, 10050,    16,    11,   220,    15,    11,   220,    16,
        10338,   310, 24422,   284,   856,   488, 13813,   198,   310, 18969,
          284,   379,   481,   220,    16,   198,   310,   421,   320, 23293,
           11, 18969,     8,   304,  1133,  5376,   510,   394, 15499,   989,
          936,  5090, 12253,  5376,  9693, 23293,    11, 18969, 27055,   286,
        11549,  3180,   989,    60,   284,  2422,  1141,  2800,   388,   989,
         2546,  1066,   262, 53433,   284,  4167,   262,   369,   600,   304,
         2088,  1255,   982,   286,  2697,   284,  3007,   198,   286,   369,
          294,   304,  3403,   666, 50293,   989, 10338,   310,   421, 11549,
         3180, 21377,    60,   366,   220,    17,   510,   394,  2697,   284,
         3557,   198,   394,  1438,   198,   286,   421,  2697,   510,   310,
        14829,   439, 33222,   371,     7,  1826, 31816,    11,   600,   340,
         1066,   262,  1102,   284,   220,    15,   198,   262,   369,  3019,
          304,  2088,  1255,   982,   286,   421,   537, 53433,   510,   310,
         1438,   198,   286,   421,  3019,  1018,   220,    17,   621,   220,
           15,   510,   310,  4091,   284, 53433,  8287,   741,   286,   770,
          510,   310,  4091,   284, 53433,  8287,     7,    15,   340,   286,
         1102,   284,   320,  1382,   353,   296,   488,  4091,     8,  1018,
        18636,   198,   286,   856,    11,   379,   284, 53742, 88171,   921,
          286,   369, 13813,   304, 10050,    16,    11,   220,    15,    11,
          220,    16, 10338,   310, 24422,   284,   856,   488, 13813,   198,
          310, 18969,   284,   379,   488,   220,    16,   198,   310,   421,
          320, 23293,    11, 18969,     8,   304,  1133,  5376,   510,   394,
          294,   284,  1133,  5376,  9693, 23293,    11, 18969,  5563,   394,
        11549,  3180, 21377,    60,  5982,   220,    16,   198,   394,   421,
        11549,  3180, 21377,    60,   621,   220,    16,   510,   503,   369,
        13813, 90714,   304, 10050,    16,    11,   220,    15,    11,   220,
           16, 10338,   664, 89291,  3212,   284, 24422,   488, 13813, 90714,
          198,   664, 89291,  4178,   284, 18969,   481,   220,    16,   198,
          664,   421,   320, 12770,    79,  3212,    11, 89291,  4178,     8,
          304,  1133,  5376,   510,   999,   384,   284,  1133,  5376,  9693,
        12770,    79,  3212,    11, 89291,  4178,  5563,   999,   374, 19158,
        31816,   284,  3007,   198,   999,   369,   282,   304,  3403,   666,
        50293, 22952, 10338,  1383,   421, 11549,  3180, 24693,    60,   366,
          220,    17,   510,  1920,   374, 19158, 31816,   284,  3557,   198,
         1920,  1438,   198,   999,  7187,   284, 14829,   439,   948,   285,
          439,  9575,     7,  1826, 31816,    11,   384,   340,   999,   421,
         7187,   366,  2422,     7,  1826, 31816,     8,   323, 53433, 11592,
           60,   621,   384,   510,  1383,   421,   537,   374, 19158, 31816,
          510,  1920, 53433,  8287, 19741,   340,   999,   421,   374, 19158,
        31816,   510,  1383,   421,   384,   537,   304, 53433,   510,  1920,
        14829,   439, 33222,   371,     7,  1826, 31816,    11,   384,   340,
          999,   770,   510,  1383,   421,   384,   304, 53433,   510,  1920,
         7187,   284, 14829,   439,   948,   285,   439,  9575,     7,  1826,
        31816,    11,   384,   340,  1920,   421,  7187,   366,  2422,     7,
         1826, 31816,     8,   323, 53433, 11592,    60,   621,   384,   510,
         2559, 53433,  8287, 19741,   340,   286,   369, 13813,   304, 10050,
           16,    11,   220,    15,    11,   220,    16, 10338,   310, 24422,
          284,   856,   488, 13813,   198,   310, 18969,   284,   379,   488,
          220,    16,   198,   310,   421,   320, 23293,    11, 18969,     8,
          304,  1133,  5376,   510,   394,   294,   284,  1133,  5376,  9693,
        23293,    11, 18969,  5563,   394,   369, 13813, 90714,   304, 10050,
           16,    11,   220,    15,    11,   220,    16, 10338,   503, 89291,
         3212,   284, 24422,   488, 13813, 90714,   198,   503, 89291,  4178,
          284, 18969,   481,   220,    16,   198,   503,   421,   320, 12770,
           79,  3212,    11, 89291,  4178,     8,   304,  1133,  5376,   510,
          664,   384,   284,  1133,  5376,  9693, 12770,    79,  3212,    11,
        89291,  4178,  5563,   664,   374, 19158, 31816,   284,  3007,   198,
          664,   369,   282,   304,  3403,   666, 50293, 22952, 10338,   999,
          421, 11549,  3180, 24693,    60,   366,   220,    17,   510,  1383,
          374, 19158, 31816,   284,  3557,   198,  1383,  1438,   198,   664,
          421,   374, 19158, 31816,   510,   999,   421,   384,   537,   304,
        53433,   510,  1383, 14829,   439, 33222,   371,     7,  1826, 31816,
           11,   384,   340,   664,   770,   510,   999,   421,   384,   304,
        53433,   510,  1383,  7187,   284, 14829,   439,   948,   285,   439,
         9575,     7,  1826, 31816,    11,   384,   340,  1383,   421,  7187,
          366,  2422,     7,  1826, 31816,     8,   323, 53433, 11592,    60,
          621,   384,   510,  1920, 53433,  8287, 19741,   340,   262,  1173,
         4456,  1018, 18636,   692,   333,  1304,   606,   563,   621, 13257,
         3817, 21035,   262,  1887,   368], dtype=torch.int32), 'code')

(tensor([10447,    77,   284,   526,  5384,  2398,    64,   284,  1140,  9144,
         1548,    11,  1946,  1005,  6960, 12139,   333,   537,   264,   510,
          262,  1173,   741,   262,  4869,  2822,  2359,   284, 10050,    16,
           60,   353,   308,   198,  7693,   284,  4167,  1958,   600,   304,
         2088,  1445,   982,   262,  1393,  5611,   323,   264,    58,  7693,
         7609,    16,  5053,  2604,   264,   989, 10338,   286,  5611,  8287,
          741,   262,   421,  5611,   510,   286,  2115,   989,    60,   284,
         5611,  7609,    16,   921,   262,   770,   510,   286,  2115,   989,
           60,   284,   481,    16,   198,   262,  5611,  2057,  1956,   692,
         1291,   284,   508,    77,    60,   353,   308,   198,  7693,   284,
         4167,  1958,   600,   304,  2088,  1445,    12,    16,    11,   481,
           16,    11,   481,    16,   982,   262,  1393,  5611,   323,   264,
           58,  7693,  7609,    16,  5053,  2604,   264,   989, 10338,   286,
         5611,  8287,   741,   262,   421,  5611,   510,   286,  1290,   989,
           60,   284,  5611,  7609,    16,   921,   262,   770,   510,   286,
         1290,   989,    60,   284,   308,   198,   262,  5611,  2057,  1956,
          692,   596,   284,   508,    15,    60,   353,   320,    77,   488,
          220,    17,   340,  1958,   600,   304,  2088,  1445,   982,   262,
        29281,   284,  1290,   989,    60,   481,  2115,   989,    60,   481,
          220,    16,   198,   262,   421,   264,   989,    60,   861,  8098,
           58,  2261, 10338,   286,  8098,    58,  2261,    60,   284,   264,
          989,  2533,  1958,   856,   304,  2088,  1445,    12,    16,    11,
          220,    15,    11,   481,    16,   982,   262,   421,  8098,  8322,
           60,   366,  8098,  8322,    10,    16, 10338,   286,  8098,  8322,
           60,   284,  8098,  8322,    10,    16,  2533,  3006,   284,   508,
          495, 33390,  8322,  2467,   369,   856,   304,  2088,     7,    16,
           11,   308,    10,    16,  5563,  1350,   492,  6256,  5987, 11052,
          593], dtype=torch.int32), 'code')

(tensor([10447,    77,   284,   526,  5384,  2398,   333,   308,   621,   220,
           15,   510,   262,  1173,   741,  1503,   510,   262,  5611,   284,
          508,    16,   921,   262,   369,   716,   304,  2088,  1445,   481,
          220,    16,   982,   286,  5611,  2057,     7,    16,   340,   286,
         1393,  2422, 27347,     8,  2604,   220,    17,   323,  5611,  7609,
           16,    60,   621,  5611,  7609,    17, 10338,   310,   264,   284,
         5611,  8287,   741,   310,  5611,  8287,   741,   310,  5611,  2057,
         2877,   488,   220,    16,   340,   262,  1173,   492,  6256,  5987,
         9144,  4199,    11,  5611,  7705], dtype=torch.int32), 'code')

(tensor([10447,   474,  5708,   198,  1499, 15290,  1159, 41713,   271,   750,
         1887,  3932,   262,   308,   284,   526, 18112, 42939, 31667,  2398,
          262, 12463,   284, 83812,   369,   716,   304,  2088,  1445,    10,
           16,  5563,   262,   369,   600,   304,  2088,  1445,    12,    16,
          982,   286,   575,    11,   348,   284,  2415,  1548,    11,  5708,
        42939, 31667,  1005,  6960,  2398,   286, 12463, 21285,   936,  5090,
         1188,    85,    11,   600,    10,    16,  1171,   286, 12463, 16514,
          936,  5090,  1188,    84,    11,   600,    10,    16,  1171,  1066,
          262, 12342,   284,   508,  2892, 45768,     8,   369, 18811,   304,
        12463,   921,   262,  9473,   284,  1932, 76514,  7858,   340,  1066,
          262,   671,  7379,  3704,  2436,   448,  7192,  8380,   198,   262,
         3704,   284,   220,    16,   198,   262,   369,   600,   304,  2088,
            7,    16,    11,   308,    10,    16,   982,   286,   421, 12342,
          989,    60,   621,  9473,   510,   310,  3704,   284,   600,   198,
          310,  1438,  7213,   262,  1894,  3575, 17905,   284,   508,    15,
           60,   353,   320,    77,     8,   220,   671,   220,    16,  5980,
         1922,  7213,   262,  2804,   284, 41713,   741,   262,  2804,  2057,
         1188,  2888,    11,   481,    16,    11,   481,    16,  1171,  1066,
          262,  1393,  2804,   510,   286,   575,    11,   281,    11, 13304,
          284,  2804,   556, 75645,   741,   286,   421,   281,   621,   481,
           16,    25,   220,   671,  3704,  2436,   198,   310,  1482,  6714,
          284,   220,    15,   198,   310,   369,   320,    85,    11,   384,
         7258,     8,   304, 12463, 21285, 10338,   394,   421,   348,   621,
          281,   510,   503,  3060,   198,   394,  1894,  3575, 17905, 22952,
         7258,    60,   284,  1482,  6714,   198,   394,  2804,  2057,  1188,
           85,    11,   575,    11,  1482,  6714,  1171,   394,  1482,  6714,
         1421,   220,    16,   198,   286,   770,   510,   310,  1191,  6714,
          284,   320,  3992,   488,   220,    16,     8,  1018,  9473,   198,
          310,  1482,  6714,   284,  1191,  6714,   198,   310,   369,   320,
           85,    11,   384,  7258,     8,   304, 12463, 21285, 10338,   394,
          421,   348,   621,   281,   510,   503,  3060,   198,   394,  1393,
         1482,  6714,   621, 13304,   510,   503,  1482,  6714,   284,   320,
         3231,  6714,   488,   220,    16,     8,  1018,  9473,   198,   394,
         1894,  3575, 17905, 22952,  7258,    60,   284,  1482,  6714,   198,
          394,  2804,  2057,  1188,    85,    11,   575,    11,  1482,  6714,
         1171,   394,  1482,  6714,   284,   320,  3231,  6714,   488,   220,
           16,     8,  1018,  9473,  7213,   262,   671,  5737, 12816,   553,
         1894,   198,   262,  1894, 21100,   284, 83812,   369,   716,   304,
         2088, 35891,  5563,   262,   369,   384,  7258,   304,  2088,     7,
           16,    11,   308,   982,   286,  1894,   284,  1894,  3575, 17905,
        22952,  7258,   921,   286,  1894, 21100, 83417,   936,  5090,  2026,
         7258,   340,  1066,   262,  1173, 35891,   340,   262,   369,  1874,
          304,  1894, 21100,   510,   286,  1173,  6901, 17665,   701,   835,
        51089,   286,   421,  1874,   510,   310,  1173,   492,   364,   488,
          364,  6256,  5987,  9144,  4199,    11,  1874,  5731,   835, 51089,
          286,  1173,  2822,   333,  1304,   606,   563,   621, 13257,  3817,
        21035,   262,  1887,   368], dtype=torch.int32), 'code')

(tensor([10447,    82,   284,  1946,  1005, 13097,   741,    77,   284,  2422,
         1141,   340,   333,   308,   366,   220,    20,   510,   262,  1173,
            7,    15,   340,   262,  4869,  2822, 55037,   284, 10081,   750,
        11324, 12253,    11,  1537,   982,   262,  1376,   284,   320,   966,
           11,  1537,   340,   262,   421,  1376,   304, 21388,   510,   286,
          470, 21388,  8156,   921,   262,   421,  1133,   621,   308,   510,
          286,   470,  3007,   198,   262,   592,   284,  3557,   198,   262,
          369,   326,   304,   508,    17,    11,   220,    18, 10338,   286,
          421,  1133,   488,   326,   861,   308,   510,   310,  3060,   198,
          286,  1482,   284,   274, 21591,    25,   966, 75307,   921,   286,
          421,  1482,   621,  1537,   510,   310,  3060,   198,   286,   421,
        11324, 12253,   488,   326,    11,  1482,   982,   310,   592,   284,
         3007,   198,   310,  1438,   198,   262, 21388,  8156,    60,   284,
          592,   198,   262,   470,   592,   271,  9214,   284,   738,  2822,
            2,  4248,   369, 20482,   288,   315,  3084,   220,    17,   198,
         1958,   600,   304,  2088,     7,    20,    11,   308,   481,   220,
           16,   488,   220,    16,   982,   262,   326,   284,   220,    17,
          198,   262,   421,   600,   488,   326,   861,   308,   510,   286,
         3060,   198,   262,  9141,   284,   274,   989, 14655, 75307,   921,
          262,   421, 11324,  1956,   488,   326,    11,  9141,   982,   286,
         4226,  1364, 71469,   692,     2,  4248,   369, 20482,   288,   315,
         3084,   220,    18,   198,  1958,   600,   304,  2088,     7,    20,
           11,   308,   481,   220,    17,   488,   220,    16,   982,   262,
          326,   284,   220,    18,   198,   262,   421,   600,   488,   326,
          861,   308,   510,   286,  3060,   198,   262,  9141,   284,   274,
          989, 14655, 75307,   921,   262,   421, 11324,  1956,   488,   326,
           11,  9141,   982,   286,  4226,  1364, 71469,   692, 28200, 28434,
          284, 10610, 39103,   340,  1350,  6901, 44128, 28434,  1171,  1958,
        20482,   304, 10610, 28434,   510,   262,  1173, 95656,     8],
       dtype=torch.int32), 'code')

(tensor([10447,    87,    11,   379,   284,  2415,  1548,    11,  1946,  1005,
         6960,  2398,   333,   856,   621,   379,   510,   262,  1173,     7,
           15,   340,  1503,   510,   262,   264,   284,   293,   284,   272,
          284,   379,   198,   262,  7354,   284,   220,    15,   198,   262,
         1393,  3007,   510,   286,   264,    11,   293,    11,   272,   284,
        10610,  2561,    64,    11,   293,    11,   272,  2546,   286,   421,
          264,  2604,   856,   323,   293,  2604,   856,   323,   272,  2604,
          856,   510,   310,  1438,   198,   286,   501,  6189,   284,  1308,
         2075,    11,   293,   488,   272,   481,   220,    16,   340,   286,
          264,   284,   501,  6189,   198,   286,  7354,  1421,   220,    16,
          198,   262,  1173, 83576,     8], dtype=torch.int32), 'code')

(tensor([10447,    77,   284,   526,  5384,  2398, 16355,   284,  4167,  1242,
         2351,   284,   220,    15,   198,  1242,  2568,   284,   220,    15,
          271,  1958,   716,   304,  2088,  1445,   982,   262,   326,    11,
          435,   284,  2415,  1548,    11,  1946,  1005,  6960,  2398,   262,
         8146,  2057,  1188,    75,    11,   435,  1171,   262,  2629,  2351,
         1421,   326,   198,   262,  2629,  2568,  1421,   435,   271,    35,
          284,  2629,  2351,   481,  2629,  2568,   198,  2810, 21215, 57555,
          284,  3647,  5432,   340, 15850, 10206,   284,   220,    15,   271,
         1958,   600,   304,  2088,  1445,   982,   262,   326,    11,   435,
          284,  8146,   989,   921,   262,  9473,   284,   220,    17,   353,
          320,    81,   481,   326,   340,   262,  1482, 21215, 57555,   284,
         3647,  5432,   488,  9473,   340,   262,   421,  1482, 21215, 57555,
          861,  1932, 21215, 57555,   510,   286,  1932, 21215, 57555,   284,
         1482, 21215, 57555,   198,   286,  1850, 10206,   284,   600,   488,
          220,    16,   271,  1350, 59011, 10206,     8], dtype=torch.int32), 'code')

(tensor([10447,   474,  5708,   198,  1499, 15290,  1159, 42663,   271, 26374,
          284,   220, 98668,   334,    24,   488,   220,    22,   271,   750,
         1887,  3932,   262,   308,    11,   296,   284,  2415,  1548,    11,
         5708, 42939, 31667,  1005,  6960,  2398,   262,   943, 25896,   284,
        42663, 31147,     8,   220,   671, 27317,   943,   311,   314,    70,
         1600,  3560,    25,  1760,   630,   262,   369, 18780,  7258,   304,
         2088,  1445,   982,   286,  5479,   284,  1140,  9144,  1548,    11,
         5708, 42939, 31667,  1005,  6960, 12139,   286, 13526,   284,  5479,
           58,    15,   921,   286,  4494,   284,  5479,    58,    16, 24067,
          286,   369,   259,   304,  4494,   510,   310,   421, 18780,  7258,
          304,   943, 25896, 14184, 10338,   394,   943, 25896, 14184,  1457,
           70,  1600,  7258,    60,  1421,   220,    16,   198,   310,   770,
          510,   394,   943, 25896, 14184,  1457,    70,  1600,  7258,    60,
          284,   220,    16,   271,   262,  5203,   284, 42663,  1548,   340,
          262,  7168,  6288,  3180,   284,   220,    15,   271,   262,   369,
          259,   304,  2088,     7,    16,    11,   296,   488,   220,    16,
          982,   286,   421,   259,   537,   304,   943, 25896,   510,   310,
         7168,  6288,  3180,  1421,   220,    16,   198,   286,   770,   510,
          310, 10610, 26011,   284, 10610,  5808, 25896, 14184,   936,  3615,
         2398,   310,  1376,   284, 14395, 44128, 26011,   340,   310,  5203,
         8156,    60,  1421,   220,    16,   271,   262,   421,  7168,  6288,
         3180,   861,   220,    15,   510,   286,  5203, 14184,  6061, 26471,
          284,  7168,  6288,  3180,   271,   262,   671,  4968, 27613,  8167,
        10304, 59449, 18636,   705,   311,   296,   198,   262,  1932, 47508,
          284,   296,   198,   262,  2097,   284,   508,    16,    60,   353,
          320,  2810, 47508,   488,   220,    16,   340,   262,   369,   600,
          304,  2088,     7,    16,    11,  1932, 47508,   488,   220,    16,
          982,   286,  2097,   989,    60,   284,   320, 32951,   989,    12,
           16,    60,   353,   600,     8,  1018, 18636,   271,   262,  1102,
          284,   220,    16,   198,   262,   369,  1379,   304,  5203, 10651,
         3932,   286,  1102,   284,   320,  1382,   353,  2097, 37660,  2467,
         1018, 18636,   271,   262,  1173,  4456,   692,   333,  1304,   606,
          563,   621, 13257,  3817, 21035,   262,  1887,   368],
       dtype=torch.int32), 'code')

(tensor([10447,  1499, 15290,  1159, 19698,    11, 42663,   271,    82,   284,
         1946,  1005, 13097,   741,    83,   284,  1946,  1005, 13097,  2822,
        44598, 71145,   284, 19698,   741,    80,   284,   220,    15,   198,
         1958,   272,   304,   274,   510,   262,   421,   272,   621, 30941,
         3646,   286,  2804,  1421,   220,    16,   198,   262,   770,   510,
          286, 14569, 71145, 12441,    60,  1421,   220,    16,   271,     2,
        80645,   279,  1973,   315,  1156, 31426,   304,   259,   369,  4911,
         5766,   198,  9583,   528, 37224,   284,  4167, 28214,   284,   738,
          741,  1958,   272,   304,   259,   510,   262,   421,   272,   537,
          304,  3884,   510,   286,  4911,   528, 37224,  2057,  1337,   340,
          286,  3884,  1364,  1337,   692,    83, 25896,   284, 19698,  1155,
          692, 10298,   284,   220,    15,   198, 11886,   284,   220,    15,
          198,  1958,   272,   304,  4911,   528, 37224,   510,   262,  1482,
          284,   320, 44598, 71145,   670,  1337,    11,   220,    15,     8,
          488,  2804,     8,   442,   259, 25896, 12441,   921,   262,   421,
         1482,   861,  1550,   510,   286,  1550,   284,  1482,   271, 15850,
         4698,   284,   220,    15,   198,  3472,  3347,  2651,  1550,   510,
          262,  5099,   284,   320, 10298,   488,  1550,     8,   442,   220,
           17,   198,   262,  2629, 18710,   284,   220,    15,   198,   262,
         3204,   284,  3007,   198,   262,   369,   272,   304,  4911,   528,
        37224,   510,   286,  4362,   284,  5099,   353,   259, 25896, 12441,
          921,   286,   614,   284, 14569, 71145,   670,  1337,    11,   220,
           15,   340,   286,   421,   614,   366,  4362,   510,   310,  2629,
        18710,  1421,  4362,   481,   614,   198,   310,   421,  2629, 18710,
          861,  2804,   510,   394,  3204,   284,  3557,   198,   394,  1438,
          198,   262,   421,  3204,   510,   286,  1850,  4698,   284,  5099,
          198,   286,  3347,   284,  5099,   488,   220,    16,   198,   262,
          770,   510,   286,  1550,   284,  5099,   481,   220,    16,   271,
           87,   284, 42663,  1548,   340,  1242,  3212,   284,   220,    15,
          198,  1958,   272,   304,  4911,   528, 37224,   510,   262,  2567,
          284,  1850,  4698,   353,   259, 25896, 12441,   921,   262,   614,
          284, 14569, 71145,   670,  1337,    11,   220,    15,   340,   262,
          856, 57038,   284,  1932,     7,    15,    11,  2567,   481,   614,
          340,   262,   856, 12441,    60,   284,   856, 57038,   198,   262,
         2629,  3212,  1421,   856, 57038,   271, 43187,   284,  2804,   481,
         2629,  3212,   271,   265, 63082,   284,  4167,  1958,   272,   304,
         4911,   528, 37224,   510,   262, 52703, 15819,  2561,    66,    60,
          353,   856, 12441,  9600,   333,  9660,   861,   220,    15,   510,
          262,  1638,  9229,   284,   364,    64,  1248,   262,   421,  4911,
          528, 37224,   510,   286,  1638,  9229,   284,  4911,   528, 37224,
           58,    15,   921,   262, 52703, 15819,  2561,  2258,  9229,    60,
          353,  9660,   692,  1382,   284,  4167,   265, 63082,  7258,   284,
          220,    15,   198,  1958,   272,   304,   274,   510,   262,   421,
          272,   621, 30941,  3646,   286,  1102,  2057,  5801, 63082,    58,
          265, 63082,  7258,  2546,   286, 52703,  7258,  1421,   220,    16,
          198,   262,   770,   510,   286,  1102,  2057,  1337,   692,  1350,
          492,  4427,  5987,  4456,   593], dtype=torch.int32), 'code')

(tensor([10447,   750,  1477, 17773, 23669,  5969,   982,   262,   671,  4968,
         9707, 36638,   369, 27502,  1471, 76349,   315,  8380,   595,   320,
         1499,   595,    28,    17,   311,   595,    28, 99200,   340,   262,
        27502, 31851, 28045,   284,   341,   286,   220,    17,    25,   508,
           16,    11,   220,    16,  1259,   286,   220,    18,    25,   508,
           15,    11,   220,    16,    11,   220,    16,  1259,   286,   220,
           19,    25,   508,    15,    11,   220,    15,    11,   220,    16,
           11,   220,    16,  1259,   286,   220,    20,    25,   508,    15,
           11,   220,    16,    11,   220,    15,    11,   220,    15,    11,
          220,    16,  1259,   286,   220,    21,    25,   508,    15,    11,
          220,    15,    11,   220,    15,    11,   220,    15,    11,   220,
           15,    11,   220,    16,  1259,   286,   220,    22,    25,   508,
           16,    11,   220,    15,    11,   220,    15,    11,   220,    15,
           11,   220,    15,    11,   220,    15,    11,   220,    16,  1259,
          286,   220,    23,    25,   508,    15,    11,   220,    16,    11,
          220,    15,    11,   220,    16,    11,   220,    16,    11,   220,
           15,    11,   220,    15,    11,   220,    16,  1259,   286,   220,
           24,    25,   508,    15,    11,   220,    15,    11,   220,    15,
           11,   220,    15,    11,   220,    16,    11,   220,    15,    11,
          220,    15,    11,   220,    15,    11,   220,    16,  1259,   286,
          220, 98668,    25,   508,    15,    11,   220,    15,    11,   220,
           16,    11,   220,    15,    11,   220,    15,    11,   220,    15,
           11,   220,    15,    11,   220,    15,    11,   220,    15,    11,
          220,    16,  1259,   286,   220, 98965,    25,   508,    15,    11,
          220,    16,    11,   220,    15,    11,   220,    15,    11,   220,
           15,    11,   220,    15,    11,   220,    15,    11,   220,    15,
           11,   220,    15,    11,   220,    15,    11,   220,    16,  1259,
          286,   220, 98886,    25,   508,    15,    11,   220,    15,    11,
          220,    15,    11,   220,    15,    11,   220,    16,    11,   220,
           15,    11,   220,    16,    11,   220,    15,    11,   220,    15,
           11,   220,    15,    11,   220,    15,    11,   220,    16,  1259,
          286,   220, 99366,    25,   508,    16,    11,   220,    15,    11,
          220,    15,    11,   220,    15,    11,   220,    16,    11,   220,
           15,    11,   220,    15,    11,   220,    15,    11,   220,    15,
           11,   220,    15,    11,   220,    15,    11,   220,    15,    11,
          220,    16,  1259,   286,   220, 99367,    25,   508,    15,    11,
          220,    15,    11,   220,    15,    11,   220,    15,    11,   220,
           15,    11,   220,    15,    11,   220,    15,    11,   220,    15,
           11,   220,    16,    11,   220,    15,    11,   220,    16,    11,
          220,    15,    11,   220,    15,    11,   220,    16,  1259,   286,
          220, 99082,    25,   508,    15,    11,   220,    15,    11,   220,
           15,    11,   220,    15,    11,   220,    15,    11,   220,    15,
           11,   220,    15,    11,   220,    15,    11,   220,    15,    11,
          220,    15,    11,   220,    15,    11,   220,    15,    11,   220,
           15,    11,   220,    15,    11,   220,    16,  1259,   286,   220,
        99317,    25,   508,    15,    11,   220,    16,    11,   220,    15,
           11,   220,    16,    11,   220,    15,    11,   220,    15,    11,
          220,    15,    11,   220,    15,    11,   220,    15,    11,   220,
           15,    11,   220,    15,    11,   220,    15,    11,   220,    16,
           11,   220,    15,    11,   220,    15,    11,   220,    16,  1259,
          286,   220, 99419,    25,   508,    15,    11,   220,    15,    11,
          220,    15,    11,   220,    15,    11,   220,    15,    11,   220,
           15,    11,   220,    15,    11,   220,    15,    11,   220,    15,
           11,   220,    15,    11,   220,    15,    11,   220,    15,    11,
          220,    16,    11,   220,    15,    11,   220,    15,    11,   220,
           15,    11,   220,    16,  1259,   286,   220, 99243,    25,   508,
           15,    11,   220,    15,    11,   220,    15,    11,   220,    15,
           11,   220,    15,    11,   220,    15,    11,   220,    15,    11,
          220,    15,    11,   220,    15,    11,   220,    16,    11,   220,
           15,    11,   220,    15,    11,   220,    15,    11,   220,    15,
           11,   220,    15,    11,   220,    15,    11,   220,    15,    11,
          220,    16,  1259,   286,   220, 98729,    25,   508,    15,    11,
          220,    15,    11,   220,    15,    11,   220,    15,    11,   220,
           16,    11,   220,    15,    11,   220,    15,    11,   220,    15,
           11,   220,    15,    11,   220,    15,    11,   220,    15,    11,
          220,    15,    11,   220,    15,    11,   220,    15,    11,   220,
           15,    11,   220,    15,    11,   220,    15,    11,   220,    15,
           11,   220,    16,  1259,   286,   220, 98360,    25,   508,    15,
           11,   220,    15,    11,   220,    15,    11,   220,    15,    11,
          220,    15,    11,   220,    15,    11,   220,    15,    11,   220,
           15,    11,   220,    15,    11,   220,    15,    11,   220,    15,
           11,   220,    15,    11,   220,    15,    11,   220,    15,    11,
          220,    15,    11,   220,    15,    11,   220,    15,    11,   220,
           15,    11,   220,    15,    11,   220,    16,  1259,   286,   671,
         1752,  5282,    85,   487,    11,  1045, 10690,   525, 39227,    13,
          758,  6588,    11,   678,   705,   311,   595,    28, 99200,  1265,
          387,  5230,   624,   286,   671,   576,  3403, 10690,   525, 10290,
          323,  1231,   537,   387, 71947,   476,  4396,   369,   678,   595,
          624,   262,   456,  1066,   262,   421,   595,   537,   304, 27502,
        31851, 28045,   510,   286,   470,   481,    16,  7213,   262,   272,
          284, 27502, 31851, 28045,  6732,   921,   262,  2856,  4387,   284,
          508,    16,    60,   353,   595,   198,   262,   470,   320,    66,
           11,  2856,  4387,   692,    74,   284,   526,  5384,  2398,  1382,
          284,  1477, 17773, 23669,  5969,   340,   333,  1102,   621,   481,
           16,   510,   262,  1173,  4080,    16,   340,  1503,   510,   262,
          272,    11,   264,   284,  1102,   198,   262,  1173,   492,  6256,
         5987,  9144,  4199,    11,   272,  5929,   262,  1173,   492,  6256,
         5987,  9144,  4199,    11,   264,  7705], dtype=torch.int32), 'code')

(tensor([10447,   750,  1887,  3932,   262,  1159,  5708,   198,   262,   308,
           11,   281,    11,   326,    11,   435,   284,  2415,  1548,    11,
         5708, 42939, 31667,  1005,  6960,  2398,   262,   421,   281,   621,
          220,    16,   510,   286,  1173,     7,    15,   340,   286,   470,
          271,   262,   707,  3614,  7480,  1255,    11,   264,    11,  1463,
          982,   286,   421,   264,   366,   220,    15,   476,   264,   861,
          296,   510,   310,   470,   220,    15,   198,   286,   592,   284,
          220,    16,   198,   286,   369,   600,   304,  2088,  2877,   982,
          310,   592,   284,   592,   353,   320,    76,   481,   600,     8,
          442,   320,    72,   488,   220,    16,   340,   310,   592, 48818,
         1463,   198,   286,   470,   592,   271,   262,  2790,   284,   220,
           15,   198,   262,   369,   595,   304,  2088,  2333,    11,   435,
          488,   220,    16,   982,   286,   296,   284,   595,   198,   286,
         1393,   296,  2651,   308,   510,   310,   421,   320,    76,   481,
          595,     8,  1018,   220,    17,   961,   220,    15,   510,   394,
          296,  1421,   220,    16,   198,   394,  3060,   198,   310,   264,
          284,   320,    76,   488,   595,     8,   442,   220,    17,   198,
          310,   293,   284,   320,    76,   481,   595,     8,   442,   220,
           17,   198,   310,   421,   264,   366,   293,   510,   394,   296,
         1421,   220,    17,   198,   394,  3060,   220,   671,   264,  2604,
          293,   374, 58251,  2474,   595,  2604,    15,   323,   296,  2604,
           74,   198,   310,  4647,    16,   284,  3614,  7480,  1255,    11,
          264,    11,   281,   340,   310,  4647,    17,   284,  3614,  7480,
         1255,    11,   264,   488,   220,    16,    11,   281,   340,   310,
          422,   284,   320,  4991,    16,   481,  4647,    17,     8,  1018,
          281,   198,   310,   356,   284,  3614,  7480,  1445,    11,   296,
           11,   281,   340,   310, 18496,   284,   320,    35,   353,   356,
            8,  1018,   281,   198,   310,  2790,   284,   320,  5035,   488,
        18496,     8,  1018,   281,   198,   310,   296,  1421,   220,    17,
          271,   262,  1173, 22781,  1018,   281,   692,   333,  1304,   606,
          563,   621, 13257,  3817, 21035,   262,  1887,   368],
       dtype=torch.int32), 'code')

(tensor([10447,   474, 14829,   439,   271,    77,    11,   296,    11,   272,
          907,    11,   272,  2204,    11,   348,   284,  2415,  1548,    11,
         1946,  1005,  6960,  2398, 30017,   284,  1140,  9144,  1548,    11,
         1946,  1005,  6960, 10126,   421,   272,   907,   861,   220,    15,
          770,  4167,    68,  3449,  2973,   284,  1140,  9144,  1548,    11,
         1946,  1005,  6960, 10126,   421,   272,  2204,   861,   220,    15,
          770,  4167,    80,   284,   526,  5384, 12361,  1958,   716,   304,
         2088, 10578,   982,   262,   856,    16,    11,   379,    16,    11,
          856,    17,    11,   379,    17,   284,  2415,  1548,    11,  1946,
         1005,  6960,  2398,   262,   421,   856,    16,   621,   856,    17,
          510,   286,  1173, 30405,  7021,    16,   481,   379,    17,  1171,
          286,  3060,  7213,   262,  1308,  1261,  1310,   284,  2224,   492,
        13564,  1305,   262,   421,   272,   907,   861,   220,    15,   510,
          286,   379,  7260,    11,   379,  6345,   284, 10610,  2561,    88,
           16,    11,   379,    17,  2546,   286,  7187,   284, 14829,   439,
          948,   285,   439,  9575,  5895,  4720,    11,   379,  7260,   340,
          286,   421,  7187,   366,  2422,  5895,  4720,     8,   323, 31021,
        11592,    60,  2651,   379,  6345,   510,   310,  2629,  1523,   284,
          379,  6345,   481,   379,  7260,   198,   310, 12134,   284,  3647,
         2075,    16,   481,   856,    17,   340,   310,  1308,  1261,  1310,
          284,  2629,  1523,   488, 12134,   198,   286,   770,   510,   310,
        11173,   284,  4167,   310,   421,  7187,   861,   220,    15,   510,
          394,   274,  9575,   284, 31021, 11592,    12,    16,   921,   394,
         2629,  9575,   284,   320,    88,  7260,   481,   274,  9575,     8,
          488,   320,    88,  6345,   481,   274,  9575,   340,   394, 11173,
         2057, 19676,  9575,   340,   310,   421,  7187,   366,  2422,  5895,
         4720,   982,   394,   274, 10534,   284, 31021, 11592,   921,   394,
         2629, 10534,   284,   320,    82, 10534,   481,   379,  7260,     8,
          488,   320,    82, 10534,   481,   379,  6345,   340,   394, 11173,
         2057, 19676, 10534,   340,   310,   421, 11173,   510,   394,  2629,
         1523,   284,  1308,  1337, 26141,   340,   394, 12134,   284,  3647,
         2075,    16,   481,   856,    17,   340,   394,  1308,  1261,  1310,
          284,  2629,  1523,   488, 12134,  7213,   262,  1308,  2204, 78563,
          284,  2224,   492, 13564,  1305,   262,   421,   272,  2204,   861,
          220,    15,   510,   286,   379,  7260,    11,   379,  6345,   284,
        10610,  2561,    88,    16,    11,   379,    17,  2546,   286,  7187,
          284, 14829,   439,   948,   285,   439,  9575,  2026,  3449,  2973,
           11,   379,  7260,   340,   286,   421,  7187,   366,  2422,  2026,
         3449,  2973,     8,   323, 11958,  2973, 11592,    60,  2651,   379,
         6345,   510,   310,  2629,  1523,   284,   379,  6345,   481,   379,
         7260,   198,   310, 12134, 16018,   284,  3647,  2075,    16,   481,
          856,    17,   340,   310, 12134,  3009,   284,   320, 15280, 16018,
          488,   348,   481,   220,    16,     8,   442,   348,   198,   310,
         1308,  2204, 78563,   284,  2629,  1523,   488, 12134,  3009,   198,
          286,   770,   510,   310, 11173,   284,  4167,   310,   421,  7187,
          861,   220,    15,   510,   394,   384,  9575,   284, 11958,  2973,
        11592,    12,    16,   921,   394,  2629,  9575,   284,   320,    88,
         7260,   481,   384,  9575,     8,   488,   320,    88,  6345,   481,
          384,  9575,   340,   394, 11173,  2057, 19676,  9575,   340,   310,
          421,  7187,   366,  2422,  2026,  3449,  2973,   982,   394,   384,
        10534,   284, 11958,  2973, 11592,   921,   394,  2629, 10534,   284,
          320,    68, 10534,   481,   379,  7260,     8,   488,   320,    68,
        10534,   481,   379,  6345,   340,   394, 11173,  2057, 19676, 10534,
          340,   310,   421, 11173,   510,   394,  2629,  1523,   284,  1308,
         1337, 26141,   340,   394, 12134,  3009,   284,   320,  3435,  2075,
           16,   481,   856,    17,     8,   488,   348,   481,   220,    16,
            8,   442,   348,   198,   394,  1308,  2204, 78563,   284,  2629,
         1523,   488, 12134,  3009,  7213,   262,  1173, 14137, 14137,  1261,
         1310,    11,  1308,  2204, 78563,   593], dtype=torch.int32), 'code')

(tensor([10447,   474,  6888,   271,    77,    11,   296,   284,  2415,  1548,
           11,  1946,  1005,  6960,  2398,    66,   284,  1140,  9144,  1548,
           11,  1946,  1005,  6960, 12139, 20989,   284,  1140,  9144,  1548,
           11,  1946,  1005,  6960, 49643,    87, 25487,   284,   220,    15,
          198,  2810,  3212,   284,   220,    15,   271,  1958,  1894,   304,
         7986,   510,   262,   422,   284,   272, 83417,   481,   220,    16,
          921,   262,   421,  1894,  2651,   296,   481,   220,    16,   510,
          286,   434,   284,   272, 83417, 24067,   262,   770,   510,   286,
          434,   284,  4167,   262, 36622,   284,  4167,   262,   369,   282,
          304,   434,   510,   286,   342,   284,  6888,  1302,  4385,  5432,
           11,   282,   340,   286, 36622,  2057,   955,   442,   342,   340,
          262,   856, 25487, 27947,    62,    16,   284,   856, 25487,   488,
          220,    16,   198,   262,  2804,    15,   284,   320,    87, 25487,
        27947,    62,    16,   488,   422,   481,   220,    16,     8,   442,
          422,   198,   262,  2804,   284,  2804,    15,   198,   262,  1393,
         3007,   510,   286,  2697,   284,  3007,   198,   286,   369, 84875,
          304, 36622,   510,   310,   421,  2804,  1018, 84875,   621,   220,
           15,   510,   394,  2697,   284,  3557,   198,   394,  1438,   198,
          286,   421,  2697,   510,   310,  1438,   198,   286,  2804,  1421,
          220,    16,   198,   262,   856,  5374,   284,  2804,   353,   422,
          198,   262,   421,   856,  5374,   861,  1932,  3212,   510,   286,
         1932,  3212,   284,   856,  5374,   198,   262,   856, 25487,   284,
          856,  5374,   271,  1350,  8738,  3212,     8], dtype=torch.int32), 'code')

(tensor([10447,    83,   284,   526,  5384,  2398,  1958,   716,   304,  2088,
         1155,   982,   262,   282,   284,  1946,  1005, 13097,   741,   262,
         2115,    11,  1290,   284,   282,  5289, 15966,  1305,   262,  2629,
          761,   284,  2629,  1548,  1337,     8,   369,   272,   304,  2115,
          488,  1290,   340,   262,  3204, 35187,   284,  4167,   262,   369,
          294,   304,  2088,     7, 98668,   982,   286,   421,   320,  1242,
          761,   488,   294,     8,  1018,   220,    24,   621,   220,    15,
          510,   310,  3204, 35187,  2057,  1500,   340,   262,  2697, 35187,
          284,  4167,   262,   369,   294,   304,  3204, 35187,   510,   286,
          296, 61920,   284,  2115,   488,   607,  1500,     8,   488,  1290,
          198,   286,   421,   296, 61920,    58,    15,    60,   961,   364,
           15,  3646,   310,  2697, 35187,  2057,  1500,   340,   262,   421,
         2422, 41294, 35187,     8,   621,   220,    17,   323,   220,    15,
          304,  2697, 35187,   323,   220,    24,   304,  2697, 35187,   510,
          286,  1173,   445,    15,   476,   220,    24,  1138,   262,   770,
          510,   286,  1173, 41294, 35187,    58,    15,  2467],
       dtype=torch.int32), 'code')

(tensor([10447,   750,  1887,  3932,   262,  1159,  5708,   198,   262,  1946,
          284,  5708, 42939,  4125,  1005,  6960,   741,   262,  7187,   284,
          220,    15,   198,   262,   451,    11,  1207,   284,   526,  5384,
        11592,  9715,   526,  5384, 11592,    10,    16,  2546,   262,  7187,
         1421,   220,    17,   198,   262, 35211,   284,  1140,  9144,  1548,
           11,  1946, 11592,    25,  6361, 71176, 10902,   262,  7187,  1421,
          451,  7213,   262,   671,  9005,  4367, 14569,   369,   220,    16,
         5980, 14925,   198,   262,  4367,  3180,   284,   508,    15,    60,
          353,   320,    45,   488,   220,    16,   340,   262,  1482,   284,
         1140,     7, 75961,  5895, 17816,    82,    11,   220,    16,   593,
          220,   671,   320, 71776,   842,    11,  8169,   340,  1066,   262,
         1393,  2422,  8761,     8,   861,   220,    16,   510,   286,  1790,
        29780,   284,  4167,   286,   600,   284,   220,    15,   198,   286,
          308,   284,  2422,  8761,   340,   286,  1393,   600,   366,   308,
          510,   310,   421,   600,   488,   220,    16,   366,   308,   510,
          394,   264,   284,  1482,   989,   921,   394,   293,   284,  1482,
          989,    10,    16,   921,   394,  4367,  3180, 15469,    58,    15,
         5053,  1421,   220,    16,   198,   394,  4367,  3180, 18453,    58,
           15,  5053,  1421,   220,    16,   198,   394,   421,   264,    58,
           16,    60,   861,   293,    58,    16, 10338,   503,  1790, 29780,
         2057,  2877,   340,   394,   770,   510,   503,  1790, 29780,  2057,
         1883,   340,   394,   600,  1421,   220,    17,   198,   310,   770,
          510,   394,  1790, 29780,  2057,  8761,   989,  2546,   394,   600,
         1421,   220,    16,   198,   286,  1482,   284,  1790, 29780,  7213,
          262,   671,  8602, 19519,   198,   262,  2550,   284,  4167,   262,
          369,   716,   304,  2088,  6253,   982,   286,   600,   284,   526,
         5384, 11592,  2546,   286,  7187,  1421,   220,    16,   198,   286,
         2550,  2057,  4199,   955,   491,  3180,   989, 10902,   262,  1173,
        11019,    77,  4427,  5987, 11052,  4390,   333,  1304,   606,   563,
          621, 13257,  3817, 21035,   262,  1887,   368], dtype=torch.int32), 'code')

(tensor([10447, 34760,  5376,   284,   341,   262,   364,    15,  1210,   220,
           21,   345,   262,   364,    16,  1210,   220,    17,   345,   262,
          364,    17,  1210,   220,    20,   345,   262,   364,    18,  1210,
          220,    20,   345,   262,   364,    19,  1210,   220,    19,   345,
          262,   364,    20,  1210,   220,    20,   345,   262,   364,    21,
         1210,   220,    21,   345,   262,   364,    22,  1210,   220,    18,
          345,   262,   364,    23,  1210,   220,    22,   345,   262,   364,
           24,  1210,   220,    21,   198,   630,    51,   284,   526,  5384,
         2398,  1958,   716,   304,  2088,  4140,   982,   262,   274,   284,
         1946,  1005, 13097,   741,   262,  2790,   284,   220,    15,   198,
          262,   421,   274, 26076, 14644, 11038,   286,  2790,  1421,   220,
           16,   198,   286,   274,   284,   274,    58,    16, 24067,   262,
          369,   272,   304,   274,   510,   286,  2790,  1421, 15711,  5376,
        12441,   921,   262,  1173, 22781,     8], dtype=torch.int32), 'code')

(tensor([ 10447,    474,   6888,    271,    750,  73756,   8738,   4273,    982,
           262,    374,  38013,    284,    508,   2514,     60,    353,    320,
          2810,   4273,    488,    220,     16,    340,    262,    374,  38013,
            58,     15,     60,    284,    374,  38013,     58,     16,     60,
           284,   3557,    198,    262,    369,    600,    304,   2088,      7,
            17,     11,    526,  37076,  18021,   8738,   4273,    593,    488,
           220,     16,    982,    286,    421,    374,  38013,    989,  10338,
           310,    369,    502,    304,   2088,   1956,    353,    600,     11,
          1932,   4273,    488,    220,     16,     11,    600,    982,    394,
           374,  38013,   3809,     60,    284,   3557,    198,    262,    470,
           374,  38013,    271,   2810,   3212,    284,    220,  99619,    353,
           220, 107110,     15,    488,    220, 102573,    353,    220,  99618,
           488,    220, 102573,    198,    285,  38013,    284,  73756,   8738,
          3212,    692,     77,    284,    526,   5384,   2398,  12383,    284,
         14589,   1958,    716,    304,   2088,   1445,    982,    262,    305,
            11,    296,     11,    274,    284,   2415,   1548,     11,   1946,
          1005,   6960,   2398,    262,    856,    284,    305,    353,    220,
        107110,     15,    488,    296,    353,    220,  99618,    488,    274,
           198,    262,    421,    374,  38013,   8322,  10338,    286,  26187,
           284,    220, 101220,    198,    262,    770,    510,    286,  26187,
           284,    220, 105818,    421,    856,   1018,    220,     17,    621,
           220,     16,    770,    220, 103005,    198,    262,  24839,    284,
           856,    488,  26187,    198,    262,   4357,   2057,   1188,     87,
            11,    220,     16,   1171,    262,   4357,   2057,   1188,  57774,
            11,    220,     15,   4390,  12383,  10609,   2822,   3231,  34092,
            82,    284,    220,     15,    198,   2810,  34092,     82,    284,
           220,     15,    198,   1958,    882,     11,   1538,   1819,    304,
          4357,    510,    262,    421,   1538,   1819,    621,    220,     16,
           510,    286,   1482,  34092,     82,   1421,    220,     16,    198,
           286,    421,   1482,  34092,     82,    861,   1932,  34092,     82,
           510,    310,   1932,  34092,     82,    284,   1482,  34092,     82,
           198,    262,    770,    510,    286,   1482,  34092,     82,   5982,
           220,     16,    271,   1350,   8738,  34092,     82,      8],
       dtype=torch.int32), 'code')

(tensor([10447, 26374,   284,   220, 98668,   334,    24,   488,   220,    22,
          271,   750, 30153,  1255,    16,    11,   296,    17,    11,  1463,
          982,   262,   264,    11,   293,    11,   272,    11,   294,   284,
          296,    16,   198,   262,   384,    11,   282,    11,   342,    11,
          305,   284,   296,    17,   198,   262,   501,  4306,   284,   320,
           64,   353,   384,   488,   293,   353,   342,     8,  1018,  1463,
          198,   262,   501,   880,   284,   320,    64,   353,   282,   488,
          293,   353,   305,     8,  1018,  1463,   198,   262,   501,   666,
          284,   320,    66,   353,   384,   488,   294,   353,   342,     8,
         1018,  1463,   198,   262,   501,   814,   284,   320,    66,   353,
          282,   488,   294,   353,   305,     8,  1018,  1463,   198,   262,
          470,   320,   931,  4306,    11,   501,   880,    11,   501,   666,
           11,   501,   814,   692,   750,  6172, 20379, 33237,    11,  2355,
           11,  1463,   982,   262,  1102,   284,   320,    16,    11,   220,
           15,    11,   220,    15,    11,   220,    16,     8,   220,   671,
        26455,  6172,   198,   262,  1393,  2355,   861,   220,    15,   510,
          286,   421,  2355,  1018,   220,    17,   621,   220,    16,   510,
          310,  1102,   284, 30153,  4456,    11,  5517,    11,  1463,   340,
          286,  5517,   284, 30153, 33237,    11,  5517,    11,  1463,   340,
          286,  2355,   284,  2355,   442,   220,    17,   198,   262,   470,
         1102,   271,    51,   284,   526,  5384,  2398,  1958,   716,   304,
         2088,  4140,   982,   262,   308,   284,   526,  5384,  2398,   262,
          421,   308,   621,   220,    16,   510,   286,  1173,     7,    16,
          340,   262,  4409,   308,   621,   220,    17,   510,   286,  1173,
            7,    18,   340,   262,   770,   510,   286,  2355,   284,   308,
          481,   220,    17,   198,   286,  5517,   284,   320,    18,    11,
          481,    16,    11,   220,    16,    11,   220,    15,   340,   286,
         5517, 14205,   284,  6172, 20379, 33237,    11,  2355,    11, 18636,
          340,   286,   264,    11,   293,    11,  8357,   716,   284,  5517,
        14205,   198,   286,   592,   284,   320,    64,   353,   220,    18,
          488,   293,   353,   220,    16,     8,  1018, 18636,   198,   286,
         1173,  4590,     8], dtype=torch.int32), 'code')

(tensor([10447,    42,   284,   526,  5384,  2398,    50,   284,  1946,  1005,
        13097,   741,    77,   284,  2422,  3759,   692,     2, 22544, 27854,
        58040,   198, 14048, 31822,   284,   508,    15,    60,   353,   308,
          198,  1958,   600,   304,  2088,  1445,   982,   262,   421,   220,
           17,   353,   600,   366,   308,   510,   286,  1529, 31822,   989,
           60,   284,   220,    17,   353,   600,   198,   262,   770,   510,
          286,  1529, 31822,   989,    60,   284,   220,    17,   353,   320,
           77,   481,   220,    16,   481,   600,     8,   488,   220,    16,
          271,     2,  7379, 24410,   323, 12558,  1102,  1283,   730, 27854,
        72586,   198, 28765,   284,   508,  4049,    60,   353,   308,   198,
         1382,   284,  2509,   660,   353,   308,   271,  1958,   600,   304,
         2088,  1445,   982,   262,   421,   537, 11988,   989, 10338,   286,
        10770,   284,  4167,   286,  1482,   284,   600,   198,   286,  1393,
         3007,   510,   310, 10770,  2057,  8761,   340,   310, 11988, 25687,
           60,   284,  3007,   198,   310,  1482,   284,  1529, 31822, 25687,
          921,   310,   421,  1482,   621,   600,   510,   394,  1438,   198,
          286, 10770,  6043,   284,  2422,  1337,  5449,   340,   286,   369,
         7187,   304,  2088,  1337,  5449,  6043,   982,   310,  1133,   284,
        10770, 11592,   921,   310,  7354,   284,   730,  1018, 10770,  6043,
          198,   310,  1590,  6479,   284, 10770,  9693,  6361,   488,  7354,
            8,  1018, 10770,  6043,   921,   310,  1102, 21591,    60,   284,
          328,    58, 11816,  6479,  2533,  1350,   492,  4427,  5987,  4456,
          593], dtype=torch.int32), 'code')

(tensor([10447,     2,  4457,   279, 76411,  5827,   198,  4203,   284,   508,
         1607,  9144,  1548,    11,  1946,  1005,  6960, 10126,   369,   716,
          304,  2088,     7,    18, 27677,     2,  4457,   279,  2598,  5109,
          198,    77,   284,   526,  5384,  2398, 43631,   284,   314,   396,
         5384,  2140,   369,   716,   304,  2088,  1445, 73248,     2, 19775,
          678,  3204,  5128,   320,  1811,    11,  8146,    11, 83326,  1127,
          340,  7968,   284,  4167,     2,  2691,  6978,   198,  7968, 15819,
        25241,   340,     2,  2691,  8146,   198,  1958,   502,   304,  2088,
            7,    18,   982,   262,  1375,   284,   508,  4203,    58,    15,
         1457,    73,  1125,  5827,    58,    16,  1457,    73,  1125,  5827,
           58,    17,  1457,    73, 14278,   262,  5128,  2057, 19574,   340,
            2,  2691, 83326,  1127,   198,  7968,  2057,  2561,  4203,    58,
           15,  1457,    15,  1125,  5827,    58,    16,  1457,    16,  1125,
         5827,    58,    17,  1457,    17, 26645,  7968,  2057,  2561,  4203,
           58,    15,  1457,    17,  1125,  5827,    58,    16,  1457,    16,
         1125,  5827,    58,    17,  1457,    15, 71550,     2,  4248,  1817,
         1555,   369,   264, 76411,   198,  1958,  1555,   304,  5128,   510,
          262,   421,   678,  8067,   304,  2598,   369,  1629,   304,  1555,
          982,   286,  1173,   445,  9450,  1138,   286,  4869,  2822,  1350,
          445,  2753,   899], dtype=torch.int32), 'code')

(tensor([10447,   474,  5708,   198,  1499, 56086,  1159,   326,  2672, 11524,
          271,   750,  1887,  3932,   262,  5708,   980,  2758, 34112,  9502,
            7,    16,  1115,   220, 99446,   340,   262,   451,   284,   526,
        18112, 42939, 31667,  2398,   262,  1379,   284,   220,    17,   353,
          451,   198,   262,   362,   284,  4167,   262,   369,   716,   304,
         2088,  6856,   982,   286,   362,  2057, 18112, 42939, 31667,  1005,
        13097,  2398,  1066,   262,   671,  4968, 27613,  5420, 13521,   198,
          262,  5420,   284, 83812,   369,   716,   304,  2088,  6856,  5563,
          262,   369,   600,   304,  2088,  6856,   982,   286,   369,   502,
          304,  2088,  1956,    10,    16,    11,  1379,   982,   310,   421,
          362,   989,  1457,    73,    60,   621,   364,    16,  3646,   394,
         5420,   989,   936,  5090,  3325,   340,  1066,   262,   671,  4968,
        27613,  5312, 13521,   198,   262,  5312,  5237,   284,  6451,   741,
          262,   369,   600,   304,  2088,  6856,   982,   286,   369,   502,
          304,  5420,   989, 10338,   310,   369,   595,   304,  2088,  6856,
          982,   394,   369,   326,   304,  5420,  6732, 10338,   503,   421,
          595,  2604,   600,   476,   320,    74,   621,   600,   323,   326,
         2651,   502,   982,   664,  3060,   198,   503,   264,    11,   293,
          284, 10610,  2561,    72,    11,   502,  2546,   503,   272,    11,
          294,   284, 10610,  2561,    74,    11,   326,  2546,   503,  5312,
          284,   320,    66,   366,   264,   366,   294,   366,   293,     8,
          476,   320,    64,   366,   272,   366,   293,   366,   294,   340,
          503,  5312,  5237,  9693,    72,    11,   502,    11,   595,    11,
          326,  7252,   284,  5312,   198,   503,  5312,  5237,  9693,    74,
           11,   326,    11,   600,    11,   502,  7252,   284,  5312,  7213,
          262,   569,    75,  2672, 11524,  8738,  2141,  5856,   340,   262,
          707, 11324, 35131,    11,  6813,    11, 12816,   982,   286,   421,
         9540, 35131,   568,  1830,   492,    16,   863,   621,  1379,   510,
          310,   470,   220,    16,   421,   320, 16881,   621,   451,    12,
           16,   323,  6813,   621,   220,    16,     8,   770,   220,    15,
         8942,   286,   592,   284,   220,    15,   198,   286,   671,  7379,
          279,  1156, 67880,  1459,   198,   286,  1156,   284,   220,    15,
          198,   286,  1393,   320, 11253,  3578,  1156,     8,   609,   220,
           16,   510,   310,  1156,  1421,   220,    16,  8942,   286,   369,
         2086,   304,  5420, 74834, 10338,   310,   421,   320, 11253,  3578,
         2086,     8,   609,   220,    16,   510,   394,  3060,   198,   310,
          501,  9994,   284,  6911,   760,   320,    16,  1115,  1156,     8,
          760,   320,    16,  1115,  2086,   340,   310,   501, 23195,   284,
         6813,   488,   220,    16,   198,   310,   501, 27931,   284, 12816,
          198,   310,  5312, 15969,   284,   220,    15,   198,   310,   671,
         4248, 85389,   448,  6350, 13521,   198,   310,  6350, 36245,   284,
         4167,   310,   369,   600,   304,  2088,  6856,   982,   394,   421,
          537,   320, 11253,   609,   320,    16,  1115,   600,  9952,   503,
         3060,   198,   394,   369,   502,   304,  5420,   989, 10338,   503,
          421,   600,   366,   502,   323,   320, 11253,   609,   320,    16,
         1115,   502,  9952,   664,  6350, 36245,  2057,  1188,    72,    11,
          502,  1171,  3374,   310,   369,   320,    72,    11,   502,     8,
          304,  6350, 36245,   510,   394,   421,  5312,  5237,   670,  1188,
           72,    11,   502,    11,  1156,    11,  2086,   701,  3557,   982,
          503,  5312, 15969,  1421,   220,    16, 18542,   310,   421,  5312,
        15969,   621,   220,    15,   510,   394,   501, 23195,   284,  6813,
          488,   220,    16,   198,   394,   501, 27931,   284, 12816,   198,
          310,   770,   510,   394,   501, 23195,   284,  6813,   481,  5312,
        15969,   488,   220,    16,   198,   394,   501, 27931,   284, 12816,
          488,  5312, 15969, 18542,   310,   421,   501, 27931,   861,   451,
           12,    16,   510,   394,  3060,   198,   310,   421,   501, 23195,
          366,   220,    16,   510,   394,  3060, 18542,   310,   592,  1421,
        11324,  1755,  9994,    11,   501, 23195,    11,   501, 27931,   340,
         1789,   286,   470,   592,  7213,   262,  1173, 34626,     7,    15,
           11,   220,    15,    11,   220,    15,  4390,   333,  1304,   606,
          563,   621, 12106,  3817, 16165,   262,  1887,   368],
       dtype=torch.int32), 'code')

(tensor([10447,    77,   284,   526,  5384,  2398, 94339,   284,  4167,  1958,
          600,   304,  2088,  1445,   982,   262,   274,    11,   281,   284,
         1946,  1005,  6960,   741,   262, 15544,  2057,  1188,    82,    11,
          526,  1295,   701,   600,   488,   220,    16,  4390, 94339, 10609,
         4857, 27412,   856,    25,   320,    87,    58,    15,  1125,   481,
           87,    58,    16, 36736,  1958,   592,   304, 15544,   510,   262,
         1173,  4590,    58,    17,  2467], dtype=torch.int32), 'code')

(tensor([10447,    77,   284,   526,  5384,  2398,    64,   284,  1140,  9144,
         1548,    11,  1946,  1005,  6960, 12139,  9791,   284,  4318,    15,
           60,   353,   308,   369,   716,   304,  2088,  1445, 27677,  1958,
          326,   304,  2088,     7,    16,    11,   308,   488,   220,    16,
          982,   262,   369,   600,   304,  2088,  1445,   481,   326,   488,
          220,    16,   982,   286,   502,   284,   600,   488,   326,   481,
          220,    16,   198,   286,   421,   600,   621,   502,   510,   310,
        11324,   989,  1457,    73,    60,   284,   264,   989,   921,   286,
          770,   510,   310,  2115,   284,   264,   989,    60,   481, 11324,
          989,   488,   220,    16,  1457,    73,   921,   310,  1290,   284,
          264,  3809,    60,   481, 11324,   989,  1457,    73,   481,   220,
           16,   921,   310, 11324,   989,  1457,    73,    60,   284,  1932,
        17646,    11,  1290,   692,  1350, 34626,    58,    15,  1457,    77,
          481,   220,    16,  2467], dtype=torch.int32), 'code')

(tensor([10447,    77,    11,   595,   284,  2415,  1548,    11,  1946,  1005,
         6960,  2398,    64,   284,  1140,  9144,  1548,    11,  1946,  1005,
         6960, 12139,   966,   284,   264,  5154,     7,    16,     8,   488,
          220,    16,   220,   671,  5508,   311,   220,    16,  5980,   271,
         2359,   284,  1133,   481,   220,    16,   198,  1291,   284,   308,
          481,  1133,   271,  2359, 22670,   284,   320,  2359,   488,   320,
           74,   481,   220,    17,   593,   442,   320,    74,   481,   220,
           16,   340,  1291, 22670,   284,   320,  1291,   488,   320,    74,
          481,   220,    17,   593,   442,   320,    74,   481,   220,    16,
          692,  1350, 17646, 22670,   488,  1290, 22670,     8],
       dtype=torch.int32), 'code')

(tensor([10447,   750,   855, 27613,  5294,  1733,  8377,   643,  6237,  3932,
          262, 49116,   284,   508,    17,   921,   262,  1482,   284,   220,
           18,   198,   262,  1393,  2422, 24898,  1733,     8,   366,   220,
        99457, 98503,   510,   286,   374, 38013,   284,  3007,   198,   286,
        17919, 11075,   284,  1482,  3070,   220,    15,    13,    20,   198,
          286,   369,   281,   304, 49116,   510,   310,   421,   281,   861,
        17919, 11075,   510,   394,  1438,   198,   310,   421,  1482,  1018,
          281,   621,   220,    15,   510,   394,   374, 38013,   284,  3557,
          198,   394,  1438,   198,   286,   421,   374, 38013,   510,   310,
        49116,  2057,  8761,   340,   286,  1482,  1421,   220,    17,  7213,
          262,  2629,  2019,   284,   508,    15,   921,   262,  1482, 10155,
          284,   220,    15,   198,   262,   369, 10245,   304, 49116,   510,
          286,  1482, 10155,  1421, 10245,   198,   286,  2629,  2019,  2057,
         8761, 10155,   340,   262,   470,  2629,  2019,   271,  1242,  2019,
          284,   855, 27613,  5294,  1733,  8377,   643,  6237,  2822,  3472,
         3007,   510,   262,  1430,   510,   286,   308,   284,   526,  5384,
         2398,   286,   421,   308,   621,   220,    15,   510,   310,  1438,
          198,   286,  1173, 19676,  2019,  7669,  2546,   262,  3650, 29347,
         1454,   510,   286,  1438], dtype=torch.int32), 'code')

(tensor([ 10447,    474,   5708,    271,    750,   1887,   3932,    262,   1159,
          5708,    198,    262,    504,   5708,   1159,  31238,    271,    262,
          1946,    284,  31238,   4125,   1005,   6960,   7968,    741,    262,
           451,    284,    526,   5384,     58,     15,   2546,    262,   5048,
           284,   1946,     58,     16,  37498,     10,     16,   2533,    262,
           369,   1142,    304,   5048,    510,    286,   9662,   2895,    284,
          1142,   5289,    741,    286,   9662,  38052,    804,    284,   4167,
           286,    369,    274,    304,   9662,   2895,    510,    310,  68691,
           284,   4167,    310,    671,  19775,    678,   3040,  68691,    369,
          1817,   6573,    198,    310,  68691,   2057,   1188,     82,     58,
            15,   1125,    274,     58,     16,   1125,    274,     58,     17,
          1125,    274,     58,     18,   9362,    220,    671,    220,     15,
         12342,    198,    310,  68691,   2057,   1188,     82,     58,     18,
          1125,    274,     58,     15,   1125,    274,     58,     16,   1125,
           274,     58,     17,   9362,    220,    671,    220, 100067,  12342,
           198,    310,  68691,   2057,   1188,     82,     58,     17,   1125,
           274,     58,     18,   1125,    274,     58,     15,   1125,    274,
            58,     16,   9362,    220,    671,    220, 105818,  12342,    198,
           310,  68691,   2057,   1188,     82,     58,     16,   1125,    274,
            58,     17,   1125,    274,     58,     18,   1125,    274,     58,
            15,   9362,    220,    671,    220, 117082,  12342,    198,    310,
          9662,  38052,    804,   2057,  75982,    804,    692,    286,    707,
         98082,  35131,     11,   2802,     11,   1375,     11,   1482,  27931,
            11,   7872,  10944,  25395,    982,    310,    421,   2802,    621,
           220,     18,    510,    394,    470,    220,     16,    198,    310,
          2790,    284,    220,     15,    198,    310,    369,   6573,   7258,
           304,   2088,      7,     24,    982,    394,    421,   6911,    609,
           320,     16,   1115,   6573,   7258,    982,    503,   3060,    198,
           394,    369,  12689,    304,   2088,      7,     19,    982,    503,
          1909,     11,   1290,     11,   5622,     11,   2115,    284,   9662,
         38052,    804,  11402,   9105,   7258,   1457,  13529,    921,    503,
           671,   4248,   1909,  21517,    198,    503,    421,   2802,    861,
           220,     15,    510,    664,    421,   1909,    961,   7872,  10944,
         25395,  16947,     12,     16,   1457,   2074,  10338,    999,   3060,
           198,    503,    671,   4248,   2115,  21517,    198,    503,    421,
          1375,    861,    220,     15,    510,    664,    421,   2115,    961,
          1482,  27931,  33360,     12,     16,   1457,     15,  10338,    999,
          3060,    198,    503,    501,   9994,    284,   6911,    760,    320,
            16,   1115,   6573,   7258,    340,    503,    501,  11075,  27931,
           284,   1482,  27931,  12226,    741,    503,    501,  11075,  27931,
          2057,   1188,   1291,     11,   5622,   1171,    503,    421,   1375,
           621,    220,     17,    510,    664,    501,  25487,    284,   7872,
         10944,  25395,  12226,    741,    664,    501,  25487,   2057,   2561,
            68,     58,     16,     60,    369,    384,    304,    501,  11075,
         27931,   2546,    664,   2790,   1421,  98082,   1755,   9994,     11,
          2802,    488,    220,     16,     11,    220,     15,     11,  10066,
           501,  25487,    340,    503,    770,    510,    664,   2790,   1421,
         98082,   1755,   9994,     11,   2802,     11,   1375,    488,    220,
            16,     11,    501,  11075,  27931,     11,   7872,  10944,  25395,
           340,    310,    470,   2790,    271,    286,   1760,    284,  98082,
             7,     15,     11,    220,     15,     11,    220,     15,     11,
         10066,  27522,    286,   1173,  11507,    692,    333,   1304,    606,
           563,    621,  13257,   3817,  21035,    262,   1887,    368],
       dtype=torch.int32), 'code')

(tensor([10447,   474,  5708,   198,  1499, 41098,  1159,  1985,   271,   750,
         6923, 38052,   804, 90357,   982,   262,   707,  6502,  3747,  1648,
          470,   320,    85,    58,    15,  1125,   348,    58,    17,  1125,
          348,    58,    19,  1125,   348,    58,    16,  1125,   348,    58,
           18,  1125,   348,    58,    20,  2546,   262,   707,  2484,  3747,
         1648,   470,   320,    85,    58,    17,  1125,   348,    58,    15,
         1125,   348,    58,    16,  1125,   348,    58,    18,  1125,   348,
           58,    19,  1125,   348,    58,    20,  2546,   262,   707,  8499,
         3747,   982,   286,   369,   716,   304,  2088,     7,    17,   982,
          310,   369,   716,   304,  2088,     7,    18,   982,   394,   348,
          284,  6502,  3747,   340,   394,  7540,   348,   198,   394,   369,
          716,   304,  2088,     7,    18,   982,   503,   348,   284,  2484,
         3747,   340,   503,  7540,   348,   198,   310,   348,   284,  6502,
        93103,     7,  1100,  3747, 19199,   262,  1191,   284,   320,    15,
           11,   220,    16,    11,   220,    17,    11,   220,    18,    11,
          220,    19,    11,   220,    20,   340,   262,  3884,   284,   738,
          741,   262, 68691,   284,  4167,   262,   369, 13845,   304,  8499,
        10634,   982,   286,   421, 13845,   537,   304,  3884,   510,   310,
         3884,  1364,     7, 19875,   340,   310, 68691,  2057,     7, 19875,
          340,  1066,   262, 45351,   284,  4167,   262,   369, 13845,   304,
        68691,   510,   286, 45351, 63606,   284,   508, 45142,    58, 19875,
          989,  5053,   369,   600,   304,  2088,     7,    21,  5563,   286,
          421, 45351, 63606,   537,   304, 45351,   510,   310, 45351,  2057,
        75982,   657, 63606,   340,   262,   470, 45351,   271,   750,  1887,
         3932,   262,  1946,   284,  5708, 42939,  4125,  1005,  6960,   741,
          262, 10082,   284,   220,    15,   198,   262,  1393,  3007,   510,
          286,   421, 10082,  2604,  2422,  5384,   982,   310,  1438,   198,
          286,   308,   284,   526,  5384,    58,  3505,  2546,   286, 10082,
         1421,    16,   198,   286,   421,   308,   621,    15,   510,   310,
         1438,   198,   286, 53742,   284,  4167,   286,   369,   716,   304,
         2088,  1445,   982,   310, 23673,   284,  1946,    58,  3505,    25,
         3505,    10,    21,   921,   310, 10082,  1421,    21,   198,   310,
        53742,  2057, 90357,   340,  1789,   286,  3579, 33508,   284,   508,
         6257,   369,   716,   304,  2088,     7,    21,  5563,   286,   369,
        23673,   304, 53742,   510,   310, 68691,   284,  6923, 38052,   804,
        90357,   340,   310,   817, 30859,   284,   508,   746,   368,   369,
          716,   304,  2088,     7,    21,  5563,   310,   369,  5749,   304,
        68691,   510,   394,   369,   600,   304,  2088,     7,    21,   982,
          503,   817, 30859,   989,   936,   718, 75982,   989,  2546,   310,
          369,   600,   304,  2088,     7,    21,   982,   394,   369,   272,
          304,   817, 30859,   989, 10338,   503,  3579, 33508,   989,  1457,
           66,    60,   284,  3579, 33508,   989,   936,   455,  1337,    11,
          220,    15,     8,   488,   220,    16,  8942,   286,  2790,   284,
           15,   198,   286,   369,   600,   304,  2088,     7,    21,   982,
          310,   421,   537,  3579, 33508,   989, 10338,   394,  2790,  1421,
           77,   198,   310,   770,   510,   394,  1932,  3180,   284,  1932,
        56766, 33508,   989,   936,  3661,  2398,   394,  2790,  1421,   320,
           77,   481,  1932,  3180,   340,   286,  1173, 22781,   692,   333,
         1304,   606,   563,   621, 13257,  3817, 21035,   262,  1887,   368],
       dtype=torch.int32), 'code')

(tensor([10447,   750,  6718, 28735,  1141,   982,   262, 11206,   284,  4167,
          262,  1482,   284,  4167,   262,  4766,   284,  3557,   198,   262,
          369,   272,   304,   274,   510,   286,   421,   537,  4766,   510,
          310,   421,   272,   621,  7127,  3646,   394,   421,  1482,   510,
          503, 11206,  2057,   492,  4427,  5987,  8761,  1171,   503,  1482,
          284,  4167,   394,  1482,  2057,  1337,   340,   394,  4766,   284,
         3007,   198,   310,   770,   510,   394,  1482,  2057,  1337,   340,
          286,   770,   510,   310,  1482,  2057,  1337,   340,   310,   421,
          272,   621,  7127,  3646,   394, 11206,  2057,   492,  4427,  5987,
         8761,  1171,   394,  1482,   284,  4167,   394,  4766,   284,  3557,
          198,   262,   421,   537,  4766,   323,  1482,   510,   286, 11206,
         2057,   492,  4427,  5987,  8761,  1171,   262,   470, 11206,   271,
          750, 11645,  1141,    16,    11,   274,    17,   982,   262, 11206,
           16,   284,  6718, 28735,  1141,    16,   340,   262, 11206,    17,
          284,  6718, 28735,  1141,    17,   340,   262,   421,  2422, 33887,
           16,     8,   961,  2422, 33887,    17,   982,   286,   470,   330,
        88595,   640,  1825,   698,   262,   369,   259,    16,    11,   259,
           17,   304, 10303, 33887,    16,    11, 11206,    17,   982,   286,
          374,  2895,    16,   284,   259,    16, 26076, 32604,   863,   323,
          259,    16, 39894, 32604,  1305,   286,   374,  2895,    17,   284,
          259,    17, 26076, 32604,   863,   323,   259,    17, 39894, 32604,
         1305,   286,   421,   374,  2895,    16,   961,   374,  2895,    17,
          510,   310,   470,   330, 88595,   640,  1825,   698,   262,   369,
          259,    16,    11,   259,    17,   304, 10303, 33887,    16,    11,
        11206,    17,   982,   286,   421,   537,   259,    16, 26076, 32604,
        11038,   310,   421,   259,    16,   961,   259,    17,   510,   394,
          470,   330, 88595,   640,  1825,   698,   262,  3638,   284,   220,
           15,   198,   262,   369,   259,    16,    11,   259,    17,   304,
        10303, 33887,    16,    11, 11206,    17,   982,   286,   421,   259,
           16, 26076, 32604, 11038,   310,   421,   259,    16,   961,   259,
           17,   510,   394,  3638,  1421,   220,    16,   198,   262,   421,
         3638,   621,   220,    15,   510,   286,   470,   330, 19773, 15559,
          698,   262,  4409,  3638,   621,   220,    16,   510,   286,   470,
          330, 47586,   698,   262,   770,   510,   286,   470,   330, 88595,
          640,  1825,  1837,   474,  5708,   271,  1958,  1555,   304,  5708,
        42939,   510,   262,   274,    16,   284,  1555, 17161,   741,   262,
          421,   274,    16,   621, 24288,   510,   286,  1438,   198,   262,
          274,    17,   284,  5708, 42939, 31667,  1005, 13097,   741,   262,
         1173,  3325, 19524,  1141,    16,    11,   274,    17,   593],
       dtype=torch.int32), 'code')

(tensor([10447,   474,  6888,   271,   750,  1887,  3932,   262,  1159,  5708,
          198,   262,  1946,   284,  5708, 42939,  4125,  1005,  6960,   741,
          262, 10082,   284,   220,    15,   198,   262,  1142,   284,   220,
           16,   198,   262,  1393,  3007,   510,   286,   308,   284,   526,
         5384,    58,  3505,  2546,   286, 10082,  1421,   220,    16,   198,
          286,   421,   308,   621,   220,    15,   510,   310,  1438,   198,
          286, 20589,   284,  4167,   286,  2629, 39341,   284,   220,    15,
           13,    15,   198,   286, 36158,   284,  4167,   286,   369,   716,
          304,  2088,  1445,   982,   310,   856,    16,   284,  2224,  5384,
           58,  3505,  2546,   310,   379,    16,   284,  2224,  5384,    58,
         3505,    10,    16,  2546,   310,   856,    17,   284,  2224,  5384,
           58,  3505,    10,    17,  2546,   310,   379,    17,   284,  2224,
         5384,    58,  3505,    10,    18,  2546,   310, 10082,  1421,   220,
           19,   198,   310,  2629, 39341,  1421,  6888,   860,  1082,   354,
         2075,    16,   481,   856,    17,    11,   379,    16,   481,   379,
           17,   340,   310, 36158,  2057,  1188,    87,    16,    11,   379,
           16,  1171,   310, 36158,  2057,  1188,    87,    17,    11,   379,
           17,  1171,  1789,   286, 26054,  3710, 19995,   284, 83812,   369,
          716,   304,  2088,  1445,   488,   220,    16,  5563,   286,   369,
         6911,   304,  2088,     7,    16,  1115,   308,   982,   310, 13187,
          284,  9540, 35131,   568,  1830,   492,    16,  1305,   310, 26054,
         3710, 19995, 62547,   936,  5090, 35131,   340,  1789,   286, 34798,
          284,   220,    16,    68, 99243,   198,   286,  1379,  9994,   284,
          220,    16,  1115,   308,   198,   286,  1379, 74407,   284,   220,
           17,   353,   308,   198,   286, 11324,   284,  4318, 36224,    60,
          353,  1379, 74407,   369,   716,   304,  2088,  6856,  9994,  5563,
          286,   369,   600,   304,  2088,  1445,   982,   310,   369,   502,
          304,   320,    15,    11,   220,    16,   982,   394,   384,   284,
          220,    17,   353,   600,   488,   502,   198,   394,  6911,   284,
          220,    16,  1115,   600,   198,   394, 11324, 84759,  1457,    68,
           60,   284,   220,    15,    13,    15,  8942,   286,   369,  9468,
          304,  2088,     7,    16,    11,   308,   982,   310,   369,  6911,
          304, 26054,  3710, 19995,    58, 11511, 10338,   394,   369,   384,
          304,  2088,  6856, 74407,   982,   503,   421, 11324, 84759,  1457,
           68,    60,  2604, 34798,   510,   664,  3060,   198,   503,   369,
          595,   304,  2088,  1445,   982,   664,   421,   320, 11253,   609,
          320,    16,  1115,   595,   593,   961,   220,    15,   510,   999,
         3060,   198,   664,   369,   502,   304,   320,    15,    11,   220,
           16,   982,   999, 26771,   284,   220,    17,   353,   595,   488,
          502,   198,   999,   501,  9994,   284,  6911,   760,   320,    16,
         1115,   595,   340,   999,   501,  2204,   284, 26771,  6306,   220,
           16,   198,   999,   856,    16,    11,   379,    16,   284, 36158,
        22952,   921,   999,   856,    17,    11,   379,    17,   284, 36158,
           58,  1225,   921,   999,  1582,   284,  6888,   860,  1082,   354,
         2075,    16,   481,   856,    17,    11,   379,    16,   481,   379,
           17,   340,   999,   421, 11324, 43237,  9994,  1457,   931,  2204,
           60,   861, 11324, 84759,  1457,    68,    60,   488,  1582,   510,
         1383, 11324, 43237,  9994,  1457,   931,  2204,    60,   284, 11324,
        84759,  1457,    68,    60,   488,  1582,  8942,   286,  2480,  9994,
          284,   320,    16,  1115,   308,     8,   481,   220,    16,   198,
          286,  1308, 17221,   284,  1308, 34626,    58,  8876,  9994,  1457,
           68,    60,   369,   384,   304,  2088,  6856, 74407,  1171,   286,
         2790,   284,  2629, 39341,   488,  1308, 17221,   198,   286,  1173,
          955,     1,  4207,   314,  5638, 16083,   314,  5035, 16957,    20,
           69, 14441,   286,  1142,  1421,   220,    16,   271,   333,  1304,
          606,   563,   621, 13257,  3817, 21035,   262,  1887,   368],
       dtype=torch.int32), 'code')

(tensor([ 10447,    750,   2629,  41197,   5705,   1445,    982,    262,    421,
           308,    366,    220,     16,    510,    286,    470,    220,     15,
           198,    262,    274,    284,    607,   1445,    340,    262,   3084,
           284,   2422,   1141,    340,    262,    592,    284,    220,     15,
           198,    262,    369,    600,    304,   2088,  21320,    982,    286,
           294,    284,    526,   1141,    989,   2546,    286,    281,    284,
          3084,    481,    600,    481,    220,     16,    198,    286,   4722,
           284,    526,   1141,   3447,     72,   2467,    421,    600,    861,
           220,     15,    770,    220,     15,    198,    286,   1482,    284,
           294,    198,    286,   5080,    284,    526,   1141,    989,     10,
            16,  95044,    421,    600,    366,   3084,     12,     16,    770,
           220,     15,    198,    286,    421,    281,    861,    220,     15,
           510,    310,    592,   1421,    320,  14762,      8,    353,    220,
         98668,    334,     79,    353,    220,     24,    442,    220,     24,
           353,    220, 100461,    198,    286,    592,   1421,    320,   3231,
           481,    220,     16,      8,    353,    320,   3231,      8,    442,
           220,     17,    353,    220,  98668,    334,     79,    198,    286,
           592,   1421,   1482,    353,    320,  88606,    488,    220,     16,
           340,    286,    592,   1421,   2629,  22288,   8761,    593,    353,
           220,  98668,    334,     79,    198,    262,    470,    592,    271,
           750,   2629,  41197,  16223,   4698,   1445,     11,    595,    982,
           262,    504,  56086,   1159,    326,   2672,  11524,    198,    262,
           274,    284,    607,   1445,    340,    262,   3084,    284,   2422,
          1141,    340,   1066,    262,    569,     75,   2672,  11524,   8738,
          2141,   5856,    340,    262,    707,  11324,  12253,     11,   1463,
            11,  10291,     11,   6388,  19323,    982,    286,    421,   1133,
           621,   3084,    510,    310,    470,    220,     15,    421,   1463,
           621,    220,     15,    323,    537,   6388,  19323,    770,    220,
            15,    198,    286,   3930,    284,    526,   1141,  21591,   2467,
           421,  10291,    770,    220,     24,    198,    286,   2790,    284,
           220,     15,    198,    286,    369,    294,    304,   2088,      7,
            15,     11,   3930,    488,    220,     16,    982,    310,    501,
           528,    491,    284,  10291,    323,    320,     67,    621,   3930,
           340,    310,    501,  11745,   2228,  19323,    284,   6388,  19323,
           323,    320,     67,    621,    220,     15,    340,    310,    501,
          7480,    284,    320,   2593,    353,    220,  98668,    488,    294,
             8,   1018,    595,    421,    537,    501,  11745,   2228,  19323,
           770,    220,     15,    198,    310,    421,    501,  11745,   2228,
         19323,    510,    394,   2629,  41197,    284,    220,     15,    198,
           310,    770,    510,    394,   2629,  41197,    284,    294,    198,
           310,    421,    537,    501,  11745,   2228,  19323,    323,    320,
           931,   7480,   1018,    595,      8,    621,    220,     15,    510,
           394,  13187,    284,    220,     16,    198,    310,    770,    510,
           394,  13187,    284,    220,     15,    198,    310,   1790,  10155,
           284,  11324,  12253,    488,    220,     16,     11,    501,   7480,
            11,    501,    528,    491,     11,    501,  11745,   2228,  19323,
           340,    310,   2790,   1421,   2629,  41197,    353,  13187,    488,
          1790,  10155,    198,    286,    470,   2790,    198,    262,    470,
         11324,      7,     15,     11,    220,     15,     11,   3007,     11,
          3007,    692,    750,  11042,  10155,  41197,  16223,     62,     18,
          1445,    982,    262,    470,   2629,  41197,  16223,   4698,   1445,
            11,    220,     18,    692,    750,  11042,  10155,  41197,  16223,
            62,     20,   1445,    982,    262,    470,   2629,  41197,  16223,
          4698,   1445,     11,    220,     20,    692,    750,  11042,  10155,
         41197,  16223,     62,  99082,   1445,    982,    262,    470,   2629,
         41197,  16223,   4698,   1445,     11,    220,  99082,    692,    750,
          2629,  41197,   7913,  16223,     62,     18,     62,     20,   1445,
           982,    262,   2790,   5705,    284,   2629,  41197,   5705,   1445,
           340,    262,   2629,     62,     18,    284,  11042,  10155,  41197,
         16223,     62,     18,   1445,    340,    262,   2629,     62,     20,
           284,  11042,  10155,  41197,  16223,     62,     20,   1445,    340,
           262,   2629,     62,  99082,    284,  11042,  10155,  41197,  16223,
            62,  99082,   1445,    340,    262,    470,   2790,   5705,    481,
          2629,     62,     18,    481,   2629,     62,     20,    488,   2629,
            62,  99082,    271,    750,  39628,   5118,   1445,    982,    262,
          1760,     62,  99082,    284,    308,    442,    220,  99082,    198,
           262,   1760,     62,     18,    284,    320,     77,    442,    220,
            18,      8,    481,   1760,     62,  99082,    198,    262,   1760,
            62,     20,    284,    320,     77,    442,    220,     20,      8,
           481,   1760,     62,  99082,    198,    262,   8355,    284,    220,
            23,    353,   1760,     62,  99082,    488,    220,     19,    353,
           320,   1830,     62,     18,    488,   1760,     62,     20,    340,
           262,  18478,    284,   2629,  41197,   7913,  16223,     62,     18,
            62,     20,   1445,    340,    262,    470,   8355,    488,  18478,
           271,    750,   1477,   1089,   1141,    982,    262,   3347,    284,
           220,     16,    198,    262,   1550,    284,    220,     16,    198,
           262,   1393,  39628,   5118,  71420,      8,    366,    274,    510,
           286,   1550,  11399,    220,     17,    198,    262,   1393,   3347,
           366,   1550,    510,    286,   5099,    284,    320,  10298,    488,
          1550,      8,    442,    220,     17,    198,    286,    421,  39628,
          5118,  56508,      8,    366,    274,    510,    310,   3347,    284,
          5099,    488,    220,     16,    198,    286,    770,    510,    310,
          1550,    284,   5099,    198,    262,    470,   3347,    271,    750,
           633,    761,   8758,  85414,  10490,   1445,    982,    262,    421,
           308,   1018,    220,  99082,    621,    220,     15,    510,    286,
           470,    330,  97681,  59061,    698,    262,    421,    308,   1018,
           220,     18,    621,    220,     15,    510,    286,    470,    330,
         97681,    698,    262,    421,    308,   1018,    220,     20,    621,
           220,     15,    510,    286,    470,    330,  59061,    698,    262,
           470,    607,   1445,    692,    750,  11619,   1141,    982,    262,
          1191,    284,    274,    198,    262,    274,   5982,    220,     16,
           198,    262,   1482,   6479,    284,    220,     15,    198,    262,
          1102,    284,   4167,    262,    308,    284,   1477,   1089,   1141,
           488,    220,     16,    340,    262,   1133,   1243,   1089,    284,
           274,    481,  39628,   5118,   1445,     12,     16,    340,    262,
          1393,   2422,   4456,      8,    366,    220,  98360,    510,    286,
           949,    284,    633,    761,   8758,  85414,  10490,   1445,    340,
           286,    949,   6043,    284,   2422,  29006,    340,    286,    421,
          1133,   1243,   1089,   2604,    949,   6043,    510,    310,   1133,
          1243,   1089,   5982,    949,   6043,    198,    310,    308,   1421,
           220,     16,    198,    310,   3060,    198,    286,    835,   6479,
           284,   1308,  29006,   6043,     11,   1133,   1243,   1089,    488,
           220,  98360,    481,   2422,   4456,   1171,    286,   1102,   2057,
         29006,  21591,   1243,   1089,  25709,   6479,   2546,    286,   3694,
           284,    835,   6479,    481,   1133,   1243,   1089,    198,    286,
          1133,   1243,   1089,    284,    220,     15,    198,    286,    308,
          1421,    220,     16,    198,    262,    470,  42618,   5987,   4456,
         83867,  98360,   2533,     82,    284,    526,   5384,   2398,   1350,
          1141,   3948,   1141,    593], dtype=torch.int32), 'code')

(tensor([10447,   474,  5708,   271,   750,  1887,  3932,   262,  1946,   284,
         5708, 42939,  4125,  1005,  6960,   741,   262,   350,   284,   526,
         5384,    58,    15,  2546,   262,  7187,   284,   220,    16,   198,
          262,   369,   716,   304,  2088,  4140,   982,   286,   305,   284,
          526,  5384, 11592,  2546,   286,   289,   284,   526,  5384, 11592,
           10,    16,  2546,   286,  7187,  1421,   220,    17,   198,   286,
          421,   320,    71,   488,   289,     8,  1018,   220,    17,   621,
          220,    15,   510,   310,  1173,   445,    16,   220,    15,  1138,
          286,   770,   510,   310,  1173,   445,    16,   220,    16,  5130,
          333,  1304,   606,   563,   621, 13257,  3817, 21035,   262,  1887,
          368], dtype=torch.int32), 'code')

(tensor([10447,   750,  1887,  3932,   262,  1159,  5708,   198,   262,  1946,
          284,  5708, 42939,  4125,  1005,  6960,   741,   262, 10082,   284,
          220,    15,   198,   262,   451,   284,   526,  5384,    58,  3505,
         2546,   262, 10082,  1421,   220,    16,   198,   262,  1207,   284,
          526,  5384,    58,  3505,  2546,   262, 10082,  1421,   220,    16,
          198,   262,   264,   284,  1140,  9144,  1548,    11,  1946,    58,
         3505,    25,  3505, 71176, 10902,   262, 10082,  1421,   451,   198,
          262, 19519,   284,  1140,  9144,  1548,    11,  1946,    58,  3505,
           25,  3505,    10,    48, 10902,  1066,   262,  7872,   284,  5613,
          262,  1790,    62,   284,  5613,   262,   369,   600,   304,  2088,
         8203,   982,   286,   421,   600,   621,   220,    15,   510,   310,
         7872, 15469,   989,  5053,   284,  2240,   198,   286,   770,   510,
          310,  7872, 15469,   989,  5053,   284,   264,   989,    12,    16,
          921,   286,   421,   600,   621,   451,    12,    16,   510,   310,
         1790, 11877,    64,   989,  5053,   284,  2240,   198,   286,   770,
          510,   310,  1790, 11877,    64,   989,  5053,   284,   264,   989,
           10,    16,   921,  1066,   262,  1968,   284,   264,    58,    15,
          921,   262,  9782,   284,   264,  7609,    16,   921,  1066,   262,
          369,  2804,   304, 19519,   510,   286,  1482, 25487,   284,  7872,
          670, 10578,   340,   286,  1482, 11252,   284,  1790,  4950,   455,
        10578,   340,  1789,   286,   421,  1482, 11252,   374,   537,  2240,
          510,   310,   501, 13130,   284,  1482, 11252,   198,   310,  7872,
        40863,    60,   284,  9782,   198,   310,  1790, 11877, 14576,    60,
          284,  2804,   198,   286,   770,   510,   310,   501, 13130,   284,
         2804,   198,   310,  7872, 40863,    60,   284,  2240,  8942,   286,
          421,  1482, 25487,   374,   537,  2240,   510,   310,  1790, 11877,
           80,    60,   284,  1968,   198,   310,  7872,    58,  1983,    60,
          284,  2804,   198,   310,   501, 35295,   284,  1482, 25487,   198,
          286,   770,   510,   310,  1790, 11877,    80,    60,   284,  2240,
          198,   310,   501, 35295,   284,  2804,  8942,   286,  1968,   284,
          501, 13130,   198,   286,  9782,   284,   501, 35295,  7213,   262,
         1102,   284,  4167,   262,  1482,   284,  1968,   198,   262,  1393,
         1482,   374,   537,  2240,   510,   286,  1102,  2057,  4199,  8761,
         1171,   286,  1482,   284,  1790,  4950,   455,  8761,   340,   262,
         1173,   492,  6256,  5987,  4456,  4390,   333,  1304,   606,   563,
          621, 13257,  3817, 21035,   262,  1887,   368], dtype=torch.int32), 'code')

(tensor([21989,   264,   738,  ...,    11, 99752,   488], dtype=torch.int32), 'math')

(tensor([81667,   279, 25021,  ...,   259,    61,    21], dtype=torch.int32), 'math')

(tensor([21989,  6785,  1931,  ..., 51791,   112,    13], dtype=torch.int32), 'math')

(tensor([   50,  3948,   279,  ...,    11, 47288,     7], dtype=torch.int32), 'math')

(tensor([ 9880,   279, 35791,  ...,    82,    28,    22], dtype=torch.int32), 'math')

(tensor([21989, 17741,    64,  ..., 29661,    18,   608], dtype=torch.int32), 'math')

(tensor([ 9880,   279,  1372,  ..., 47943,    11,   220], dtype=torch.int32), 'math')

(tensor([60003,   458,  3110,  ..., 17355, 47020,   374], dtype=torch.int32), 'math')

(tensor([21989,   279, 74600,  ...,  1779,    13,   576], dtype=torch.int32), 'math')

(tensor([  50, 3948,  369,  ...,   11,  537, 2704], dtype=torch.int32), 'math')

(tensor([52731, 10597,   311,  ...,  4236, 48039,  1372], dtype=torch.int32), 'math')

(tensor([ 9880,   279, 19223,  ..., 19789,   220,    15], dtype=torch.int32), 'math')

(tensor([21989,   279,   729,  ...,    16,    11,    19], dtype=torch.int32), 'math')

(tensor([21989,   279, 47020,  ...,   714,  1246,  1939], dtype=torch.int32), 'math')

(tensor([45975,   279, 10770,  ...,   220,    21,    11], dtype=torch.int32), 'math')

(tensor([9880,  279, 8027,  ..., 5523,   13, 5005], dtype=torch.int32), 'math')

(tensor([36981,   264, 34059,  ...,   429,   594,  1661], dtype=torch.int32), 'math')

(tensor([41249, 12936,   429,  ..., 15158, 99457,   532], dtype=torch.int32), 'math')

(tensor([2461,  279, 8499,  ...,   17,   69, 1883], dtype=torch.int32), 'math')

(tensor([  641, 21445, 17741,  ...,   320,    36,    11], dtype=torch.int32), 'math')

(tensor([   50,  3948,   279,  ..., 11243,    59,    60], dtype=torch.int32), 'math')

(tensor([36981,  2326, 25284,  ..., 29346,   284,   320], dtype=torch.int32), 'math')

(tensor([9880,  678, 2477,  ...,  374, 1496,   11], dtype=torch.int32), 'math')

(tensor([  641, 21445, 17741,  ...,   220,    20,    11], dtype=torch.int32), 'math')

(tensor([10056,   400,    47,  ...,    19,     8,   481], dtype=torch.int32), 'math')

(tensor([9880,  678, 5746,  ..., 1416,  264,  284], dtype=torch.int32), 'math')

(tensor([4340, 1657, 5510,  ...,  532,   59,   60], dtype=torch.int32), 'math')

(tensor([11608,  4217,  1817,  ...,  2058,   389,  4158], dtype=torch.int32), 'math')

(tensor([   35, 24238,   421,  ...,    17,   861,   220], dtype=torch.int32), 'math')

(tensor([21989,   279,  4013,  ..., 29281, 61592, 29661], dtype=torch.int32), 'math')

(tensor([   35, 24238,   279,  ...,   374,   220,    21], dtype=torch.int32), 'math')

(tensor([ 3838,   374,   279,  ...,  2790, 27709,   525], dtype=torch.int32), 'math')

(tensor([10056, 17741,    64,  ...,   481, 98886,    84], dtype=torch.int32), 'math')

(tensor([25234,    25,  4149,  ...,  4710, 44242,    11], dtype=torch.int32), 'science')

(tensor([25234,    25,  1446,  ...,   369,   279,  1156], dtype=torch.int32), 'science')

(tensor([25234,    25, 38322,  ...,  2474,   807,   525], dtype=torch.int32), 'science')

(tensor([25234,    25, 29296,  ...,   825,   429, 21139], dtype=torch.int32), 'science')

(tensor([25234,    25, 86998,  ..., 16641,   291,  1119], dtype=torch.int32), 'science')

(tensor([25234,    25,  6852,  ...,   293,     8,   374], dtype=torch.int32), 'science')

(tensor([25234,    25,  1096,  ...,  7707,  3322,    11], dtype=torch.int32), 'science')

(tensor([25234,    25,  1205,  ...,    24,   374,  1661], dtype=torch.int32), 'science')

(tensor([25234,    25, 24296,  ...,  5424,   374,  2814], dtype=torch.int32), 'science')

(tensor([ 25234,     25,  24724,  ...,  11392,    220, 103302],
       dtype=torch.int32), 'science')

(tensor([25234,    25, 29180,  ...,  5519,  2114, 31209], dtype=torch.int32), 'science')

(tensor([25234,    25,  2619,  ...,    92,  6010,  3747], dtype=torch.int32), 'science')

(tensor([25234,    25,  4615,  ...,   856, 35146,   198], dtype=torch.int32), 'science')

(tensor([25234,    25,   576,  ...,   646,   614,   274], dtype=torch.int32), 'science')

(tensor([25234,    25,   576,  ...,   279,  6337,   374], dtype=torch.int32), 'science')

(tensor([25234,    25,   220,  ...,  1988,  8364,   264], dtype=torch.int32), 'science')

(tensor([25234,    25, 25179,  ...,  3836, 17500,    64], dtype=torch.int32), 'science')

(tensor([25234,    25, 19775,  ...,   419,   382, 21832], dtype=torch.int32), 'science')

(tensor([25234,    25,  2619,  ...,    11,   220,    23], dtype=torch.int32), 'science')

(tensor([25234,    25,  1446,  ...,   419,   646,   633], dtype=torch.int32), 'science')

(tensor([25234,    25, 16232,  ..., 12558,   856,  5318], dtype=torch.int32), 'science')

(tensor([25234,    25, 21096,  ...,   311,   296,  3593], dtype=torch.int32), 'science')

(tensor([  5501,   4226,    279,   2661,   5896,   3405,   3118,    389,    279,
          2266,    624,   1972,     25,  34274,   3516,   1154,   3625,    659,
          8387,    311,  58880,   5896,  12233,    220,  98546,     19,    320,
          8569,    873,    220,  98886,    659,   4332,   2064,  73526,    323,
         54894,   4332,   2064,  73526,   4332,   2064,  12870,   5702,   2337,
           279,   1635,   9478,  88274,    220, 100557,   1154,    220,  98546,
            23,    323,    220,  98546,     22,  11012,    320,    304,  11722,
          3650,    817,   4332,  14703,    873,    549,  16434,   8483,  98546,
            23,     91,  98546,     22,   7360,     91,   4082,    315,  13240,
          2064,  71696,     91,  98668,     13,     22,     91,     24,     13,
            21,   7360,     91,   6045,   7171,  79408,    220,     22, 100632,
            13,     24,  79408,    220,     21,  98668,     13,     22,   7360,
            91,  79154,   5461,   2783,    817,   4332,  79408,    220, 103093,
            13, 100539,  79408,    220, 103302,     13, 104029,   7360,    300,
           315,  88274,    220, 100557,   1154,    220,  98546,     23,   1154,
          1052,   1033,    902,   2064,  71696,  13240,  15268,  17060,    659,
           304,  18461,   5923,    220,  98546,     22,   1154,   1039,   4479,
           315,  27265,   3694,    400,    220,     17,     13,     15,   7094,
           311,    279,   6350,   4332,   2064,  12870,  23649,    429,   1431,
          2239,   1526,  88274,    220, 100557,   1154,    220, 115937,     15,
           659,   4332,   2064,  73526,   1212,    279,   2025,   1231,    387,
          1865,   1526,   1787,   3081,  23426,    476,  36877,  50148,  14122,
           304,  18324,    448,   8414,   6775,  33657,   6872,    659,   1393,
           279,   4479,    315,  27265,    702,  11786,    279,   2025,   1154,
           279,  18375,    315,    894,  23426,   1154,    279,   7576,    323,
           279,   1372,    315,  13240,    315,   4185,   5591,    311,    387,
         14723,    686,    387,  10833,    553,   1039,   6240,   1154,    518,
          1181,  30796,   1154,    323,    686,   6761,   5193,   3081,   4682,
           323,   1008,   9360,    659,    279,   4332,   2064,  12870,   2025,
          1231,    387,  11572,   1154,  21560,    476,  63699,    518,    894,
           882,    659,    438,    315,  88274,    220, 100557,   1154,    220,
         98546,     23,   1154,    279,   9660,  18597,   7627,   8653,   1212,
          1039,  18461,   5923,    220,  98546,     22,   2064,  12870,   2025,
           572,    400,    220,     16,     13,     16,   7094,    659,  54894,
           304,  18461,   5923,    220,  98546,     23,   1154,   1039,   4479,
           315,  27265,  11786,    264,  50104,  45608,    315,    400,    220,
            15,     13,     18, 100899,    817,   4332,    659,   8349,  54894,
         14265,   1033,    400,    220, 101562,     23,     13,     19,   3526,
          1154,    400,    220,     19, 101562,     13,     18,   3526,    323,
           400,    220,     19,  99619,     13,     23,   3526,    369,    279,
          1635,   9478,  88274,    220, 100557,   1154,    220,  98546,     23,
          1154,    220,  98546,     22,    323,    220,  98546,     21,   1154,
         15564,    659,    438,    315,  88274,    220, 100557,   1154,    220,
         98546,     23,   1154,    582,  12427,    264,  50104,  45608,  44333,
           315,    400,    220, 116045,     13,     15,   3526,    311,  40452,
           315,   3255,    518,    279,   3265,    315,   2562,    389,  32708,
          3536,    220,     17,   1154,    220,  98546,     24,    659,    220,
         99366,    659,  23615,    817,   4332,   6770,  23615,    817,   4332,
           374,  24113,    553,  49384,   4179,   7911,  69901,    311,  34274,
          3516,   1154,   3625,    659,    553,    279,  36633,   5461,   1372,
           315,   4185,  13240,    320,   2670,  77326,    714,    650,  57829,
         10031,    355,    873,  18748,   2337,    279,   4168,    659,  78963,
         23615,    817,   4332,    374,   3118,    389,    279,  10851,  36633,
          5461,   1372,    315,   4185,  13240,    323,   4185,   4332,  84309,
         18748,   1154,    892,   2924,   1154,   1380,   8310,   1154,    279,
         19074,  10153,    315,   9361,   5591,   2606,   1154,    650,   7019,
           291,  10031,    355,    323,    650,   7019,    291,   4726,    355,
           518,    279,   3601,  92086,   5866,    659,    582,    990,    279,
         77625,   5591,   1714,    304,  24162,  78963,  23615,    817,   4332,
            13,  16434,  14572,     25,   1128,    572,    279,   2790,   8349,
         45608,  14265,    504,    220,  98546,     21,    311,    220,  98546,
            23,    198,  16127,   1447,  32169,     11,   1077,    594,   7071,
           700,   1246,   1753,   8349,  45608,    572,  14265,    504,    220,
         98546,     21,    311,    220,  98546,     23,     13,   5512,     11,
           358,   3278,   1184,    311,    728,   1526,    279,  45608,    821,
           369,   1817,    315,   1846,   1635,     13,    358,   1490,    429,
           369,    220,  98546,     23,     11,    279,   2813,  14265,    400,
        101562,     23,     13,     19,   3526,    304,   8349,  54894,     13,
         24454,    432,     13,   4695,    369,    220,  98546,     22,     11,
           432,    572,    400,     19, 101562,     13,     18,   3526,  14265,
            13,   1597,   1077,    748,    537,  10662,    911,    220,  98546,
            21,     26,    807,  14265,    400,     19,  99619,     13,     23,
          3526,     13,   8512,     11,    358,    614,    279,   5109,    358,
          1184,     13,   4710,   5847,     11,    358,   3278,    912,   1105,
           705,    311,    633,    279,   2790,   8349,  45608,    916,   1846,
          1635,     13,   2055,     11,   5916,    448,    220,  98546,     23,
           594,    400, 101562,     23,     13,     19,   3526,     11,   1221,
          7842,    220,  98546,     22,    748,    400,     19, 101562,     13,
            18,   3526,     11,    323,   5499,   7842,    220,  98546,     21,
           748,    400,     19,  99619,     13,     23,   3526,     13,   6771,
           752,    653,    279,   6888,     25,    400, 101562,     23,     13,
            19,   5519,    400,     19, 101562,     13,     18,  16801,    400,
            24,  99367,     13,     22,   3526,     13,   4710,   7039,     11,
          7842,    400,     24,  99367,     13,     22,   3526,    311,    400,
            19,  99619,     13,     23,   3526,   6696,    752,    264,   6662,
          2790,    315,    400,     16,     11, 100702,     23,     13,     20,
          3526,     13,   2938,   4977,   1290,     13,    358,   1265,   1990,
         15922,   3498,     13,  96006,    312,  15922,    287,     25,    220,
         98546,     23,    374,    400, 101562,     23,     13,     19,   3526,
            11,    220,  98546,     22,    374,    400,     19, 101562,     13,
            18,   3526,     11,    323,    220,  98546,     21,    374,    400,
            19,  99619,     13,     23,   3526,     13,  87459,     11,   7842,
          1105,   3055,    803,     25,    400, 101562,     23,     13,     19,
          5519,    400,     19, 101562,     13,     18,    374,    400,     24,
         99367,     13,     22,     11,    323,    400,     24,  99367,     13,
            22,   5519,    400,     19,  99619,     13,     23,    374,  12818,
           400,     16,     11, 100702,     23,     13,     20,   3526,     13,
          4710,   3862,    582,    614,    432,      0,    576,   2790,   8349,
         45608,  14265,    504,    220,  98546,     21,    311,    220,  98546,
            23,  14703,    311,    400,     16,     11, 100702,     23,     13,
            20,   3526,     13,  20054,   5868,  13373,     13],
       dtype=torch.int32), 'finance')

(tensor([ 5501,  4226,   279,  ...,    13, 99590, 14350], dtype=torch.int32), 'finance')

(tensor([5501, 4226,  279,  ...,  614,  432,    0], dtype=torch.int32), 'finance')

(tensor([ 5501,  4226,   279,  ..., 98546,    24,    13], dtype=torch.int32), 'finance')

(tensor([  5501,   4226,    279,   2661,   5896,   3405,   3118,    389,    279,
          2266,    624,   1972,     25,  18629,   1459,  88274,    220, 100557,
         21805,  56861,  17122,  72641,  27621,   1922,    274,  95963,    220,
        100840,  22635,     70,   7602,  27621,  16434,     91,  80763,   1459,
          8168,   1377,    220, 100557,     91,  21230,  56861,   3625,    659,
            91,  45154,  72641,  88763,   1922,     91,     82,  95963,    220,
        100840,   1252,     91,   6498,     70,   7602,  88763,   7360,     91,
         98546,     17,     91,  99457,     13,  98503,     91,  99457,     13,
         98503,     91,  99457,     13,  98503,     91,  99457,     13,  98503,
          7360,     91,  98546,     18,     91, 126182,     13, 101140,     91,
        122804,     13, 103302,     91, 118843,     13, 101294,     91, 114491,
            13, 100772,   7360,     91,  98546,     19,     91, 124380,     13,
        102626,     91, 123903,     13, 100614,     91, 102781,     13, 102624,
            91, 118285,     13, 104340,   7360,     91,  98546,     20,     91,
        120547,     13, 102624,     91, 124120,     13, 100702,     91, 122066,
            13, 102573,     91,  99241,     19,     13, 100002,   7360,     91,
         98546,     21,     91,  99619,     21,     13, 100557,     91, 126182,
            13,  98729,     91, 110743,     13, 104029,     91, 122406,     13,
        100702,   7360,     91,  98546,     22,     91, 113537,     13,  98668,
            91,  99590,     17,     13, 100104,     91, 117509,     13,  99367,
            91, 100702,     23,     13, 102501,   7360,  28936,    315,    650,
         34735,  33657,   1948,  18461,   5923,    220,     16,   1154,    220,
         98546,     22,    323,  88274,    220, 100557,   1154,    220,  98546,
            22,   1154,    582,  10892,    220, 110248, 101135,     18,  13240,
           315,   1039,   4185,   5591,    304,   3633,    448,    279,  14399,
           315,    400,    220, 121818,     13,     16,   3526,  12429,   3311,
           315,   1039,    220,     16,     13,     15,      4,    320,    220,
            16,     13,     15,   1018,    873,  67121,   9985,   8387,   4152,
           220,  98546,     23,    659,    279,  48417,   1033,  87757,    304,
         18324,    448,    279,  17480,    552,   1154,    892,   5707,    429,
           279,  12429,   3311,    315,  16085,   8387,    387,   7171,    304,
          8349,    323,    279,  14399,  14837,    387,   7171,    304,   8349,
           323,   5144,  13240,    315,   4185,   5591,    518,   1039,   6223,
           659,    304,   1817,   1142,   1154,    582,  14544,    311,   2291,
           279,  14399,  14837,    304,  13240,    315,   4185,   5591,    320,
         67713,  13240,    525,   7171,    304,   8349,    873,    659,    279,
         51625,   3020,    315,    279,  13240,   1033,    537,   9677,   1212,
           279,  33657,   1160,    315,    220,  98729,     18,     18,   1154,
           438,  29795,    320,    279,    330,    531,      1,    873,  32303,
           311,   3772,    220,     18,    320,    264,    873,    320,    220,
            24,    873,    315,    279,   1160,     13,  16434,  14572,     25,
          1128,    572,    279,  11409,   2297,    304,  21805,  56861,   3625,
           659,    369,    279,   4236,   1635,   9478,    220,  98546,     22,
          5267,  16127,   1447,  70942,     11,   1077,    594,   7071,    700,
          1246,   1753,  43921,  53185,   4848,     13,   5497,    916,   4236,
          1635,   6388,    705,    311,    220,  98546,     22,     13,   5512,
            11,    358,   1184,    311,   1779,   1128,    279,   5916,    323,
         13382,   2750,    525,    369,    279,   2813,    304,    279,   2661,
          1965,     13,  21083,    518,    220,  98546,     17,     11,    358,
          1490,    432,    594,  10002,    438,    220,  99457,     13,  98503,
            13,   4695,     11,   7218,    311,    220,  98546,     22,     11,
           358,   5293,    432,    702,  14690,    311,    220, 113537,     13,
         98668,     13,   2938,    594,    264,   1661,   7784,   2219,   5847,
            11,   1077,    594,   1477,    700,    279,   2297,    304,    897,
           916,   1493,   1635,     13,    358,   3278,  32112,    279,   2856,
           897,    504,    279,   1590,    897,     13,   2055,     11,   3730,
           429,   6888,     25,    220, 113537,     13,  98668,  27194,    220,
         99457,     13,  98503,   6696,    752,    220, 105818,     13,  98668,
            13,   2938,    594,   1246,   1753,    432,   7172,    553,    382,
          7039,     11,    358,   1366,    311,   1490,    279,  11409,   2297,
            13,   2014,    633,    429,     11,    279,  14795,    374,    279,
          2297,    304,    897,  17753,    553,    279,   2856,    897,     11,
           678,  54548,    553,    220,  99457,    311,    633,    264,  11409,
            13,  96772,     11,    773,     25,    220, 105818,     13,  98668,
         17753,    553,    220,  99457,     13,  98503,     11,   1221,   3039,
           220,  99457,     11,    892,   6696,    220, 105818,     13,  98668,
         14350,   2938,    594,   5008,    264,   5089,   6513,   2219,   9947,
           311,    387,   2704,     11,    358,   3278,   1990,  15922,   4297,
            13,  34697,   1182,    916,    432,     11,    279,   5916,    897,
           572,   1290,     11,    279,   1590,    897,    572,   4396,     11,
           323,    279,  21883,    369,    279,   2297,    304,    897,  12335,
           700,     13,  21555,     11,   4297,   4977,    311,   1555,    705,
         61730,    382,   4416,     11,    311,  15049,    432,    705,     11,
           279,  11409,   5263,    304,  43921,  53185,   4848,     13,    504,
           220,  98546,     17,    311,    220,  98546,     22,    374,  23573,
           220, 105818,     13,  98668,  14350,   2938,    594,   1045,   6437,
          5068,      0], dtype=torch.int32), 'finance')

(tensor([5501, 4226,  279,  ..., 1039, 4226,   13], dtype=torch.int32), 'finance')

(tensor([  5501,   4226,    279,  ..., 101729,   3526,     13],
       dtype=torch.int32), 'finance')

(tensor([  5501,   4226,    279,   2661,   5896,   3405,   3118,    389,    279,
          2266,    624,   1972,     25,    279,   6624,    897,    315,   1039,
         24040,   2166,  42328,    374,  10833,   1667,    264,  47380,   8349,
          6396,   1614,   1154,    892,  30936,   3853,   8349,  27363,   1667,
           458,   8310,   7540,  15643,    659,    438,    315,  88274,    220,
         99869,   1154,    220,  98546,     18,   1154,    323,  88274,    220,
        100104,   1154,    220,  98546,     17,   1154,    279,  15319,   3311,
           315,   1039,  24040,   2166,  42328,    572,  21044,   2878,   1008,
          1482,  11764,    323,   1008,   1293,   9659,  11764,   1154,    438,
          8414,    659,   1039,   1293,   9659,  11630,  14963,    518,  91490,
          1506,   2783,    374,  38747,    315,   1039,   9985,   8387,    323,
          1039,  67121,   4222,    306,   1413,    659,    279,   6624,    897,
           315,   1039,   9985,   8387,    374,  10833,   1667,   4541,   3081,
          7576,   1154,    323,    432,    374,   8913,  21044,    438,   2188,
           220,     16,    659,    279,   6624,    897,    315,   1039,  67121,
          1293,   9659,  11630,    374,  10833,   1667,  47380,   8349,   6396,
          4119,    448,  39320,   3081,  11122,   1154,    323,    432,   4990,
          1119,  17853,   7332,   1741,    438,   2734,   4379,   4344,   1154,
         28934,  33657,   1154,   1186,  97415,  11084,   1154,    323,   6668,
         78872,   4344,   1154,    323,    432,    374,   8913,  21044,    438,
          2188,    220,     17,    659,    279,    308,  39877,  26583,    320,
           308,  39877,    873,   5312,  58560,   9125,  23349,    304,    279,
         37550,   1965,    572,  51432,    438,    264,   1102,    315,  16248,
          1119,    264,   1293,   9659,  24496,   5312,  58560,   9125,    448,
           308,  39877,    304,  32708,   3536,    220,  98546,     16,    659,
           582,   7230,    311,   1281,  14164,    311,    308,  39877,    916,
          4743,   1635,    659,    438,    315,  88274,    220,  99869,   1154,
           220,  98546,     18,   1154,    323,  88274,    220, 100104,   1154,
           220,  98546,     17,   1154,    279,  15319,   3311,    315,    279,
         23349,  39670,    504,    279,   9125,    572,  21044,   2878,   1008,
         97288,  56681,    323,   1008,   1293,   9659,  56681,   1154,    438,
          8414,    659,    279,   6624,    897,    374,  10833,   1667,    264,
         47380,   8349,   6396,   1614,   1154,    892,  30936,   3853,   8349,
         27363,   1667,   1039,  51956,  52229,   7813,    659,   5185,    220,
            20,    549,   8349,    323,  21734,   8349,    323,  21734,    518,
           279,    835,    315,   1817,   4168,   1033,    438,  11012,    549,
           320,    304,  11722,    873,   1622,    220,  99869,   1154,   1622,
           220, 100104,  16434,  59598,    304,  11722,    873,     91,   8168,
           220,  99869,     17,     15,  99366,     91,   8168,    220, 100104,
            17,     15,  98886,   7360,     91,  10329,  15181,  57147,  21734,
         79408,    220, 105818, 102807,  79408,    220, 108157, 100286,   7360,
            91,  41040,     91, 102284,     19,     91, 102573,     18,   7360,
            91,  25232,    487,   1714,  21734,     91, 110248,     23,     91,
        100809,     17,   7360,     91,    385,    596,   2166,  42328,     91,
        110733,     17,     91,     24, 102626,   7360,     91,   6280,  28801,
         34890,   2783,   1714,  21734,     91, 115925,     15,     91, 103005,
            17,   7360,     91,  25822,   2064,  12870,  19436,     91, 103919,
            91,  99869,     20,     15,   7360,     91,    376,   2228,  11764,
            91,     23, 101723,     16,     91,     20, 101840,     20,   7360,
            91,   5035,   8349,    323,  21734,  79408,    220, 125255, 103595,
         79408,    220,  99916,     18, 100772,   7360,    258,    279,   4843,
          8337,    315,    220,  98546,     18,   1154,    582,   6088,   1039,
         13240,    304,   2797,  35355,  26583,   1154,    892,   1030,   1012,
         40528,    369,    438,   2500,  15181,  57147,   3081,    480,  24374,
         33657,   1154,    323,   1039,   2734,    304,   2797,  35355,  16874,
          1154,   9320,     66,    320,   2797,  35355,   9320,     66,    873,
          1154,    892,   1030,   1012,  40528,    369,    438,    458,  24374,
          1714,   9159,    659,    304,   2790,   1154,    582,   3949,  33294,
           315,    400,    220,     19, 100096,   3526,    389,   1493,  14122,
           323,  14963,    264,   8721,    315,    400,    220,     19, 101294,
          3526,   1154,    892,    374,   5230,    304,  19582,    320,  17658,
           873,    389,  24374,  21734,   1154,   4179,    389,    279,  58880,
         12233,    315,   7911,    659,  33294,   3949,    323,  19582,  14963,
           369,   1817,   9159,    525,   5230,    304,    279,    330,  10329,
         15181,  57147,  21734,      1,    323,    330,  25232,    487,   1714,
         21734,      1,  14149,    429,   1795,    659,   1965,    315,   8793,
         14148,  26583,   8387,    311,  58880,   5896,  12233,    320,   8569,
           873,  16434,  14572,     25,    438,    949,    315,    279,  33294,
           504,    279,   2797,   9064,  14122,   1128,    572,    279,   3266,
           315,    279,   8721,  14963,   5230,    304,    279,  24374,  21734,
          1154,   4179,    389,    279,  58880,  12233,    315,   7911,  16434,
         16127,   1447,  70942,     11,    773,    582,   2299,   4460,    311,
          7071,    700,   1128,    949,    315,    279,   8721,    504,    279,
         12017,  35355,  14122,    572,   5230,    304,    279,  24374,  21734,
          3772,    315,    279,   5896,   1895,     13,    358,   1414,    807,
         14963,    264,   8721,    315,    400,     19, 101294,   3526,    504,
          1493,  14122,     13,   4710,  10056,    752,   1744,    911,    419,
            13,    576,  14122,   6398,   1378,   4494,    315,  21734,     25,
           364,  10329,  15181,  57147,  21734,      6,    323,    364,  25232,
           487,   1714,  21734,   3159,   1988,    279,   3565,   2661,   1513,
           944,   1438,   1495,    279,    400,     19, 101294,   3526,   8721,
          1119,   1493,  11054,     13,   4710,  79380,     11,   1128,   1033,
           279,   2790,  33294,    504,    279,  12017,  35355,  14122,   1549,
            30,  10078,     11,    432,    572,    400,     19, 100096,   3526,
            13,   8703,   1052,    594,    902,   3151,  23691,   1948,    279,
          1378,  11054,    315,  21734,    304,   3793,    315,   1246,   1753,
           315,    419,   8721,   9248,    311,   1817,     11,    358,   3278,
          9654,    279,   4453,    400,     19, 101294,   3526,   8721,    374,
          1212,    279,    364,  25232,    487,  21734,     11,   4179,      6,
          5582,     13,   1096,   3363,    678,    315,    432,   4933,    705,
           304,    279,   7911,   5114,    438,  19582,    504,  24374,  21734,
           382,   4416,     11,    311,  11042,    279,  11409,    315,    279,
          8721,   5230,     11,    358,   1101,   1184,    311,   9425,    419,
           400,     19, 101294,   3526,   8721,    311,    279,   2790,  33294,
           315,    400,     19, 100096,   3526,     13,   4710,  32169,     11,
          3730,    419,  21883,     25,    400,     19, 101294,   3526,  17753,
           553,    400,     19, 100096,   3526,   6696,    752,    264,   6419,
            11,   4240,  11409,     13,  70523,    429,    553,    220,  99457,
           311,    633,    279,  11409,    382,  10056,    752,   1779,    847,
          6888,    481,    429,    748,    220,     19, 101294,    608,    220,
            19, 100096,    353,    220,  99457,     13,   7414,     11,    432,
          4041,    700,    311,    911,    220, 103946,     13,     19,  34162,
          4792,   3643,   5530,      0,   8703,    279,   2266,   3171,    944,
          2968,    894,   1008,   3565,  14709,   1495,    429,   8721,     11,
           432,    594,  19781,    311,   1795,   1526,    448,    419,   8659,
            13,   2055,     11,   5868,   1075,    220, 103946,     13,     19,
             4,    315,    279,   8721,    374,   1128,    594,  12427,    438,
           458,   5263,    304,  24374,  21734,    304,    279,   7911,   5114,
            13], dtype=torch.int32), 'finance')

(tensor([5501, 4226,  279,  ...,  279, 3405,    0], dtype=torch.int32), 'finance')

(tensor([  5501,   4226,    279,  ...,     13, 102486,     13],
       dtype=torch.int32), 'finance')

(tensor([5501, 4226,  279,  ...,  594, 3601,   13], dtype=torch.int32), 'finance')

(tensor([5501, 4226,  279,  ..., 3042, 8728,   13], dtype=torch.int32), 'finance')

(tensor([  5501,   4226,    279,   2661,   5896,   3405,   3118,    389,    279,
          2266,    624,   1972,     25,    279,   4771,   3685,  42222,   1343,
          3587,   1087,   6489,    315,  92885,   1154,   3625,   3159,     82,
         39628,    220,     20,   4666,   2790,  61805,    470,    389,   4185,
          5591,    448,    279,  39628,   2790,   4675,    315,    279,    274,
         95963,    220, 100840,   1922,    323,    279,  17122,  72641,  12779,
         17876,   1922,    320,    308,     80,  24271,  99951,     22,     15,
            83,    873,    659,    279,   4771,  21434,    429,    279,    897,
           315,    279,   9159,    304,   1039,   4185,   5591,    323,    304,
          1817,    315,    279,  24877,    320,   2670,  15232,  92656,    315,
         54894,    873,    572,    400,    220,  99457,    389,    220,  98886,
            14, 100557,     14,  98546,     18,    323,  13909,    432,   1526,
           220,  98886,     14, 100557,     14,  98546,     23,    659,   2790,
           470,  21434,  15232,  92656,    315,  54894,    304,   1817,    315,
           279,  14925,  16303,    659,  12307,    315,    220,     20,   4666,
         39628,   2790,    470,   4221,   1343,   3587,   1087,   6489,    315,
         92885,   1154,   3625,     13,   1154,    279,    274,  95963,    220,
        100840,   1922,    323,    279,  17122,  72641,  12779,  17876,   1922,
            13,  16434,   8483,  98886,     14,  99366,     91,  98886,     14,
         99367,     91,  98886,     14,  99082,     91,  98886,     14,  99317,
            91,  98886,     14,  99419,     91,  98886,     14,  99243,   7360,
            91,   4580,   3587,   1087,   6489,    315,  92885,   3625,    659,
         79408,    220,  99457,     13,  98503,  79408,    220,  99457,     13,
        104340,  79408,    220, 107609,     13, 103825,  79408,    220, 112114,
            13, 101840,  79408,    220, 121975,     13,  98729,  79408,    220,
        122876,     13, 101252,   7360,     91,  20229,    323,   7852,    594,
           220, 100840,   1922,     91,  99457,     13,  98503,     91, 111659,
            13, 101294,     91, 104550,     13, 101729,     91, 116045,     13,
         99366,     91, 118836,     13, 101411,     91, 112840,     13, 103302,
          7360,     91,  45154,  72641,  12779,  17876,    320,    308,     80,
         24271,  99951,     22,     15,     83,    873,     91,  99457,     13,
         98503,     91, 116045,     13, 102340,     91, 103946,     13, 101130,
            91, 103005,     13, 103502,     91, 124211,     13,  98729,     91,
        108157,     13,  99446,   7360,   1782,   5591,   3349,   5068,   5230,
           304,    419,   4771,    374,    537,  14302,  62464,    315,   3853,
          5591,   3349,   5068,     13,  16434,  14572,     25,   1128,    374,
           279,   6672,    304,  11409,    315,  39628,   2790,    470,   1948,
          1343,   3587,   1087,   6489,    315,  92885,   3625,    659,    323,
           279,  17122,  72641,  12779,  17876,    320,    308,     80,  24271,
         99951,     22,     15,     83,    873,    369,    279,    220,     20,
          1042,   4168,  13382,    220,  98886,     14,  99243,   5267,  16127,
          1447,  70942,     11,   1077,    594,   7071,    419,    700,     13,
          1205,   2299,   3330,    518,    279,  39628,   2790,   4675,    916,
           264,    220,     20,   4666,   4168,  13382,    389,    220,  98886,
            14, 100557,     14,  98546,     23,    369,   7787,   3587,   1087,
          7179,    323,    279,  38018,  72641,  24471,  29762,   1922,     13,
           576,   5109,    582,   2299,   8013,    304,    525,    400, 122876,
            13, 101252,    369,   7787,   3587,   1087,    323,    400, 108157,
            13,  99446,    369,    279,  38018,  72641,   1922,    382,  24542,
           518,    264,  25788,    315,    400,  99457,   1182,    304,    220,
         98546,     18,     11,    582,   1366,    311,   1490,   1246,   1753,
          1493,    614,  14690,    553,     13,   5512,     11,    358,   3278,
          3705,   7787,   3587,   1087,     13,    576,   2297,    504,    400,
         99457,    311,    400, 122876,     13, 101252,   3363,    432,   3937,
           705,    553,    400, 102721,     13, 101252,     13,   2055,    311,
          2484,    419,   1119,    264,  11409,     11,    358,  21697,    429,
           400, 102721,     13, 101252,    553,    279,   4024,    400,  99457,
          9159,     11,    323,   1221,  30153,    553,    220,  99457,     13,
         42900,    279,   6888,     11,    429,    594,    264,    220, 102721,
            13, 101252,      4,   5263,     13,  35141,   6437,   6513,   2219,
          7039,     11,   1077,    594,   3271,    389,    311,    279,  38018,
         72641,   1922,     13,   1084,  13929,    504,    279,   1852,    400,
         99457,    311,    400, 108157,     13,  99446,     13,   2938,    748,
           458,   5263,    315,    400,  99698,     13,  99446,     13,   1205,
          5508,    429,   1119,    264,  11409,    279,   1852,   1616,     11,
         49384,    400,  99698,     13,  99446,    553,    400,  99457,     11,
           323,   1221,  30153,    553,    220,  99457,    311,    633,    264,
           220,  99698,     13,  99446,      4,   5263,    916,    279,    220,
            20,   1635,    382,   4416,   1431,     11,    311,   1490,   1246,
          7787,   3587,   1087,      6,   5068,  41083,    705,   2348,  38018,
         72641,     11,    582,   3003,   2684,    311,   1477,    279,   6672,
           304,    862,  11409,  19582,     13,   4599,  32112,    279,  38018,
         72641,    594,    220,  99698,     13,  99446,      4,    504,   7787,
          3587,   1087,      6,    220, 102721,     13, 101252,  14350,   3197,
           358,    653,    429,     11,    358,    633,    220,  99366,     13,
        103302,  34162,  10056,    752,   1779,    429,   6157,     13,   4220,
          5109,   2432,   1128,    582,   3003,   3884,    504,    279,   4024,
           821,    389,    862,   6513,     11,    323,    279,  52756,   1033,
         16572,   1290,     13,   2055,     11,    432,   4977,   2797,    429,
           916,   1493,    220,     20,   1635,     11,   7787,   3587,   1087,
           700,    712,  10150,    279,  38018,  72641,  24471,  29762,   1922,
           553,    220,  99366,     13, 103302,      4,    304,   3793,    315,
         39628,   2790,    470,     13,   2938,    594,   1039,   4226,      0],
       dtype=torch.int32), 'finance')

(tensor([5501, 4226,  279,  ...,  432, 1549,   13], dtype=torch.int32), 'finance')

(tensor([  5501,   4226,    279,  ...,     13, 101294,  14350],
       dtype=torch.int32), 'finance')

(tensor([5501, 4226,  279,  ...,  304, 2266,   13], dtype=torch.int32), 'finance')

(tensor([5501, 4226,  279,  ...,  279, 1042,   13], dtype=torch.int32), 'finance')

(tensor([5501, 4226,  279,  ...,  279, 4226,   13], dtype=torch.int32), 'finance')

(tensor([ 1694, 90229, 17865,  ..., 18840, 21704,    91], dtype=torch.int32), 'ballast')

(tensor([ 1359,  6898,   482, 36702, 53715,   198,  2132,   594,  1012,   264,
          653, 74825,   315,   264, 91352,  3200,   320, 76850,   594,  1429,
        39337,  3512,   701,  9376, 39646, 20252,  1128,  7149, 10948,   807,
          646,  2182,   304,  1992,   311,   357,   523,  1007, 38577,   304,
          279,  1538,   315,   264,  3940,   304,   862,  1828, 12528,   624,
        41720,  2388, 14207,    11,   432, 10572,   700,    11,   646,   387,
          458,  2989,  6629,   304, 91352,  9132,   624,  3983,  3940, 44181,
        63560,  4436,   944,  1101,  2494,   369,  1846, 50256,   389,  8698,
        10862, 23879,  3481,    82,    13, 32831,    11, 16345,   323, 13629,
        26003, 12164,  7009, 16834,   304,   279,  3639,  4180,    11,  2727,
          279,  5055,  6647, 19135, 10019,    13,  5692,   594,  1246,   697,
        63560,   646,  1492,  2506,   498,  6092,   624,  4021,   364,   750,
        36573,     6,  3550,   198, 13311, 10410,   429,  8230,  2337,   264,
        91352,   525, 97061,   553,   976,  1902, 20286,   389,   279, 15122,
           11, 17833,  5045,    11,   323,   389, 29666,   323,  4154,  8527,
           13,  2055,   697,  1156,  1459,   315,  1917,  1265,   387,  6825,
          264,   707, 36573,  3550,    11,   264,  4147, 10138,  2163,   697,
         2114,    11,   311,  7948,  8172,   315, 10411,   624,  3479,   553,
        10277,   279,  1156,   220,    18,   311,   220,    20,  7541,  2163,
          697,  2114,  1910,   315,   678,  1320, 98268,  7236,   323, 53375,
           25, 10774,    11, 14026, 15726,    11, 12402,   323, 16345,   288,
           11,   438,  1632,   438, 53385,   323,  1008, 17334, 15590,  8527,
         1265,   678,   387, 33113,   320,    64, 28385, 46062,   315,  6946,
        15590,   331,   476,   264,  6946, 13542,   646,   387,   264,  6233,
         3166,   568, 38003,   374,  1083,  2989,   510,    12, 12017, 10896,
           11, 33435, 55788,   323,  1008, 33833,   504, 75688,    11, 17833,
         5045,   323,   384,  4693,   198,    12, 19612,  1182,  4916, 23028,
          429,   916, 20615,   279, 15122,   198,    12, 12017, 33833,   504,
         1212, 29666,    11,  4154,  8527,   323,  1008, 14379,   198, 39517,
        42382,   504,   279,  3753,    11,   498,  2578,  2908,  7842,   305,
         2347, 11341,   287,   481, 39043, 68760,    11,  3272,  3530,    11,
         4227,  2284,    11, 41288, 12710,    11,  4992,    13,  4220,  4419,
          912,  9121,  2734,    11,   714,   807,  1083, 10301,   264,  1438,
         1948, 53375,   323,   697,  2114,   304,   279,  1538,   315,   264,
         3940,    13,  4329,  5107,  9076,   311,  2908,   304,   279,  1156,
          220, 99457,  7541, 14580,   697,  2114,   510,    12, 69104,   700,
        12402,   323, 14026, 15726,   320, 72377,  3512, 81059,     8,  2878,
          220, 99064,  7541,   198,    12, 44118,  3347,  4916, 23028,   773,
          807,  2299,   264,  8027,   315,   220,    21,  7541,  1007,   279,
         4910,   198,    12,   386,   363, 35843, 15490,   323, 27299,   315,
         1185,  2807,   819,   323,  1008, 33833, 39208,   198,    12, 14551,
         7579,    79,  3658,   311,   264,  3550,   518,  3245,   220, 99064,
         7541,   504,   697,  2114,   198, 10248,  3940, 45679, 10774,   198,
        11593, 15474,   697, 18384,   448, 10774,   429,   525, 30565,   311,
         3940,   646,  1083,   387,   458,  2989, 37705,    13,  9189,   369,
         3347, 55184, 10774,   429,   614, 12039, 10896,   320,    64,  1841,
          429,   807,  3331,  3015,   701, 16362,  3704,  5942,   323,   279,
         5726,   311, 50141, 36555,   624,  1986,  4436,   944,   438, 32738,
          438,   432, 10357,    13,  7718,   398,  1483,  3468,   300,    11,
        54799, 76589,   323, 60217,   525,   678,  1661, 11449,    13,  1597,
         1052,   525, 11255,   315,  3940, 45679,  6008, 11464,   311,  2968,
          498,  6708,   389,  1128,   311,  3735,   624,  9061,   323,  1246,
          498,  6008,   646,  1083,   614,   264, 21719,  2456,   389,  3940,
         7709,    13,   576, 10774, 23415,   697,  2114,  1265,   387,  9152,
          323,   803, 13561, 63373,  1091,  1846, 42382,  3123,   624,  3430,
         2704,   311,   990,   264,  8044,   315,  6008,  4494,    11,   892,
        25193,  8456,   323, 13589,   279, 18384,  9311,   323,  6176,    13,
        17812,   304,  2613, 26880,   481,  1855,   264, 13542, 12915,    11,
          369,  2867,    11,   553, 14580,   264,  1874,   315,  6008,   819,
          448,   264,  6946, 46062,   481,   323,   990,  6946, 15590,   331,
          311, 76829, 31029,   624, 66248,   466, 15602,  3015,  8172,   198,
        40380, 54702,  3042,   264,  3281,  8644,   311,  2205,  3940, 25137,
           11,   773,   432,   594,   304,   697,  2734,   311,   387,  2952,
          311,  2615,   476, 10301,   458, 12845,  3015,  8148,   481,  7945,
          421,   498,  2299,   304,   264,  8698,  3728,   624,  1655,   264,
         8027,    11,  2506,   220, 99457,  7541,   315, 13542, 37305, 12386,
          311,   264,   978,   343,   354,   320,   333,   697,  3015,  4041,
          504,   264,  1632,    11,  2908,   458, 12845, 13814,   311, 14466,
          279, 13825,  2337,   264,  2355,  7901,   568,  1988,  2664,  9132,
          646,  2525,   504,   279, 13704,   315,   264,  2613, 35392,    11,
          272,   380,   932,   476,    11,   421,  8038,  6147,    11,   264,
        23316,  7314,   624, 15204,  9112,   323,   264,  2699,   315, 45441,
        61931,   614,   264,  2409,  1424,   304, 91352,  7149,    13,   758,
          264,  1042,   448,  3255,  8627,   323, 36555,    11,  3330,   916,
          697, 18384,   448,   264, 93374,   594,  7912,   646,  3010,  5089,
         8916,   315,  3971,   624,    12,  8712,  1446, 64092,   398,  9722,
         3073,   369,  4615,  8799, 24369,  5267,    12,   576,  9722,   323,
        84695,   315,  5379,  8117,   594, 21622,   198,    12, 25625,   369,
         6647, 18669,   304,  4615,  5379,   198, 37608, 38969,  6898,   482,
        36702, 53715,   374,   458,  6440,   369,   279,  2009,  2454, 14154,
           11,   892,  8608,  1251, 10544,   369,   279, 43346,  2897,   315,
         2272,   624,  9109,    25,   576,  6194,   323, 17952, 13294,   304,
          419,  4549,   525,  1846,   315,   279,  3150,   323,   653,   537,
        14302,  8707,   279,  9455,   476,  2309,   315,  1863, 95118,    13],
       dtype=torch.int32), 'ballast')

(tensor([ 6583, 17495,  7312,  ..., 99366, 13331,     8], dtype=torch.int32), 'ballast')

(tensor([   52,   500,   437,  ...,   576,  4388, 69360], dtype=torch.int32), 'ballast')

(tensor([76298,   609, 18418,  ..., 23359,    12,    22], dtype=torch.int32), 'ballast')

(tensor([21615,   389,   279,  ...,   785, 15717,   315], dtype=torch.int32), 'ballast')

(tensor([14022,   962,   389,  ...,  3188,  4591,    13], dtype=torch.int32), 'ballast')

(tensor([  641,  1039, 71401,  ...,   879,   646,  2498], dtype=torch.int32), 'ballast')

(tensor([   785,  97099,  18601,   2088,    374,   7009,    220,     16,     11,
        100840,   8755,   1293,  41613,    504,    279,  41217,   9128,    315,
          6864,    311,  20580,     13,    576,  90912,  57519,     11,    264,
          5810,   1438,    304,    279,   2088,   3143,    279,  23086,  23740,
           315,  24911,    323,  23156,     11,    374,   1431,    264,  62135,
         26650,   3881,    438,   2274,    220,  99446,     36,     13,    362,
          3772,    315,   2274,    220,  99446,     36,    429,   1431,  16197,
          1526,    264,  25550,  29247,    279,  16287,    374,   2598,    279,
         90912,  57519,  65123,    624,  78197,    323,  26677,    614,  12569,
          1200,    477,  14025,  63863,   2382,     11,    714,    279,   6021,
            11,   1431,    264,  62135,  26650,     11,   2058,   8898,  11508,
           311,  39074,     13,    576,  31135,  11966,    323,  17212,  10572,
           315,   2274,    220,  99446,     36,   1033,    279,   5240,    315,
          1657,   9438,  32536,     13,   2055,   1657,     11,    304,   2097,
            11,    429,    279,    220,     17,     13,     18,  41937,  14491,
           315,  26650,  15291,    279,  33445,  29290,     11,   1036,  25743,
         28374,  18601,  47814,   1249,   1281,    279,   6021,  29339,     11,
           264,   3772,    315,   2274,    220,  99446,     36,    572,  68602,
          1212,    279,  16287,    553,  49036,    264,  25550,     13,   1096,
          1083,   8907,  14940,    279,  11089,    315,    279,  16287,    311,
           279,   1616,    432,   6966,    304,    279,   3309,    220, 110743,
            15,     82,     11,    304,    279,   2849,    315,  15106,  89846,
           624,    785,  90912,  57519,  65123,  16197,   1526,    264,   3460,
         43665,  17975,   2878,    279,  90912,  18601,     13,    444,  35265,
            11,   1865,    315,    279,  24068,  10030,    632,     11,    374,
         10073,  86225,    304,   3015,     13,   3197,  11169,  12980,    511,
          7124,   1526,  44602,    323,   1948,  13608,    315,  43665,     11,
           432,  13763,  18157,   1045,    315,    279,  10030,    632,    432,
         18477,     13,   6495,    553,   2699,     11,    279,  35336,   3015,
         28063,  10030,    632,    323,    279,  44602,   3063,   8130,     11,
          9579,  28958,  65087,     13,    576,  12935,  25307,   1849,    374,
           264,   5810,  75927,    369,  25182,   3015,   6396,    624,   9061,
           279,  25550,   5823,   1526,    264,  74611,     11,  14166,    572,
         42688,    311,   1352,    458,  20401,  22115,   5944,     13,   1096,
            11,    315,   3308,     11,  19263,    279,   3015,   6396,     13,
           576,  74611,     11,    892,   8472,   4558,  76223,    311,    279,
         25550,     11,    572,   8603,    304,    264,   7009,   5810,   1584,
           553,  10688,    279,   3015,   6396,    311,   3060,   1181,   4622,
          3308,   1526,    264,  75927,   4236,   7541,    304,  22971,   5798,
          1212,    279,  80454,     13,   2619,    374,   1083,    264,   1494,
           351,  24647,  20305,   3403,    279,  25550,    311,   2138,    369,
          3720,    323,   3015,   7203,     13,  14291,     11,    279,  25307,
          1849,   9535,    311,    729,    438,    264,   5810,  57102,   1849,
           624,   4571,    388,   6188,    458,   5107,  57102,   1849,    311,
          6530,    817,   2074,   1095,  70689,    429,  12976,    279,   3163,
           648,   1223,  25550,  14275,     13,   1096,   1849,   5646,    264,
           883,  26825,   4269,   2721,  15267,    311,    279,  25550,     11,
          4303,  23902,    279,   5636,   2721,    504,    835,    311,    835,
           624,    785,   4269,   2721,    374,   1865,    315,  43665,  41288,
            11,    323,   3015,  27363,   1948,    323,   2163,   1493,  41288,
         18697,     13,   3197,  70689,    817,   2074,    973,   1526,  43665,
          6946,  13608,   1573,  18706,    279,  41288,   4845,     11,    429,
         57102,   3015,    374,   2669,  49168,    448,  34449,  82653,    320,
          1782,  11478,    829,    369,  10030,    632,      8,    323,   1558,
           537,  72082,  10030,    632,    504,    279,  41288,     13,  17128,
          4709,    504,  13763,  19611,     11,   4709,    315,  41288,   8879,
           553,  58178,    290,    323,  56614,  13657,    518,    264,   6301,
           323,  43852,   4379,    624,  11204,     11,   1429,    315,  90912,
         18601,    374,   1865,    315,   6946,   1008,   1091,  43665,     11,
          1741,    438,   9275,  10807,     11,  73431,     11,    323,    274,
          2963,  10807,     13,   1096,   3363,    429,   1753,    315,    279,
          3015,  16248,    279,  25550,    748,  57102,   1849,    374,    537,
          2669,  49168,    448,  34449,  82653,    323,   1558,  72082,  41288,
          3684,     13,  21426,    311,    279,   1616,    279,  25307,   1849,
          7881,   1293,   4134,    304,    279,  43665,  17975,   2878,  90912,
         18601,     11,    279,  20401,   4269,   2721,    374,  25943,  27593,
          3123,     13,  11948,    279,   1156,   5779,   1635,    315,    279,
         25550,    748,  13876,     11,   3322,  41288,   4925,    572,   6963,
           311,   5240,    279,  80454,   3403,    311,  29598,    323,   1184,
         12727,     13,   1634,    315,    220,  98867,     24,     11,    264,
          1293,   9659,   6291,   1030,    537,   3602,   1012,  10833,    624,
          1249,   3960,    911,    279,   8085,    315,    264,   2155,   3093,
           315,  25550,     11,    825,    429,   3937,  45105,     11,   1779,
           700,  16840,    279,  13425,  65123,    624,   2461,    803,   1995,
           911,    279,   7203,    315,  24403,    304,   9234,    594,  39397,
            11,   1779,    700,  18601,  40306,     11,   9234,   1417,   4407,
            13], dtype=torch.int32), 'ballast')

(tensor([1427, 1350, 4862,  ...,  311,  387,  650], dtype=torch.int32), 'ballast')

(tensor([   12, 20722,   315,  ..., 35289, 47268,    13], dtype=torch.int32), 'ballast')

(tensor([   12, 50454, 31800,  ...,  9049, 70792,   854], dtype=torch.int32), 'ballast')

(tensor([   17,    13, 27288,  ..., 48904,  7775,    13], dtype=torch.int32), 'ballast')

(tensor([ 3608,    25,   576,  ...,   304, 19299,    13], dtype=torch.int32), 'ballast')

(tensor([  1336,   2144,   1087,    481,  37415,    198,   7982,   1172,    825,
         24496,   1614,    369,    264,    462,  54400,  81640,    304,    279,
         87458,  15290,  87130,    458,  70369,    448,    264,  33704,   4345,
          3840,   2293,    325,  17514,    315,    279,   1008,   6171,   1083,
          3410,  10290,    315,  10911,  18737,     13,   1752,   2867,     11,
          1045,    525,  27456,  10790,    315,  62171,  83357,     13,  24952,
          1033,   6941,    369,    279,   1697,    448,   8710,    807,   1033,
          5815,     11,   1496,    421,    429,  23511,    476,  43597,   1515,
         17094,    902,   3717,    311,  29616,    429,    462,  54400,    624,
             1,   1336,   2144,   1087,    481,  37415,      1,   9024,    220,
            16,   3589,    624,     12,   1096,  35856,   5234,    292,  21422,
           462,  54400,    374,  17753,    553,   3175,  12342,    323,  12857,
           553,  21954,    504,    220,  98668,  11611,    311,    220, 100067,
         11611,    311,    220,  98668,  11611,     13,   1084,    374,  12386,
           448,   9314,  44661,    311,    264,    738,    315,  35856,  15267,
          5601,     13,  57633,    328,  34559,  79192,   4564,    279,   5601,
           311,   1817,   1008,     13,    576,   5622,   2115,  21912,    389,
           279,  15267,   5601,   1558,    537,  15486,    311,    279,   5622,
          6573,     13,    362,  51086,  35856,   6773,    374,  55965,    311,
           279,   4126,    315,    279,    462,  54400,     13,    362,  15418,
         35856,   6573,  55965,    311,    279,   6773,    374,  12857,    448,
           264,   2613,  17894,    369,  21581,    311,    279,   9207,  63613,
            13,    576,    462,  54400,    374,   9763,    304,    264,  22303,
          1142,     11,    892,   1083,   5610,    264,   6716,    315,   9314,
          3429,  13261,    320,     20,     12,     16,     14,     19,      1,
          1293,   4292,     12,    576,   2331,    315,    279,    462,  54400,
           374,   8498,     25,    444,     13,  35689,     11,  64033,     13,
          1967,  63614,    355,  35689,    320, 124120,     24,   4142, 127020,
            21,      8,  27456,  35791,  23252,    304,   1532,  15837,    323,
           374,  40532,    448,  17004,    287,    279,    330,  45824,   5912,
           462,  54400,   1189,   1260,  10218,    438,    264,  23848,    315,
         52783,   2337,    279,  66093,   5004,     11,  14566,    553,   3259,
          3091, 147474,     13,   5301,   2326,  25272,     11,  18067,    320,
        124898,     15,   4142, 120580,     20,    701,   3680,   1194,    320,
        124898,     17,   4142, 126382,     22,    701,    323,  15106,    320,
        124898,     23,   4142, 126334,     18,    701,   1033,   1083,  10337,
         14132,    323,   8864,  28216,     13,    576,   2997,    572,   1429,
          5815,    448,  44845,   5604,     11,    451,   3503,     13,    320,
          2870,    264,  18007,  11129,    389,    451,   3503,     13,   9568,
           220,  99590,  14796,  35689,    594,   3753,    701,    714,  35689,
           374,   3881,    311,    614,   1083,  12157,    518,   5257,   3039,
           304,  64033,    624,     12,   3034,   1372,   9714,      9, 120979,
            23, 100067,    374,    264,   4428,    462,  54400,    323,  15267,
          5912,    624,     12,  43824,     25,  27908,   4000,  20564,  82306,
           323,   3757,  52152,  18011,    295,     11,    330,  35914,  31049,
         38194,    315,   1967,  63614,    355,  35689,   1335,    304,  23954,
         30825,    550,    315,    279,  19360,  31057,  28212,    315,  15106,
         35689,    659,    659,    659,    220, 126293,     21,   4142, 122541,
            18,    320,   3564,    838,     11,    451,   3503,   2572,    220,
        122541,     19,    701,    220, 118836,   4142, 122463,     26,  20003,
           434,   1885,   5604,     11,    330,   7661,   8084,   9970,   1532,
         15837,  13465,  19849,   1335,    576,  13465,  93656,     11,    902,
            13,    220, 103005,    320,  32624,    220,  98867,     17,    701,
          1758,   1110,   2136,    520,   2944,    704,   8821,     73,   2659,
         80589,  26276,   8505,  15906,  10355,   2571,      4,  98360,     37,
          1885,   5604,      4,  98360,   6384,      4,  98360,     41,   2416,
          1195,      4,  98360,  16567,  10355,   2571,      4,  98360,     37,
          1885,   5604,  23221,     26,  69009,    619,     13,  31547,     11,
          1036,  67521,    269,    594,  59166,   2419,   5055,  16314,    315,
          3693,  11094,  27288,  22335,  11096,     25,  23526,    287,    323,
          4229,   2539,     88,     11,   1758,   1110,  77095,  18810,  90372,
         12580,   2899,   3107,   2687,  38073,    287,  59077,    520,  21065,
            30,   8547,   4082,     28,     22, 101655, 114240,     26,  84847,
           362,     13,  31433,   9154,     11,    330,  28318,  48955,  22786,
            25,    758,   7459,    389,    279,   2869,  40177,    315,  23773,
          1335,    431,  22390,   7675,    220,  98668,     11,    902,     13,
           220, 101294,    320,  99887,     21,   1648,    220, 100067,   4142,
        102487,    624,     12,   2400,   1865,    198,     12,   3309,    220,
        110743,     15,     82,    198,     12,  35689,     11,   1967,  63614,
           355,    198,     12,   3034,   5624,    198,     12,  83253,   1372,
           198,     12,  16389,   1372,    198,     12,   2885,   8747,    198,
            12,   5055,  16314,    315,   3693,  11094,     11,  48094,    468,
            13,  14602,  12634,   5832], dtype=torch.int32), 'ballast')