(tensor([ 4340,   311, 81303,  ...,  1218,    36,  1843], dtype=torch.int32), 'agentic')

(tensor([ 7498,    17,    25,  ..., 29751, 67421,    12], dtype=torch.int32), 'agentic')

(tensor([   50,    18, 19127,  ..., 11691, 39792, 26723], dtype=torch.int32), 'agentic')

(tensor([16041, 59046,    25,  ...,   646,  1172,   614], dtype=torch.int32), 'agentic')

(tensor([   35, 84903,  7993,  ...,  5009,  1341,   284], dtype=torch.int32), 'agentic')

(tensor([  7916,    287,   9488,   7525,    389,    274,   3563,  38003,   4267,
          4963,    198,    565,  25148,   4008,    871,   2212,  75789,     14,
         13014,   9488,   7525,    525,    537,   7248,    389,  38003,   4267,
          4963,     13,    320,   6865,   3690,    448,    364,   7928,  94041,
             6,   5975,   7229,    565,   3321,  16724,    320,   4197,  31390,
          2438,     11,    892,   5711,  72394,    594,    328,   9497,  19127,
          1212,    279,  27126,   7229,     63,   8634,   2438,    274,   3563,
           912,  63359,   4686,  74203,   1177,   9230,  12890,  52461,     12,
         43847,  23980,   1177,   9230,  10599,  38003,   4267,   1177,  14073,
          5309,     28,   2271,   5668,     11,   1130,     28,   2271,   5668,
            63,   8562,    565,    220,    472,  20995,    389,   1380,   2513,
          3537,  23277,   8419,     11,    498,   3278,   1477,    429,    369,
           279,    364,  91956,   4267,      6,   5101,    943,     11,    458,
           330,   7928,  94041,      1,   1465,    374,   2677,   9223,    979,
           279,   5101,    943,    374,    330,  91956,   4267,      1,   3224,
          2428,   1110,   5204,    905,  23239,     76,   2072,   3183,   2072,
         34654,  23240,   3183,   2072,  86876,     76,  20227,   7197,      2,
            43,  98729,     22,     16,    871,    201,   1022,  13481,   1177,
         12875,    264,   3183,   2072,   2687,     18,  20227,   7197,    293,
          3183,   2072,   2687,     18,  20227,   7197,    198,   4421,    264,
          3183,   2072,   2687,     18,  20227,   7197,    198,  62289,    293,
          3183,   2072,   2687,     18,  20227,   7197,    198,  19155,    481,
         99446,     17,     19,     11,     22,    488,  99446,     17,     19,
            11,     22,  22250,    707,   1304,   2327,  60566,    715,    260,
           671,  27317,  15609,   5036,    311,   2692,  28261,     13,   1096,
           374,   1483,    311,  24449,    279,   4734,    328,     18,  29586,
           198,    260,    671,   9958,    279,  15609,    323,    311,  10301,
           279,   4185,  15609,   4473,    624,     12,    286,    656,  71081,
         55291,     25,   6451,  17282,     11,    607,     60,    284,   5613,
            10,    286,    656,  71081,  55291,     25,  29019,  17282,     11,
           607,     60,    284,   5613,  31770,    274,     18,   3895,   1412,
           284,    328,     18,  29586,  13439,   1006,  13481,   1177,  12875,
           264,   3183,   2072,  86876,     76,  20227,   7197,    293,   3183,
          2072,  86876,     76,  20227,   7197,    198,   4421,    264,   3183,
          2072,  86876,     76,  20227,   7197,    198,  62289,    293,   3183,
          2072,  86876,     76,  20227,   7197,    198,  19155,    481, 100759,
            16,     11,     21,    488, 100759,     16,     11,     24,  22250,
           707,    716,   7067,  17935,   1819,   8377,    842,   1006,    338,
          4828,  13873,  94041,    741,   1797,    770,    510,    338,    470,
           198,     10,    286,   4409,   5101,   1819,    621,    330,  91956,
          4267,   4660,     10,    310,    421,   5101,    842,    537,    304,
           656,  67618,    510,     10,    394,   4828,  13873,  94041,    741,
           260,   4409,   5101,   1819,    537,    304,   2399,   1797,    671,
          3703,   1110,     65,   2072,     18,  28668,    905,   5457,     16,
         84881,  10503,  32989,  65300,  22201,  86876,     76,   2564,      2,
          1220,     44,  11710,   4850,  16319,   5673,  17935,    198,   1797,
           330,  27103,   2523,    756,  19155,    481, 124080,     21,     11,
            21,    488, 124080,     24,     11,     22,  22250,    707,   1855,
           717,  24485,  12565,   1006,    260,   9696,   6917,     25,    526,
           345,    260,   1191,   4164,     25,    607,    345,    260,    835,
          4164,     25,    607,    345,     10,    286,   9488,     25,  12250,
         51653,     58,  13439,  17282,     11,    607,   5053,   1259,    257,
           873,   1464,    607,    510,    260,   3190,    260,  14674,    264,
         13395,   3241,     13,   2308,   1465,  11584,    476,   1946,  10514,
           702,   1012,  11532,   3602,    624,  19155,    481, 124618,     17,
            11,     21,    488, 124618,     21,     11,  98965,  22250,    707,
          1855,    717,  24485,  12565,   1006,   1797,    835,   4164,    345,
           260,   1727,    260,    656,  67618,     58,   5507,   1764,     60,
           284,   3241,    198,  16911,     10,    286,    421,   9488,    510,
            10,    310,   3241,  16319,    284,    314,     83,   1183,   1592,
         57327,    259,   1183,   1130,   1341,    369,    259,    304,   9488,
           532,     10,    310,    656,   1364,  16319,   2346,  17935,    445,
         91956,   4267,    497,   3241,   1764,     11,   3241,  16319,    340,
         16911,    260,    470,   3241,   1764,  26723,    257,    707,    633,
           717,  24485,  12565,   1193,     11,   3241,    842,     25,    607,
             8,   1464,  36773,  91956,   4267,    510,  13481,   1177,  12875,
           264,   3183,   2072,  86876,     76,  32280,  22589,   7197,    293,
          3183,   2072,  86876,     76,  32280,  22589,   7197,    198,   4421,
           264,   3183,   2072,  86876,     76,  32280,  22589,   7197,    198,
         62289,    293,   3183,   2072,  86876,     76,  32280,  22589,   7197,
           198,  19155,    481,     19,  99146,     11,     21,    488,     19,
         99146,     11,     22,  22250,    707,   1855,    717,  24485,  12565,
          1193,      8,   1464,    607,    510,    260,   9696,   6917,    284,
           656,   1436,    455,   4042,   4090,    445,  32066,   6446,   1138,
           260,   1191,   4164,    284,    656,   1436,    455,   4090,    445,
         44272,   1138,    260,    835,   4164,    284,    656,   1436,    455,
          4090,    445,  48157,   1138,     10,    286,   9488,    284,    656,
          1436,    455,   4090,    445,  15918,   1138,    260,   3241,    842,
           284,    656,    514,   3563,  39792,   2520,    717,  24485,  12565,
          1006,   1797,    829,  39029,    345,   1797,   4008,     28,   8613,
           345,  19155,    481,     19, 100557,     11,     21,    488,     19,
        101175,     11,     22,  22250,    707,   1855,    717,  24485,  12565,
          1193,      8,   1464,    607,    510,   1797,   9696,   6917,  14140,
          8795,   6917,    345,   1797,   1191,   4164,  55248,   4164,    345,
          1797,    835,   4164,  61089,   4164,    345,     10,    310,   9488,
            28,  14073,    345,    260,   1727,    260,    470,   2951,  21477,
         16846,   4267,    764,    788,   3241,    842,   3518,    715],
       dtype=torch.int32), 'agentic')

(tensor([  3474,     25,   7860,    814,  82658,    537,  11584,   3239,   1376,
          4682,  12434,    198,   4498,   3259,    264,  17519,     78,   3239,
           429,  42222,    264,  61661,  16364,  50171,   2348,    264,  23078,
           897,     11,  72394,  26261,    419,  12307,    448,    902,   4265,
            11,    714,   1931,  23182,   4963,   7850,    432,    438,   8317,
            13,   1096,   5420,    264,   9871,    304,   1039,   3239,  12212,
           311,    633,   3267,   1039,   1273,  54794,   1573,   1660,  10563,
           553,   2086,   6430,   7497,  17799,   8686,   2943,   2038,   2834,
         73022,    319,   2972,    284,  60353,     18,   6581,    445,     67,
         82658,   6060,   2972,   4786,   7805,    414,  81123,    428,   2408,
          5237,   4723,    414,   5309,  10542,   9591,   4649,   4480,   3097,
         14140,    635,  33935,   3142,   4723,    414,  16364,   3907,   7979,
         15771,      2,   4480,   3097,    788,    330,   1313,  45157,    220,
          8615,  73022,    871,  22692,    304,    279,   1931,   1879,    320,
            76,   2072,   3787,    902,   5975,   5783,  73022,    319,   6331,
           509,    460,  25581,  11710,   1454,     25,   1527,   1465,  10012,
           320,  13790,   1354,      8,    979,   8097,    279,  11356,   5666,
            25,  13873,   2971,    304,   5309,  10542,   9591,     25,  28708,
          7035,   5036,   1483,    304,    825,   2971,    319,  73022,  26156,
             6,  19890,      6,   2038,    320,  74347,    304,   1931,  29967,
          1218,  73022,    319,   2972,    284,  60353,     18,   6581,    445,
            67,  82658,   6060,   2972,   4786,   7805,    262,  81123,    428,
          2408,   5237,   4723,    262,   5309,  10542,   9591,   4649,   4480,
          3097,  30372,    957,   4723,    262,  16364,   3907,   7979,  15771,
             2,   4480,   3097,    788,    330,   1313,  45157,    262,  16364,
          3907,   6227,    284,    314,    788,    957,    788,   5212,     50,
           788,    330,   7974,   9204,   1771,   1218,  73022,    871,   2121,
           358,   3535,    432,     11,    264,  61661,   7035,    829,    646,
          1172,    387,   7707,    448,    264,  61661,   7035,    897,     13,
           432,    374,    458,  11810,   1946,    311,   9425,    448,    264,
         23078,   1946,     13,   1096,   1231,    387,   4152,    311,    279,
          6672,   1948,   3347,  11586,    323,   1550,  11586,   8238,    320,
          2428,   1110,   8634,  18240,    905,   3470,  22026,  41370,  25734,
           500,   5503,  32073,   5522,   1737,  82658,  35302,  30497,   4075,
         50474,    714,    358,   1079,    537,  11280,   3322,    448,    279,
         17519,     78,  96899,    311,   1414,    369,   2704,  31841,   8876,
         52376,   3110,   2834,  73022,    319,   4197,   7860,    814,  82658,
         21080,    262,   2943,    284,  60353,     18,   6581,    445,     67,
         82658,    497,   5537,   1269,    428,    355,  39292,     12,     16,
          6060,    262,   2943,   2520,   5237,   7805,    286,  16734,  50210,
          5818,    319,    310,   5212,  50171,    788,    330,    606,    497,
           330,   3907,    929,    788,    330,     50,  45157,    310,   5212,
         50171,    788,    330,   1313,    497,    330,   3907,    929,    788,
           330,     50,  45157,    286,  34171,    286,  81123,    428,   2408,
          5237,   4723,    286,   5309,   8631,   5818,    319,    310,   5212,
         50171,    788,    330,   1313,    497,    330,  97136,    788,    330,
         70177,  45157,    310,   5212,  50171,    788,    330,    606,    497,
           330,  97136,    788,    330,     49,  11498,  45157,    286,  34171,
           286,  71894,   3636,    428,  59481,  10612,  14444,   4723,    262,
         52185,    262,   2943,   4786,   7805,    286,  81123,    428,   2408,
          5237,   4723,    286,   5309,  10542,   9591,   4649,   4480,   3097,
         14140,    635,   3142,   4723,    286,  16364,   3907,   7979,  15771,
             2,   4480,   3097,    788,    330,   1313,  45157,    262,   8615,
         73022,    319,    201,   1022,  13481,   1177,  12875,    264,   3183,
          2072,   3446,  82658,   4322,  28498,  68362,  27563,  27972,   7197,
           293,   3183,   2072,   3446,  82658,   4322,  28498,  68362,  27563,
         27972,   7197,    198,   4421,    264,   3183,   2072,   3446,  82658,
          4322,  28498,  68362,  27563,  27972,   7197,    198,  62289,    293,
          3183,   2072,   3446,  82658,   4322,  28498,  68362,  27563,  27972,
          7197,    198,  19155,    481, 102781,     11,  98965,    488, 102781,
            11,  98965,  22250,    707,   4715,  27972,   1006,   1797,    671,
          5175,    792,    284,    549,    307,    323,   3378,    792,    284,
           549,   4886,    198,   1797,    671,   1383,  74800,   1797,    421,
          1482,  35064,    621,  13451,  80998,   2402,  11233,  28428,   7476,
           510,     12,    394,   1376,   9143,   2057,   1006,     12,    503,
          7493,  16773,   9143,    670,   1006,     12,    664,   1482,  66210,
            11,   5212,     50,    788,   1482,  66210,    532,     10,    394,
           421,   1482,  66210,    537,    304,   7493,  16773,   9143,    510,
            10,    503,   4828,  14553,  13790,   1354,   1006,     10,    664,
           330,   7928,   2971,    304,   5309,  10542,   9591,     25,  28708,
          7035,   5036,   1483,    304,    825,   2971,    698,   3824,   1727,
            12,    394,   1727,     10,    394,   1376,   9143,   2057,  48027,
         16773,   9143,  25687,  66210,   2546,    338,   3059,   2057,   1188,
           792,   1269,     11,  12307,     11,   1376,   9143,   1171,    338,
          1438,    198,    260,    421,   1560,    406,   9229,    621,  33417,
           510], dtype=torch.int32), 'agentic')

(tensor([ 2212,  5021,  1091,  ..., 17777,  7347,    43], dtype=torch.int32), 'agentic')

(tensor([   35, 84903,  3506,  ...,  1509,    25,  5739], dtype=torch.int32), 'agentic')

(tensor([ 28818,   2507,    537,   5927,    553,    328,     18,   1968,   1633,
           508,  12747,   1681,    921,    785,    328,     18,   1968,   1633,
          1618,   1265,    470,  26220,   2507,   1212,   1045,  13153,  17799,
          2132,    594,    537,   8035,    504,    279,   5333,  26257,   1128,
          1846,  13153,    525,     11,    714,    358,   3003,  12504,    432,
           304,    508,     65,   2072,    220,     18,  99366,     22,   9529,
          2428,   1110,   5204,    905,   3470,   2072,   3470,   2072,     18,
         38537,     14,     18,  99366,     22,    568,    871,  28818,   2507,
          1265,    387,   5927,    421,    323,   1172,    421,    279,   1633,
           572,    264,   7299,  27941,   8134,     11,    353,    437,      9,
          3660,   2833,    572,   5823,    304,    438,    458,   5693,  17799,
          9109,    429,    419,    374,    279,   1760,    315,    678,   5479,
            11,    432,    374,    537,    458,   1687,    315,   3660,   2833,
         17799,   2461,    264,   3175,  27941,   8134,     11,    419,   2070,
           374,   2677,  39227,  17799,     40,   8987,    944,  10062,    279,
         13569,   7709,    320,     76,   2072,    476,  60353,      8,    315,
           633,   5314,  17799,  73022,    319,    474,  60353,     18,    319,
          1499,  46165,   1159,  46165,    319,   1499,  72394,   1159,   7860,
           643,     18,   8562,  30293,    284,    364,  22863,  13334,  63924,
         16821,   9735,    792,    284,    364,   1944,  56305,  94864,  27941,
         46775,  16695,    643,     18,   1005,   2468,   3568,     65,   2072,
            18,   6581,    492,     82,     18,   1823,   3182,  38541,   7805,
           262,  47471,  22031,  11147,   1871,    262,   4230,  35836,   7688,
          1165,    319,    286,    364,   4707,  17863,   1210,    364,    391,
          1331,    283,  14749,     12,     17,   9735,    262,   9874,   7229,
           871,   2972,    284,  60353,     18,   6581,    492,     82,     18,
           863,   8562,   2322,    284,   2943,   2520,    717,  18175,  21639,
          7805,    262,  47471,  22031,  11147,   1871,    262,   5309,  85863,
          1871,   7229,    307,    284,   2033,    677,  13835,    764,  96440,
          2413,  33057,    284,    220,     17,    319,  18223,    284,  79351,
          1958,    281,    304,   2088,      7,     16,  35248,  33057,     10,
            16,  55626,    262,   2033,    284,   2943,  32250,  10490,   7805,
           286,  13949,  22031,      6,     87,      6,    353,    320,     20,
           353,    320,  98668,   3070,    220,     22,  11979,   1871,    286,
         47471,  22031,  11147,   1871,    286,   5309,  85863,   1871,    286,
          3660,   2833,  17363,   1871,    286,  24920,    764,  45744,   1871,
           262,   8615,   6421,    262,   5479,   2057,  18718,    286,    364,
          1348,    351,   1210,   2033,    677,   1348,    351,  30273,    286,
           364,   5800,   2833,   1210,    281,    319,    262,  90515,   2972,
         42683,    717,  18175,  21639,   7805,    262,  47471,  22031,  11147,
          1871,    262,   5309,  85863,   1871,    262,    386,  18175,  13835,
          1165,    319,    286,    364,  28818,   1210,   5479,    319,    262,
          9874,    262,  24920,    764,  45744,   1871,  33753,  18214,    284,
          2943,  16028,   5314,   5349,  11147,  22031,  11147,     11,   5309,
         85863,     11,   3660,   2833,     28,     16,   7229,      2,   1493,
         54470,   1494,    319,   2207,    364,  28818,   2507,      6,    304,
          9036,    319,   2207,   9036,    677,  28818,   2507,    660,    621,
           281,    319,   2207,   9036,    677,  28818,   2507,    660,    961,
           220,     16,    671,   2155,    311,   3660,   2833,   1392,    319,
         73022,    871,     40,   2776,   1667,    871,     65,   2072,     18,
          6526,    220,     16,     13,  99243,     13, 101130,    319,   6331,
           509,    460,   3502,    220,     16,     13,  99146,     13, 101130,
           319,     76,   2072,   4597,    220,     17,     13,     17,     13,
         99317,   8562,   1986,    374,    825,    315,   1846,   2513,    429,
           525,   4658,    537,    429,   2989,     13,    384,   1302,     13,
           432,    594,    537,   2989,   3322,    369,    752,    311,   3270,
           264,   8574,     13,    358,   2776,   1101,   8391,    432,    773,
           429,    432,    594,   3881,     11,    323,    421,   4325,    770,
         13710,    432,   2989,    807,    646,   3270,    279,   8574,   4192,
         13481,   1177,  12875,    264,   3183,   2072,   2687,     18,  32280,
         22589,   7197,    293,   3183,   2072,   2687,     18,  32280,  22589,
          7197,    198,   4421,    264,   3183,   2072,   2687,     18,  32280,
         22589,   7197,    198,  62289,    293,   3183,   2072,   2687,     18,
         32280,  22589,   7197,    198,  19155,    481, 123006,     24,     11,
            21,    488, 123006,     24,     11,  98886,  22250,    707,    716,
           792,   9651,  13130,   1193,     11,  15609,   1269,     11,   3239,
            11,   1376,   1269,     11,   7102,    982,   1797,    421,    421,
         31357,  10703,    323,   1376,  38624,    351,    621,    421,  31357,
         10703,    510,    338,    470,    220, 120911,     11,   2033,  26633,
            11,    330,   2623,  28948,    698,    715,     10,    310,    421,
           949,   5500,    510,     10,    394,   2480,   3097,    284,    656,
         36993,  16028,   5314,  58527,   1269,     11,   1376,   1269,     11,
          2319,    842,    340,     10,    394,    421,   2480,   3097,  89858,
           510,     10,    503,  10485,  10490,   3180,    284,    607,   6901,
         28804,   3097,  89858,  23455,   1607,   1171,     10,    503,   2033,
         26633,   1183,     87,  32073,     89,     12,   1307,  91701,  26495,
          1341,    284,  10485,  10490,   3180,    198,  16911,   1797,    470,
           220,  98867,     11,   2033,  26633,     11,   8388,    260,    770,
           510,   1797,    470,    220,  99698,     19,     11,   2033,  26633,
            11,   8388], dtype=torch.int32), 'agentic')

(tensor([ 27900,   5537,   6243,    374,    537,   7248,    198,  13041,   1871,
          9306,   4460,    311,    738,    279,   5537,    315,    279,  90980,
          2943,     11,    432,   4977,   1075,    432,    374,    537,   6243,
           279,   5537,  12434,    323,   1101,  16657,    311,    279,   3644,
          5537,     13,   2529,   2132,   4977,   1075,    419,    374,    264,
          9871,   8879,    304,    419,   1034,   2834,   2428,   1110,   5204,
           905,  23239,     76,   2072,   3183,   2072,  34654,  23240,   3183,
          2072,   2687,    288,  32280,  22589,   7197,    304,   1555,    220,
         99367,   1380,    279,   5537,   5221,    738,    311,   3644,   4518,
           315,    656,  42731,    438,   3884,   1588,   2834,   2428,   1110,
          5204,    905,  23239,     76,   2072,   3183,   2072,  34654,  23240,
          3183,   2072,   2687,   4412,  32280,  22589,   7197,    389,   1555,
           220,  99619,   3224,     40,   1079,   5023,   1667,   2319,    220,
            16,     13,  99146,     13, 101562,     13,    201,   1022,  13481,
          1177,  12875,    264,   3183,   2072,   2687,    288,  20227,   7197,
           293,   3183,   2072,   2687,    288,  20227,   7197,    198,   4421,
           264,   3183,   2072,   2687,    288,  20227,   7197,    198,  62289,
           293,   3183,   2072,   2687,    288,  20227,   7197,    198,  19155,
           481, 115925,     11,     22,    488, 115925,     11,     22,  22250,
           536,  90980,  29586,  22170,  29586,    982,    715,    260,    504,
         72394,   4871,   1159,  11949,  38623,   3450,    198,    260,    504,
         72394,    514,    288,   1159,  15525,   3895,   1412,    198,     12,
           286,  15525,  39792,    284,  15525,   3895,   1412,     58,  17264,
         38623,   3450,   9863,   9748,   7026,     10,    286,  15525,  39792,
           284,  15525,   3895,   1412,     58,  17264,  38623,   3450,   1457,
          3943,    921,    260,   6605,    284,  15525,  39792,  48372,  23363,
           671,   3208,  23363,    374,    264,   1759,    315,   4856,   6171,
         26723,    257,   7036,    429,     11,    438,    419,    374,    458,
          5306,   5333,     11,    279,   4734,   3561,   1231,   1745,    817,
         10790,    624,  19155,    481,  99618,     17,     11,     21,    488,
         99618,     17,     11,     19,  22250,    707,    633,  45965,  83550,
         18211,   1193,     11,  39207,   5856,    982,    260,    470,   8200,
          3710,  45965,  26723,    715,   1331,    288,   3895,   1412,     25,
         38239,  17282,     11,  90980,  29586,     60,    284,  54890,  13439,
          1006,     12,    262,  90980,  29586,     11,    330,   9272,    497,
           990,    880,   2072,     18,  57639,   5608,     11,   5107,  57639,
         27870,   9748,   7026,     12,    340,     10,   9272,   3895,   1412,
            25,  38239,  17282,     11,  90980,  29586,     60,    284,  54890,
         13439,      7,  27900,  29586,     11,    330,   9272,   1138,  13481,
          1177,  12875,    264,   3183,   2072,   2687,    288,  32280,  22589,
          7197,    293,   3183,   2072,   2687,    288,  32280,  22589,   7197,
           198,   4421,    264,   3183,   2072,   2687,    288,  32280,  22589,
          7197,    198,  62289,    293,   3183,   2072,   2687,    288,  32280,
         22589,   7197,    198,  19155,    481,  98965,     11,     22,    488,
         98965,     11,     22,  22250,    707,   1304,   2327,   3804,    721,
           982,    715,    257,    569,   3699,    198,    257,    707,  19127,
          1193,    982,     12,    286,    470,  15525,   3895,   1412,  14317,
          4952,  13491,   9863,   9748,   7026,     10,    286,    470,  15525,
          3895,   1412,  14317,   4952,  13491,   1457,    721,  42731,    921,
           715,    257,    707,  10141,   9169,  45965,   1193,    982,    260,
          2621,    284,    656,   4786,    917,    670,    445,  79344,  17116,
            15,    921], dtype=torch.int32), 'agentic')

(tensor([ 4542, 21908, 26261,  8317,  1946,   323,  1221, 14515,   198,   785,
         2701,  1618,   374, 11660,   553, 72394,  1565,  4542, 21908,    63,
        82698,   714, 15580, 23182,  1465,   374, 10892,   871, 73022,   319,
          310,   656,  4523, 52363,  8178,  7440, 21908,  7805,   394,  8598,
          764,    28, 85027,  1269,  1871,   394, 33748,  4267,   641, 20514,
           28,    15,  1871,   394, 11726,  6435, 25959,   693,  7449,  3618,
         1871,   310,  8615, 73022,   871, 11204,    11,  2937,  2337,  1618,
          311,  3698, 21908,   315, 23182, 65099,    11,   458,  4683,   374,
        14977,  2834,    63,  2082,  1465, 10012,   320,  7928,  4971,  1354,
            8,   979,  8097,   279, 10423, 19736,  5666,    25,   576, 33748,
         4267,   641, 20514,   897,  1969,   387,  1948,   220,    22,   323,
          220, 99064,  2849,   320, 97530,   568,    63,  1406, 13481,  1177,
        12875,   264,  3183,  2072, 59173, 52363, 13289, 20227,  7197,   293,
         3183,  2072, 59173, 52363, 13289, 20227,  7197,   198,  4421,   264,
         3183,  2072, 59173, 52363, 13289, 20227,  7197,   198, 62289,   293,
         3183,  2072, 59173, 52363, 13289, 20227,  7197,   198, 19155,   481,
           22, 99619,    11,    22,   488,    22, 99619,    11,    22, 22250,
          707,  3698, 21908,  1006,   260,  5344, 11348, 39688, 90709,    25,
         1807,   345,   257,   873,  1464, 24547, 17282,    11,   607,    11,
         2224, 10338,   715,    12,   286,   421, 13342, 12565,  1243, 28254,
          323,  2399,    10,   286,   421, 13342, 12565,  1243, 28254,   374,
          537,  2240,   323,  2399,  1797, 13342, 12565,  1243, 28254,   366,
          220,    22,   476, 13342, 12565,  1243, 28254,   861,   220, 99064,
          198,   260, 20988,  1797,  4828, 13873,  4971,  1354,  1006],
       dtype=torch.int32), 'agentic')

(tensor([ 16041,   6951,    481,   8405,  10569,    304,   6238,   7402,    198,
            40,   2776,   4460,    311,   1273,    458,   2647,    315,    264,
          2526,   4247,    389,    458,   6238,     11,    714,    979,    358,
          1855,    279,   7981,     11,    279,   2526,  10569,   2070,    374,
          2677,   4287,  28552,  13599,  17320,   1210,    220,     15,     11,
           364,   4353,   1210,   3056,  59561,   1416,    358,   2647,    279,
          7981,   2058,   3432,   1852,   4265,  17799,  73022,  12663,    319,
           474,  19867,    319,   1499,  72394,   1159,   7860,     62,   8634,
           319,   1499,  60353,     18,   1159,   2943,    871,   1040,   3393,
         25585,  19736,  36984,  31232,   5783,    262,    569,  16695,     62,
          8634,    319,    262,    707,   1273,  42735,  21908,   1193,   5783,
         64311,    286,    656,  20207,    842,    284,    364,   1944,   9735,
           286,  24043,    284,   2943,    492,  12355,   6951,  29901,    286,
          1582,    284,  24043,   2520,  41230,   7805,    310,  33746,   2648,
          1165,    319,    394,    364,  58330,   8855,   1210,    364,   1944,
          5550,    394,    364,  10672,   1210,    364,   2271,  14806,  23330,
         33746,   5550,    394,    364,   3675,   8232,  22692,   1210,    972,
           503,    364,   6397,  13290,    764,   1210,    656,  20207,    842,
          1871,    503,    364,  28174,  20646,  13816,   1210,    364,   7183,
         22289,   9735,    394,   9874,    394,    364,   5462,   1210,   3007,
          1871,    394,    364,  62285,   1330,   1210,    972,    503,    364,
         17320,   1210,    220,     16,   1871,    503,    364,   4353,   1210,
         23572,    664,    972,    999,    364,    764,   1210,    656,  20207,
           842,   1871,    999,    364,  13627,    675,   1210,    364,   8686,
           905,   5550,    999,    364,  13290,   1820,   1210,    364,    917,
          5550,    999,    364,  10263,  10569,   1210,    972,   1383,    364,
         17320,   1210,    220,     16,   1871,   1383,    364,   4353,   1210,
           508,   1666,   1920,    364,   4047,    675,   1210,    364,     55,
          7658,   1450,     12,   4047,   5550,   1920,    364,  96897,   1210,
           364, 108714, 100461,     21,   9735,   1383,    335,   6114,    999,
           335,   6526,    319,    664,   1686,    503,  47762,    394,   1686,
           310,   1686,    286,   8615,    286,   7981,   5332,   9651,    284,
         24043,    670,  41230,   5332,  55548,     28,  12205,    677,  61937,
          4181,    764,  39358,    286,   7981,   5332,    284,   7981,   5332,
          9651,    677,  61937,   2648,  28571,   8995,    286,    369,   6238,
           304,   7981,   5332,    677,  62285,   1330,   4181,   4353,    660,
          2834,    310,    421,   6238,    677,    764,    660,    621,    656,
         20207,    842,   2834,    394,   1173,  45106,    677,  10263,  10569,
          5078,    671,   5360,  17320,   1210,    220,     15,     11,    364,
          4353,   1210,   3056,  17234,    333,   1304,    606,    563,    621,
         12106,   3817,  82093,    262,  19867,   8878,   3568,  73022,    319,
          4421,    871,   2623,   2704,    421,    419,    374,    264,   9871,
            11,    264,   7402,   4565,    476,    358,   2776,   3730,   2494,
          4969,     13,  11109,    264,   2696,      0,    871,    334,  60374,
          4566,  23561,     25,  59067,     65,   2072,     18,     25,    220,
            16,     13, 101135,     13, 100461,    319,     76,   2072,     25,
           220,     20,     13,     15,     13,     17,   1406,  13481,   1177,
         12875,    264,   3183,   2072,  57405,   6951,  20227,   7197,    293,
          3183,   2072,  57405,   6951,  20227,   7197,    198,   4421,    264,
          3183,   2072,  57405,   6951,  20227,   7197,    198,  62289,    293,
          3183,   2072,  57405,   6951,  20227,   7197,    198,  19155,    481,
        114240,     11,     22,    488, 114240,     11,     21,  22250,    707,
          1304,   2327,   3804,    721,     11,   6238,     25,  29019,  17282,
            11,   5765,  22110,    260,    656,   1764,    284,   6238,   1183,
           764,   7026,    260,    656,  10998,   1269,    284,   6238,   1183,
         13627,    675,   7026,    260,    656,  20207,   2638,    284,   6238,
           670,    445,  13290,   1820,    899,    476,   8388,     12,    286,
           656,  24199,  26633,     25,   1759,  69777,     60,    284,   4167,
           260,    656,    514,     18,  12753,  45965,    284,   8388,    260,
           656,  24199,  33878,    284,   2240,    198,    260,    656,  20207,
          3712,    816,    284,   6238,    670,    445,  13290,  83405,   1138,
         19155,    481, 117305,     11,     21,    488, 109295,     11,  99367,
         22250,    707,   1304,   2327,   3804,    721,     11,   6238,     25,
         29019,  17282,     11,   5765,  22110,    260,    421,    330,  10263,
         13290,   2648,      1,    304,   6238,    510,   1797,    656,  24199,
         33878,    284,   8405,  13290,   2648,  45106,   1183,  10263,  13290,
          2648,  14099,    715,     10,    286,   2526,  26633,    284,   6238,
           670,    445,  10263,  10569,    899,    476,   5613,     10,    286,
          2526,  26633,    284,   2526,  26633,    670,    445,   4353,    899,
           476,   5613,     10,    286,   2526,  26633,    284,   2526,  26633,
           670,    445,  13290,  10263,   4047,    899,    476,   4167,     10,
           286,    421,  11397,  60870,  26633,     11,   6451,    982,     10,
           310,    671,  34529,    724,    421,   1196,   1172,  21259,    264,
          3175,   4247,    198,     10,    310,   2526,  26633,    284,    508,
          9160,  26633,    921,     10,    286,    656,  24199,  26633,    284,
          2526,  26633,    198,  16911,    715,    536,  31774,  50034,  21389,
           510,    257,    707,   1304,   2327,   3804,    721,     11,   2193,
            25,  29019,  17282,     11,   5765,  22110,  13481,   1177,  12875,
           264,   3183,   2072,  57405,   6951,  32280,  22589,   7197,    293,
          3183,   2072,  57405,   6951,  32280,  22589,   7197,    198,   4421,
           264,   3183,   2072,  57405,   6951,  32280,  22589,   7197,    198,
         62289,    293,   3183,   2072,  57405,   6951,  32280,  22589,   7197,
           198,  19155,    481, 124212,     11,     23,    488, 124212,     11,
         98668,  22250,    707,   3698,  33878,  12753,  13427,   1193,      8,
          1464,  12448,  35722,    510,   2290,    366,  17320,  11758,   6238,
         24199,  26633,     91,   4129,  11325,  17320,    397,   2290,    366,
          4353,    397,    338,  51918,    369,   4247,    220,    304,   6238,
         24199,  26633,  67421,     12,   1698,    366,   4047,    675,  11758,
          4247,  17074,   1269,  11325,   4047,    675,    397,     12,   1698,
           366,  96897,  11758,   4247,  17074,   3142,  11325,  96897,    397,
            10,   1698,    366,  13290,  10263,   4047,    397,     10,   1698,
           366,   4047,    675,  11758,   4247,    677,   4047,    675,    660,
         11325,   4047,    675,    397,     10,   1698,    366,  96897,  11758,
          4247,    677,  96897,    660,  11325,  96897,    397,     10,   1698,
           690,  13290,  10263,   4047,    397,    338,  51918,    835,   1958,
         67421,   2290,    690,   4353,    397,   1797,    690,  10263,  10569,
           397], dtype=torch.int32), 'agentic')

(tensor([ 60054,  23529,    537,   3204,    448,   2480,   6261,     45,    198,
         60054,  23529,    304,  23182,  51738,  10562,   4436,    944,   3204,
           979,   1667,    279,   2480,   6261,     45,    438,  23529,    877,
           323,    537,  37642,   1565,  18541,   6435,  25959,    693,   7449,
          3618,     63,  31841,  73022,  12663,    319,    474,  60353,     18,
           319,   1499,  72394,   1159,   7860,   3453,  52363,  13289,    871,
            31,  16695,   3453,  52363,  13289,    319,    750,   1273,  11348,
         21080,    262,   2943,    284,  60353,     18,   6581,    445,    325,
         52363,  13289,   6060,    262,   6234,    284,   2943,   2520,  21908,
         21134,    428,   1944,  30101,    262,   2943,   7440,  21908,   3759,
         50523,    764,     28,  20431,   1183,   9048,  14004,    220,    671,
          3171,    944,    975,    319,    262,   2943,   7440,  21908,   3759,
         50523,    764,     28,  20431,   1183,   9048,   7914,  11726,   6435,
         25959,    693,   7449,   3618,      8,    220,    671,   4278,    319,
           262,   2943,   7440,  21908,   3759,  50523,    764,     28,  20431,
          1183,    675,  14004,    220,    671,   4278,    319,  73022,    871,
           785,   2874,    369,    429,    374,    429,   2337,    279,  35884,
          1565,  19736,     82,   6093,    670,  53896,    374,   3709,   2598,
          2834,   2428,   1110,   5204,    905,  26648,   1111,     66,   3183,
          2072,  34654,     14,     16,     67,     22, 101723, 100614,     16,
            19,     68,     19, 100919,     22, 101478,     16,     65,     15,
            69,  98867,     67,  99317,   4385, 102284,     17, 101663,   6902,
        114495,     68,     24,   3183,   2072,  59173,  52363,  13289,  20227,
          7197,      2,     43,     22,  99317,    871,     63,  19736,     82,
          6093,    670,  53896,   4764,   4436,    944,  58763,    311,   8829,
          6261,  47069,    311,   6234,   5036,     11,   8913,  31655,    279,
          1509,  14515,    323,   3059,    304,    264,   1565,   4783,  14568,
            63,   1496,   3498,    279,   6234,   1558,   3000,   4192,  13481,
          1177,  12875,    264,   3183,   2072,  59173,  52363,  13289,  20227,
          7197,    293,   3183,   2072,  59173,  52363,  13289,  20227,   7197,
           198,   4421,    264,   3183,   2072,  59173,  52363,  13289,  20227,
          7197,    198,  62289,    293,   3183,   2072,  59173,  52363,  13289,
         20227,   7197,    198,  19155,    481, 105818,     11,     21,    488,
        105818,     11,  98668,  22250,    707,   1304,  13363,   3804,    721,
            11,   1376,    982,    260,    501,   3097,    284,    633,  21908,
          1269,   5673,     62,   1885,   4857,    340,    260,    470,   6451,
          4847,  13363,   3804,    721,     11,    501,   3097,    340,    715,
            10,    262,    707,    633,   1193,     11,   1376,     11,    353,
          2116,     11,   3070,   9670,    982,     10,    286,    501,   3097,
           284,    633,  21908,   1269,   5673,     62,   1885,   4857,    340,
            10,    286,    470,   2256,   1005,    455,   1755,   3097,     11,
           353,   2116,     11,   3070,   9670,    340,  16911,    257,    707,
          2420,   1193,     11,   1376,     11,    353,   2116,     11,   3070,
          9670,    982,    260,    501,   3097,    284,    633,  21908,   1269,
          5673,     62,   1885,   4857,    340,    260,    470,   2256,   1005,
          8373,   1755,   3097,     11,    353,   2116,     11,   3070,   9670,
           340], dtype=torch.int32), 'agentic')

(tensor([21377, 82658,    60,  ..., 22023,   982,   715], dtype=torch.int32), 'agentic')

(tensor([   58, 20317,  7365,  ...,   330,  3849,   698], dtype=torch.int32), 'agentic')

(tensor([    32,    324,   6215,   3877,  17792,  12547,   2806,   9183,  14553,
          8421,   1717,     53,     17,    198,   3830,   1128,    358,    646,
          3291,     11,  46504,   3877,  17792,   1558,    537,   1824,   8421,
          1717,     53,     17,  59270,   7688,   1075,  78984,   1558,     13,
          9183,    369,    419,   1035,    387,   2244,  27806,  13481,   1177,
         12875,    264,   3183,   2072,   7382,   5356,  20227,   7197,    293,
          3183,   2072,   7382,   5356,  20227,   7197,    198,   4421,    264,
          3183,   2072,   7382,   5356,  20227,   7197,    198,  62289,    293,
          3183,   2072,   7382,   5356,  20227,   7197,    198,  19155,    481,
        117509,     11,     21,    488, 117509,     11,     24,  22250,    707,
          1304,   2327,   3804,    721,     11,   3070,   9670,     25,   5765,
           982,    338,    330,  14141,   7931,    788,    330,  32210,   1419,
         29283,   4072,    756,    338,    330,  17381,  23642,  20494,    788,
           220, 101220,    345,   1797,    456,     10,    286,    656,  12632,
          1717,   2273,     17,  78579,  35548,    284,  16479,    670,   1006,
            10,    310,    330,   4030,   1717,   2273,     17,  78579,  35548,
           698,     10,    286,   1727,    260,    656,  40279,  30280,     25,
          1759,  17282,     60,    284,   1140,    741,    260,    656,  67729,
          1693,  10342,  33016,    284,  16479,    670,    445,   9990,   1693,
         10342,  33016,   1138,    260,    656,   4125,  25454,  15305,  38192,
         11830,     25,   1759,  17282,     60,    284,   1140,    741,  19155,
           481,     18, 100928,     11,     21,    488, 100919,     16,     11,
         98886,  22250,    707,    311,  23788,   1193,      8,   1464,    607,
           510,    338,  51918,    421,    330,  17381,  23642,  20494,      1,
           304,  10647,  15806,    287,  35548,   1018,  70261,  15331,  10222,
          7636,  11758,  10647,  15806,    287,  35548,   1183,  17381,  23642,
         20494,   1341,  11325,  15331,  10222,   7636,   7309,      4,  12324,
         67421,   2290,    690,  59270,   7688,   1731,    397,   2290,  51918,
         12324,  67421,     10,   1060,  51918,    421,  10647,  12632,   1717,
          2273,     17,  78579,  35548,  67421,     10,   1060,    366,   5475,
          1717,     53,     17,  59270,   7688,    397,     10,    394,  51918,
           421,    330,   6217,  29283,      1,    304,  10647,  12632,   1717,
          2273,     17,  78579,  35548,   1018,  70261,   6217,  29283,  11758,
         10647,  12632,   1717,   2273,     17,  78579,  35548,   1183,   6217,
         29283,   1341,  11325,   6217,  29283,   7309,      4,  12324,  67421,
            10,    394,  51918,    421,    330,   5974,  29283,      1,    304,
         10647,  12632,   1717,   2273,     17,  78579,  35548,   1018,  70261,
          5974,  29283,  11758,  10647,  12632,   1717,   2273,     17,  78579,
         35548,   1183,   5974,  29283,   1341,  11325,   5974,  29283,   7309,
             4,  12324,  67421,     10,   1060,    690,   5475,   1717,     53,
            17,  59270,   7688,    397,     10,   1060,  51918,  12324,  67421,
          2290,    314,  42728,    421,  10647,  21878,  28341,  33016,    481,
             4,    532,   2290,    366,  11640,  28576,   8713,  11758,  10647,
         21878,  28341,  33016,  11325,  11640,  28576,   8713,    397,   2290,
           314,  42728,  12324,    481,      4,    532,  13481,   1177,  12875,
           264,   3183,   2072,   7382,   5356,  32280,  22589,   7197,    293,
          3183,   2072,   7382,   5356,  32280,  22589,   7197,    198,   4421,
           264,   3183,   2072,   7382,   5356,  32280,  22589,   7197,    198,
         62289,    293,   3183,   2072,   7382,   5356,  32280,  22589,   7197,
           198,  19155,    481, 120392,     11,  99366,    488, 120392,     11,
         98886,  22250,    707,    716,    455,   8684,  24823,   6288,  36052,
          1193,      8,   1464,  29019,  17282,     11,   5765,  10338,    260,
           456,    715,    257,    707,    716,    455,   8684,  28341,  36052,
          1193,      8,   1464,  29019,  17282,     11,   5765,  10338,     10,
           286,   3628,    284,    656,   1436,    455,   6745,    741,    260,
           470,    341,   1797,    330,  52710,  92222,    788,    656,   1436,
           455,  25056,   4090,   1006,    338,    330,  51363,     57,   3154,
         80674,  12529,  15351,    698,   1797,   2837,     12,    310,    330,
         12546,  37162,  14311,  42654,  45041,    788,    656,   1436,    455,
          6745,   1005,    455,   1006,     12,    394,    330,  11079,  16041,
         14311,  50718,  86274,    698,     12,    310,   2837,     10,    310,
           330,  12546,  37162,  14311,  42654,  45041,    788,   3628,    670,
           445,  11079,  16041,  14311,  50718,  86274,   4461,   1797,    330,
          1999,   1269,    788,    656,   1436,    455,   4090,    445,   5988,
           675,   4461,   1797,    330,   1999,  28341,  33016,    788,    656,
          1436,    455,   4090,    445,   3506,  28576,   8713,   4461,   1797,
           330,   1999,  94876,   6288,   1269,    788,    656,   1436,    455,
          4090,    445,   3506,   3136,   4711,  50237,   4461,  19155,    481,
        117509,     11,     21,    488, 124080,     11,     24,  22250,    707,
           716,    455,   8684,  28341,  36052,   1193,      8,   1464,  29019,
         17282,     11,   5765,  10338,   1797,    330,   8559,  16319,   2346,
         52911,    788,    656,   1436,    455,   4090,    445,  12100,  15918,
          1249,  14997,   4461,   1797,    330,  14073,    788,    656,  50430,
          2019,   6745,    445,  15918,    497,    330,   5668,   4461,   1797,
           330,  92271,  35548,    788,    656,   1436,    455,   5243,   4090,
           445,  59270,   7688,  62057,     10,    310,    330,   4030,   1717,
          2273,     17,  78579,  35548,    788,   3628,    670,   1006,     10,
           394,    330,   5475,   1717,     53,     17,  59270,   7688,    698,
            10,    310,   2837,   1797,    330,   9990,   1693,  10342,  33016,
           788,    656,   1436,    455,   4090,   1006,    338,    330,  18298,
          1693,   3608,   8713,    698,   1797,   2837], dtype=torch.int32), 'agentic')

(tensor([16415,  7995, 54106,  ...,  4098, 29087,   198], dtype=torch.int32), 'agentic')

(tensor([    49,   5936,     25,   2308,   2070,    315,   1565,  92580,     63,
           369,    279,   2033,    315,   1565,   2468,  27025,  12178,   3989,
           319,  14364,  13374,   2038,  17799,  73022,  12663,    319,     31,
         16695,   1710,   5356,    319,     31,  16695,    643,     18,    319,
           750,   3110,  21080,    220,    435,   5356,    284,  60353,     18,
          6581,    445,     81,   5356,   6060,    220,    435,   5356,   2520,
          8684,  11898,   7805,    414,   5952,    675,    428,   1944,  59978,
          4723,    414,   5952,   2523,   8713,    428,   1944,  33016,   5031,
           414,   5952,   2523,   1957,    428,   1999,    734,     17,  61368,
          4723,    414,   8199,    428,   4110,   6215,  24337,  80959,   4723,
           220,   8615,    220,  16281,   1269,    284,    330,   1944,   1331,
          9597,   5031,    220,    435,   5356,   2520,   8684,  52911,   7805,
           414,   5952,  14997,   8713,  14140,   9597,   1269,   1871,    414,
          5952,   2523,   8713,    428,   1944,  33016,   4723,    220,   8615,
         10414,    220,  16281,    284,    435,   5356,  41728,   8684,  73597,
         27542,   7805,    414,   5952,   2523,   8713,    428,   1944,  33016,
          4723,    414,   7487,  25795,     28,     16,   1871,    414,  68198,
           929,    428,  19693,   4723,    220,    873,   1183,   3506,  61437,
         27542,  18093,     15,   6114,  10414,    220,    274,     18,    284,
         60353,     18,   6581,    445,     82,     18,   6060,    220,    274,
            18,   2520,  38541,   7805,    414,  47471,    428,   1944,  38541,
          4723,    414,   4230,  35836,   7688,  15771,   4707,  17863,    788,
           330,    391,   5279,    269,  14749,     12,     16,  45157,    220,
          8615,  10414,    220,    592,    284,    435,   5356,   4962,  27025,
         12178,   7805,    414,  22136,   6262,   8713,  18083,      1,  16875,
          6262,   1655,     12, 115937,     18,     12, 100002,     12, 100772,
            12,  99317,     12, 100372,     12, 102501,   4723,    414,   8747,
         57933,  14140,   9597,   1183,   3506,  14997,  57933,  37426,    414,
           328,     18,  35836,    675,    428,   1944,  38541,   4723,    414,
           358,    309,   9027,  57933,    428,   1944,  19755,   4723,    414,
           730,   1011,  80681,    428,   1944,   4698,   1011,    842,   4723,
           414,    328,     18,  14325,    428,   1944,  13965,   4723,    220,
          8615,    220,   1173,   4590,   7229,  73022,    871,  14364,   5949,
         17799,  73022,    319,   1666,    262,    364,  16875,   6262,   8713,
          1210,    364,  16875,   6262,   1655,     12, 115937,     18,     12,
        100002,     12, 100772,     12,  99317,     12, 100372,     12, 102501,
          5550,    262,    364,   3608,  57933,   1210,    364,   1885,     25,
          8634,  66868,   5356,     25,    391,   5279,    269,  14749,     12,
            16,     25, 108714, 100461,     21, 100928,     24,     15,  98886,
         14485,   9597,  83781,   1331,   9597,   5550,    262,    364,  14997,
          1462,   1210,   8872,  19680,      7, 115937,     18,     11,    220,
            20,     11,    220,     17,     11,    220,  99317,     11,    220,
            22,     11,    220, 102501,     11,    220, 101723,     19,  99752,
            11,  42284,   2733,  23932,     89,  28256,  11852,    364,   6262,
         39982,   1210,   8872,  19680,      7, 115937,     18,     11,    220,
            20,     11,    220,     17,     11,    220,  99317,     11,    220,
            22,     11,    220, 102501,     11,    220, 102486,     17,  99752,
            11,  42284,   2733,  23932,     89,  28256,  11852,    364,   6262,
         55458,   1210,   8872,  19680,      7, 115937,     18,     11,    220,
            20,     11,    220,     17,     11,    220,  99317,     11,    220,
            22,     11,    220, 102501,     11,    220, 102486,     17,  99752,
            11,  42284,   2733,  23932,     89,  28256,    368,   9907,    262,
           364,     50,     18,  35836,   1210,    364,   1944,  38541,   5550,
           262,    364,     50,     18,  14325,   1210,    364,   1944,  13965,
          5550,    262,    364,     40,    309,   9027,  57933,   1210,    364,
          1944,  19755,     62,   1885,   5550,    262,    364,     42,   1011,
         80681,   1210,    364,   1944,    842,   5550,    262,    364,   2522,
          1210,    364,  14727,   5550,    262,    364,  31870,   9492,   1210,
           220,  99457,   1871,    262,    364,   7595,  28854,    291,   1043,
           641,   5381,   1210,    220,     16,   1871,    262,    364,  17483,
         60485,   1210,  48340,    262,    364,  12081,   2052,   1210,  48340,
           262,    364,   2582,  14600,   1210,   5360,  61340,   1210,    364,
            20,  99619,     68,     18,  99146,     23,     12,  93506,     22,
            12,  98965,     66,     18,     12, 100067,     69,     20,   2220,
        100067,     19,     18,  98886,  99618,    370,     19,   5550,    262,
           364,   9227,  15860,   1210,    220,  98867,   1871,    262,    364,
          9227,  10569,   1210,   5360,   4030,   1210,    364,  72193,    905,
         24655,    364,  51221,  80853,   1210,    220,     15,   1771,   1771,
         73022,    871,  14364,  30895,    871,  20660,   1805,   9529,   2428,
          1110,    872,  50656,  50594,    905,     14, 123985, 103205,     16,
        101478,     14, 122406,  99618,     18,     23, 101840,     12, 102952,
            18,   9787, 100614,     68,   2220,     19,     67,     18,     12,
            19,  80999,   7409, 101411,     66,   1737,     22, 100104,     21,
         99695,   5918, 100002,     66,   3508,   1218,   2428,   1110,     65,
          2072,     18,  28668,    905,   5457,     16,  84881,  10503,  32989,
         65300,  22201,   7382,   5356,  25008,  69454,  27025,  12178,   2564,
           871,  10229,    537,   7842,   1565,  92580,     63,   2070,    304,
           279,   2033,    937,    319,   1427,   9826,    311,  16774,    549,
          1218,    201,   1022,  13481,   1177,  12875,    264,   3183,   2072,
          7382,   5356,  20227,   7197,    293,   3183,   2072,   7382,   5356,
         20227,   7197,    198,   4421,    264,   3183,   2072,   7382,   5356,
         20227,   7197,    198,  62289,    293,   3183,   2072,   7382,   5356,
         20227,   7197,    198,  19155,    481, 114240,     21,     11,     21,
           488, 114240,     21,     11,     24,  22250,    707,   1304,   2327,
         60566,    715,    260,    656,   4299,    284,    330,  14727,    698,
           260,    656,  23006,   3752,    284,  33295,     62,     23,  99618,
            16,  28840,   6615,    717,  55815,  44976,  19680,  10695,   2398,
            10,    286,    656,  14688,   1819,    284,   2399,     10,    310,
           330,  18931,  66162,      1,    421,    943,  52759,      8,    374,
          9989,  14997,    770,    330,   3140,  45731,    698,     10,    286,
          1727,    715,    257,    707,    311,  23788,   1193,      8,   1464,
           607,    510,    260,   3811,    284,  14345,   1006,  19155,    481,
        114495,     16,     11,     21,    488, 114495,     19,     11,     22,
         22250,    707,    311,  23788,   1193,      8,   1464,    607,    510,
          1797,    366,   7595,  28854,    291,   1043,    641,   5381,  11758,
           220,     16,  11325,   7595,  28854,    291,   1043,    641,   5381,
           397,   1797,    366,  17483,  60485,   1472,  17483,  60485,    397,
          1797,    366,  12081,   2052,   1472,  12081,   2052,    397,     10,
           310,    366,  92580,  11758,   3383,  14688,   1819,  11325,  92580,
           397,   1797,   3190,    260,   1727,    260,    470,   3811,   8739,
         17459,   7667,     11,  16281,   7667,  52331,    340],
       dtype=torch.int32), 'agentic')

(tensor([ 2005,  5317,  5634,  ...,   284,  2975, 51308], dtype=torch.int32), 'agentic')

(tensor([  5637,    291,    328,     18,  41874,  23288,   6894,    198,     32,
          2115,  28155,    504,    671, 101130,     20,     16,    871,  73022,
         12663,    319,      3,  10130,    481,  32448,    319,  30163,    220,
            18,     13,     24,     13,  98886,    320,   3817,     11,   4915,
           220,    220,     23,    220, 115937,     17,     11,    220,  98503,
            25, 102501,     25,  99200,      8,   2529,     58,   5066,    524,
           220,  99367,     13,     15,     13,     15,    320,  25302,     12,
        108157,     15,     13,     15,     13, 100104,     13, 109871,   7252,
           389,  15257,   7526,    319,    929,    330,   8652,    497,    330,
         15480,    497,    330,  55395,      1,    476,    330,  13258,      1,
           369,    803,   1995,   3224,  20114,   1159,  22067,    319,  20114,
           504,  72394,    514,     18,   8234,   1159,    328,     18,  29586,
           319,  20114,    274,     18,    284,    328,     18,  29586,    492,
           355,  37407,     12,     16,    516,    364, 108714,     19,   7694,
         20114,    274,     18,   2520,  38541,    492,   2408,   1455,  11147,
          1844,    355,  37407,     12,     16,   7694,  13739,   2072,    514,
            18,   8234,    991,    726,  35836,   1633,    518,    220,     15,
            87, 109803,   6066, 101411,     17,     15,   1433,  20114,    274,
            18,   3597,  38541,   9434,    287,    492,   2408,   1455,  11147,
           516,    364,   5462,   7694,  20114,    274,     18,   3597,   5314,
           492,   2408,   1455,  11147,   1844,   2408,  16159,    516,    364,
            87,   7694,  13739,   2072,    514,     18,   8234,    991,    726,
          1592,   1633,    518,    220,     15,     87, 110248,  99698,     64,
            16,     69,     15,   1433,  20114,    274,     18,   3597,   5314,
           492,   2408,   1455,  11147,   1844,   2408,  16159,    516,    364,
            88,   7694,  13739,   2072,    514,     18,   8234,    991,    726,
          1592,   1633,    518,    220,     15,     87, 108345,     66, 100632,
            24, 100096,   1433,  20114,    274,     18,  13848,   3568,  96994,
          7530,  40925,  92598,   7530,    924,     14,   1370,    360,  11924,
          1037,     85,   8193,  23203,     18,     13,     24,  47581,  75159,
          3183,   2072,   2687,     18,  20227,   7197,     25, 101135,     22,
            25,  11759,  12081,     25,    328,     18,   1376,    572,    537,
         25495,    315,    304,    882,    319,    220,  18958,  21358,    445,
            50,     18,   1376,    572,    537,  25495,    315,    304,    882,
           497,  11759,  12081,   1218,  20114,  22067,  29017,   3568, 121498,
         98965,    319,  20114,   2529,  73022,   1406,  13481,   1177,  12875,
           264,   3183,   2072,   2687,     18,  20227,   7197,    293,   3183,
          2072,   2687,     18,  20227,   7197,    198,   4421,    264,   3183,
          2072,   2687,     18,  20227,   7197,    198,  62289,    293,   3183,
          2072,   2687,     18,  20227,   7197,    198,  19155,    481, 117721,
            20,     11,  98886,    488, 117721,     20,     11,  98668,  22250,
           707,   1304,   2327,   3804,    721,     11,   5537,   1269,     11,
          2692,    842,    982,    257,    707,   7585,   1193,    982,    260,
           671,   1752,   1449,   1376,    323,  67564,     11,  47206,  15873,
           264,  54085,   1703,    311,   3270,    279,    897,    315,   1846,
          6894,    198,    260,    671,  29170,    429,   1493,  54085,   1703,
            12,  19174,    525,   7877,     11,    323,   5274,    902,   1034,
         43679,   1787,    198,     12,    286,    369,  15609,    304,    656,
           948,  38343,  10651,   3932,     12,    310,    369,   1376,    304,
         15609,   9120,  10651,   3932,     12,    394,    421,  11397,   4857,
            11,  36773,   1592,    982,     12,    503,   1376,  30894,    741,
            12,    310,    369,  10485,    304,  15609,    744,   9840,   7038,
         10651,   3932,     12,    394,  10485,  30894,    741,     10,    286,
           369,  10485,    304,  36773,     44,  18175,  80611,    510,     10,
           310,  10485,  30894,    741,     10,    286,    369,   1376,    304,
         36773,   1592,  80611,    510,     10,    310,   1376,  30894,    741,
           260,   2256,   1005,   9712,    741,    715,    257,    569,   3699,
           198], dtype=torch.int32), 'agentic')

(tensor([31409,   361,  8128,  ...,   361, 20227,  7197], dtype=torch.int32), 'agentic')

(tensor([18366,  6119,  4675,  ...,   716,   716,   716], dtype=torch.int32), 'agentic')

(tensor([1592, 1454,  304,  ...,  721,   11, 3750], dtype=torch.int32), 'agentic')

(tensor([21377, 82658,    60,  ...,   537, 32072,   510], dtype=torch.int32), 'agentic')

(tensor([ 16695,  51543,   7402,  16887,    929,   7035,    198,     40,   2776,
          4460,    311,   1273,   2348,  10303,   3118,   1172,  38100,  34715,
            11,    714,    279,    470,   1633,    374,   7402,   1565,  13092,
           929,     63,  17799,   1944,   2834,  73022,  12663,    319,    262,
           569,  16695,  51543,    319,    262,    707,   1273,   2019,   6415,
          6450,    907,   2969,  34715,   1193,   5783,    286,    656,  25260,
         33969,     62,   4932,  19755,  17977,    286,    671,    448,   7860,
         51543,  21080,    286,   2943,    284,  60353,     18,   6581,    445,
         12928,    497,   5537,   1269,    428,    355,  39292,     12,     16,
          6060,    286,   2943,   2520,   9171,   7805,    310,   5712,    675,
           428,   1944,   9171,   4723,    310,  10949,    428,  12663,     18,
            13,     23,   4723,    310,  15392,    428,   1885,     25,   8634,
            25,   4932,    486, 108714, 100461,     21, 100928,     24,     15,
         98886,     25,   5778,  12691,  54455,   4723,    310,  19916,    428,
         12928,   9171,  75905,  10178,   4723,    310,   6119,  15771,  30921,
          1703,    788,    293,      1,  30450,   2038,  45157,    310,   7662,
           428,   2271,    729,   4723,    286,   8615,  73022,    871,   2271,
           291,   2038,   2834,  73022,  12663,    319,    750,   1140,   6415,
          6450,    907,   2969,  34715,  12799,   5783,    262,   2477,   4954,
         66193,    907,   2969,  34715,    284,  23084,    262,   5746,    284,
          2943,   6420,  31575,  89586,   4353,     28,  98867,     15,   1218,
           262,    369,    729,    304,   5746,   1183,  25129,   1341,   2834,
           286,    421,    330,  13092,    929,      1,    304,    729,    323,
           729,   1183,  13092,    929,   1341,    961,    330,   1906,  20313,
           310,   2477,   4954,  66193,    907,   2969,  34715,   2057,   2920,
          7229,    262,    470,   2477,   4954,  66193,    907,   2969,  34715,
           319,  73022,    871,   4498,    358,  10608,    432,     11,   1565,
          1607,   6415,   6450,    907,   2969,  34715,     63,   7540,   2240,
            11,   2474,    279,   7035,   1565,  13092,    929,     63,    374,
          7402,  17799,     40,  16692,    279,   3059,    700,   2834,  73022,
          2236,    319,   1666,    262,    330,   2582,  14600,    788,    972,
           286,    330,   9227,  15860,    788,    220,  98867,   1871,    286,
           330,   9227,  10569,    788,   4687,   1871,    286,    330,  51221,
         80853,    788,    220,     15,    319,    262,   9874,    262,    330,
         25129,    788,  23572,    286,    972,    310,    330,   5152,    675,
           788,    330,   1944,   9171,   4723,    310,    330,   5152,  57933,
           788,    330,   1885,     25,   8634,     25,  12928,     25,    355,
         39292,     12,     16,     25,    220, 108714, 100461,     21, 100928,
            24,     15,  98886,  17907,  83781,   9171,  21649,     43,  61234,
          4723,    310,    330,  15111,    788,    330,  12663,     18,     13,
            23,   4723,    310,    330,   9027,    788,    330,   1885,     25,
          8634,     25,   4932,     25,    549,    220, 108714, 100461,     21,
        100928,     24,     15,  98886,     25,   5778,  12691,  54455,   4723,
           310,    330,   3050,    788,    330,  12928,   9171,  75905,  10178,
          4723,    310,    330,   2078,   1695,    788,    220,     24,   1871,
           310,    330,   5009,    788,    330,   2271,    729,   4723,    310,
           330,   7636,    788,    220,     18,   1871,    310,    330,  10637,
          1695,    788,    220, 109295,   1871,    310,    330,   5842,  19112,
           788,    330, 115937,     18,     12,  98886,     12,  98668,     51,
         98965,     25,    220, 100461,     25,    220,  99082,     13, 101411,
            24,     20, 100096,  99752,     57,   4723,    310,    330,   2078,
         61876, 116265,    788,    330,     15,     51,  19029,     46,     22,
            85,     46,   9631,   1466,  21149,     42,     57,     52,  14663,
        102721,     89,     48,   8716,     18,     88,     80,     73,  31739,
            21,     67,  67185,     48,     71,     21,  17869,     57,     74,
           428,   1871,    310,    330,   5637,    788,   5201,     43,  61234,
          4723,    310,    330,     53,   3992,   2648,    788,    972,    394,
           330,   3136,   4711,  12695,    788,  92445,    394,    330,  15340,
          2808,  12695,    788,  23084,    310,   9874,    310,    330,   1282,
          4527,   2648,    788,    972,    394,    330,   3636,    788,    330,
         12181,  23790,   5031,    310,   9874,    310,    330,  40014,    788,
         92445,    310,    330,   1397,    788,    330,   5728,   4723,    310,
           330,   5842,   4289,   2522,    788,    330,  36190,   4723,    310,
           330,  18694,   8359,   1413,    788,  23572,    394,    330,     87,
        102807,     62, 102636,   5031,    310,  34171,    310,    330,     36,
         59525,   3253,   5793,    788,    972,    394,    330,   1695,    788,
           220, 124184,    319,    310,   9874,    310,    330,  61437,   3479,
           788,    972,    394,    330,  28397,   1925,    788,    330,   4064,
          4723,    394,    330,  21317,  65484,   2522,    788,    330,   4596,
          5031,    310,   1686,    286,   1686,    262,  47762,   1771,  73022,
           871,  68998,   2834,      9,  72394,    220,     19,     13,     17,
            13,  98965,    319,      9,  60353,     18,    220,     16,     13,
        100702,     13,  98965,    201,   1022,  13481,   1177,  12875,    264,
          3183,   2072,     14,    672,   3226,   5698,  20227,   7197,    293,
          3183,   2072,     14,    672,   3226,   5698,  20227,   7197,    198,
          4421,    264,   3183,   2072,     14,    672,   3226,   5698,  20227,
          7197,    198,  62289,    293,   3183,   2072,     14,    672,   3226,
          5698,  20227,   7197,    198,  19155,    481,     21,  98360,     11,
            22,    488,     21,  98360,     11,     22,  22250,    707,   1304,
          2327,  60566,    715,    260,    656,  13170,    284,   1398,    670,
           445,   5009,    497,  14666,    260,    656,  36422,   2368,    284,
          1398,    670,    445,  10637,   1695,    497,    220, 109295,    340,
            12,    286,    656,  48324,   1819,    284,   1398,    670,    445,
         13092,    929,    497,   2240,    340,     10,    286,    656,  48324,
          1819,    284,   1398,    670,    445,  13092,    929,    497,    330,
         30921,   1138,    260,    656,  32905,    284,   1398,    670,    445,
         49823,    497,   3557,      8,    220,    671,    419,    374,  12030,
          5023,    198,    260,    656,  35928,    284,   1398,    670,    445,
          7636,    497,    220,     18,    340,    260,    656,  20957,     25,
          1759,     58,  13439,  17282,     11,    607,   5053,    284,    656,
          1436,    455,  26010,   1769,   1006], dtype=torch.int32), 'agentic')

(tensor([16695,   814, 82658,  ...,  1797,  3059,   284], dtype=torch.int32), 'agentic')

(tensor([    34,  62988,   2943,   7512,   3317,  15697,   1558,    537,    470,
           448,   5815,   7947,    198,  13041,  48440,     40,   1035,   1075,
           311,   1273,   1039,  55114,   7022,   3465,   1196,   7314,    594,
          7947,    714,    432,   4977,    429,    279,   1196,   7314,    594,
          7947,   3343,    374,    537,  11532,    304,    279,   1565,  12326,
          3317,  15697,  53896,   2033,    304,  72394,   3224,     40,   2776,
          1667,  60353,   2319,   1565,     16,     13,  99590,     13,  98360,
            63,    323,  72394,   2319,   1565,     18,     13,     16,     13,
         99317,     63,  17799,     40,   3003,   3465,    264,   1273,    311,
         22739,    279,   1465,   2834,  73022,  12663,    319,    474,  60353,
            18,    319,   1499,  72394,   1159,   7860,    666,   3934,    275,
           588,     79,   8562,     31,  16695,    666,   3934,    275,    588,
            79,    319,    750,   1273,    717,   2072,    666,  62988,   3317,
         15697,  20071,  21080,    262,   2943,    284,  60353,     18,   6581,
           445,     66,  62988,  12890,     79,   6060,    262,   1196,  15697,
           842,    284,   2943,   2520,   3317,  15697,   5304,   1749,    675,
          1131,   2271,  10546,  65534,   1474,  10546,   4181,    764,  28571,
           262,   2943,   2520,   3317,  15697,  20071,   7805,    286,  21023,
          1131,   1944,  72234, 108714,   5550,    286,   2657,  10546,    764,
         30047,  15697,    842,    319,    262,  52185,    262,   1196,  15697,
           284,   2943,  41728,   3317,  15697,  13079,  10546,    764,  30047,
         15697,    842,  50179,   1474,  10546,  96440,    262,   2060,   1196,
         15697,    677,  13627,    660,    621,    364,   1944,  72234, 108714,
          9735,  73022,    871,   1986,   1273,  14515,    389,    279,   1537,
          1555,    448,   1565,   1592,   1454,     25,    364,  13627,      6,
          7808,   4764,     11,    432,    374,   3238,    448,  60353,     13,
           201,   1022,  13481,   1177,  12875,    264,   3183,   2072,   2899,
          3934,    275,    588,     79,  20227,   7197,    293,   3183,   2072,
          2899,   3934,    275,    588,     79,  20227,   7197,    198,   4421,
           264,   3183,   2072,   2899,   3934,    275,    588,     79,  20227,
          7197,    198,  62289,    293,   3183,   2072,   2899,   3934,    275,
           588,     79,  20227,   7197,    198,  19155,    481, 101723,     18,
            11,     21,    488, 101723,     18,     11,  99146,  22250,    707,
          1304,   2327,   3804,    721,     11,   5537,     11,    829,     11,
         11572,   5332,    982,    260,    873,    438,    282,    510,   1797,
           656,   4323,  25879,   3097,    284,   2951,  22900,    955,   4125,
          2398,    715,     10,    262,    569,   3699,    198,     10,    262,
           707,  19127,   1193,    982,     10,    286,    470,  18766,    275,
           588,     79,   3895,   1412,  14317,  42731,    921,  16911,     10,
           262,    569,   3699,    198,     10,    262,    707,   7947,   1193,
           982,     10,    286,    470,   1790,   1006,     10,    310,   2399,
            10,    394,  78368,    198,     10,    394,    369,  78368,    304,
           656,  36993,   3324,  15697,  69675,  10651,    741,     10,    394,
           421,  78368,   3324,  15697,    842,    621,    656,   1764,    198,
            10,    310,   2837,     10,    310,   2240,    345,     10,    286,
          1727,  16911,    257,    707,    716,   4608,  90709,  20272,   1193,
           982,    260,    671,   8614,    693,   7449,  15388,    374,    537,
          3042,    304,  60359,   1474,  10546,   2033,    421,    279,   7314,
           572,   3465,   2041,    198,    260,    671,  37642,    432,     11,
         65692,   4876,   4278,    389,   1638,   5003,  37617,    198,  19155,
           481, 100933,     18,     11,     22,    488, 101474,     23,     11,
            23,  22250,    707,    311,   9451,   1193,     11,  11572,   5608,
           982,   1797,   1196,  15697,   9451,   1183,  57868,   2648,   1341,
           284,   2399,    338,    656,   9217,   2883,   5332,    670,    445,
         57868,   2648,    899,    476,   5613,   1797,   1727,   6913,     10,
           286,    421,    656,  10998,    510,     10,    310,   1196,  15697,
          9451,   1183,  13627,   1341,    284,    656,  10998,  10998,    198,
           260,    470,   1196,  15697,   9451,  26723,    257,    707,    716,
           455,   3317,   1193,     11,   5934,    982], dtype=torch.int32), 'agentic')

(tensor([  7916,   1565,   9497,     17,  72081,     63,  15958,  12105,    369,
           730,   4826,    198,  10056,    594,    912,   1565,   9497,     17,
         72081,     63,  15958,  12105,    369,  95866,   3224,     42,   4826,
          2197,     25,   3703,   1110,  14111,  34992,  18240,    905,  14100,
          1011,  32989,  71478,   8855,  71478,   1098,    622,   2564,      2,
          7082,   1098,    622,  43771,  33727,    871,  34466,  25107,   2834,
         73022,    319,  11446,   4939,     32,   1088,   1220,  37896,     62,
        116265,    760,  23166,   4939,     32,   1088,   1220,  37896,     62,
        100919,     19,    760,  23166,   4939,     32,   1088,   1220,  37896,
            62, 124184,    760,  23166,   4939,     32,  63441,   6412,     16,
          2334,     16,     62,     20,  37896,     62, 116265,    760,  23166,
          4939,     32,  63441,   6412,     16,   2334,     16,     62,     20,
         37896,     62, 100919,     19,    760,  23166,   4939,     32,  63441,
          6412,     16,   2334,     16,     62,     20,  37896,     62, 124184,
           760,  20590,  72081,  37896,     62, 116265,    760,  20590,  72081,
         37896,     62, 100919,     19,    760,  20590,  72081,  37896,     62,
        124184,    760,  13707,     17,  72081,    319,  73022,   1406,  13481,
          1177,  12875,    264,   3183,   2072,  14100,   1011,  20227,   7197,
           293,   3183,   2072,  14100,   1011,  20227,   7197,    198,   4421,
           264,   3183,   2072,  14100,   1011,  20227,   7197,    198,  62289,
           293,   3183,   2072,  14100,   1011,  20227,   7197,    198,  19155,
           481, 105818,     11,     21,    488, 105818,     11,     22,  22250,
           707,  15958,   8417,  18945,   1193,      8,   1464,   1759,  17282,
         10338,    338,    330,  11446,   4939,     32,   1088,   1220,  37896,
            62, 116265,    756,    338,    330,  11446,   4939,     32,   1088,
          1220,  37896,     62, 100919,     19,    756,    338,    330,  11446,
          4939,     32,   1088,   1220,  37896,     62, 124184,    756,     10,
           394,    330,   9497,     17,  72081,    756,   1797,   5133,    715,
           257,    707,    311,   5243,   1193,      8,   1464,  29019,  17282,
            11,   5765,  10338], dtype=torch.int32), 'agentic')

(tensor([ 13850,   6145,     25,   9183,    369,    330,    792,      1,    323,
           330,    957,      1,  13397,    304,  46584,  80888,   7512,  16319,
          6738,    198,     40,   2776,    389,  47206,    220,     19,     13,
            17,     13,     17,     13,    358,   5485,    508,    574,   3980,
          9529,   2428,   1110,   5204,    905,  23239,     76,   2072,   3183,
          2072,  34654,  23240,   3183,   2072,     14,  78663,  80888,  20227,
          7197,      2,     43, 119953,     16,      8,    304,    279,   2038,
           429,  10769,    279,   7709,    358,   2776,   9117,    979,    358,
          1430,    311,   4051,    553,   1565,    792,     63,    476,   1565,
           957,     63,    304,    458,  46584,  80888,   2473,   1565,  12326,
         16319,     63,   1618,     13,    358,    646,   3410,    264,   3238,
          2038,   6077,    421,   5871,    714,  24616,   2474,    419,   7402,
         14932,    374,   2669,  28584,    389,    429,    498,   2299,    678,
          4658,   7853,     13,  26032,    287,    421,   1052,    594,   4650,
           311,   1490,    419,  20029,     11,    476,    421,    264,   8574,
          1035,    387,  10560,  30709,  13481,   1177,  12875,    264,   3183,
          2072,     14,  78663,  80888,  20227,   7197,    293,   3183,   2072,
            14,  78663,  80888,  20227,   7197,    198,   4421,    264,   3183,
          2072,     14,  78663,  80888,  20227,   7197,    198,  62289,    293,
          3183,   2072,     14,  78663,  80888,  20227,   7197,    198,  19155,
           481, 117290,     23,     11,     22,    488, 117290,     23,     11,
            21,  22250,    707,  29541,  11898,   1006,    257,    707,   7512,
         16319,   1193,     11,  13397,     25,   1759,     58,  13439,  17282,
            11,    607,  29504,   1464,   1759,     58,  13439,  17282,     11,
           607,  82630,    260,   3190,    260,  44637,    374,    537,   3602,
         11532,    624,     12,    286,   8277,    279,   1565,   3902,  61453,
           287,   4351,     63,    323,   1565,   2674,  46548,  28680,  84604,
            63,  13397,    525,  11532,    624,    260,   3190,    260,   4963,
           284,    656,  30929,    436,  80888,  21100,  10651,    741,    260,
          9488,    284,   1140,  13330,  36132,  51700,   4071,     58,     81,
         32361,    369,    435,    304,   4963,  10902,  19155,    481, 123006,
            17,     11,     21,    488, 123006,     16,     11,  98668,  22250,
           707,   7512,  16319,   1193,     11,  13397,     25,   1759,     58,
         13439,  17282,     11,    607,  29504,   1464,   1759,     58,  13439,
         17282,     11,    607,  82630,   3824,    369,    259,    304,   9488,
           198,   3824,    421,    259,    670,    445,   2674,  46548,   3752,
         51277,    497,  35055,  14762,    368,    304,   2750,    198,    338,
          5133,     10,    310,    421,    282,   1183,    675,   1341,    621,
           330,    792,   4660,     10,    394,   9488,    284,    508,     83,
           369,    259,    304,   9488,    421,    259,   1183,    792,   1341,
           304,    282,   1183,   6227,  82973,     10,    310,    421,    282,
          1183,    675,   1341,    621,    330,    957,   4660,     10,    394,
          9488,    284,    508,     83,    369,    259,    304,   9488,    421,
           259,   1183,    957,   1341,    304,    282,   1183,   6227,  82973,
           260,    470,   9488,  26723,    257,    707,   7283,  37490,  24943,
          1193,     11,   1874,   1269,     25,    607,     11,  16717,     25,
          1759,  17282,   2467,   1464,   2240,    510], dtype=torch.int32), 'agentic')

(tensor([62535, 13528,  6168,  ...,   470,  2033,   198], dtype=torch.int32), 'agentic')

(tensor([   42, 82105,    25,  ...,   470, 35327,   698], dtype=torch.int32), 'agentic')

(tensor([14040,  2520, 56644,  ..., 17794,  1341,   982], dtype=torch.int32), 'agentic')

(tensor([    34,  62988,   3034,     14,   6054,   9656,    653,    537,   6644,
          1196,   7314,   2526,   8200,    198,  13041,  48440,     40,   5293,
          1588,    429,   1196,   7314,    508,   9160,   8200,   9529,   2428,
          1110,  14111,  34992,  18240,    905,   2899,  62988,  32989,     14,
         15828,   2375,  34534,  11733,   2268,   1749,  39812,     12,  12334,
          2564,      2,    872,   2268,   1749,  39812,  36706,     12,  12334,
             8,    525,    537,  40447,   1119,    279,  47274,  23277,   2428,
          1110,   5204,    905,  23239,     76,   2072,   3183,   2072,  34654,
            14,     21,  99590,    450, 101135,     67, 104160,     64,     16,
            65,     17,     66,     20,  99146,     22,  99951,     65,  99367,
            64, 125910, 100702,     23,     15,     68, 121818,     69,     16,
            67,     23,   3183,   2072,   2899,   3934,    275,    588,     79,
         20227,   7197,      2,     43,     20,  99916,    871,   2121,   7481,
           304,    279,    508,  35954,    356,  62988,  26257,   9529,   2428,
          1110,  14111,  34992,  18240,    905,   2899,  62988,  32989,     14,
         15828,   2375,  34534,  55045,   5522,   1786,  62988,   8693,   2268,
          6178,  91996,  10598,  12890,  34668,   2564,  55626,     29,    330,
           785,   3034,   3950,    646,   1083,   6644,   2526,   8200,    429,
           498,   6979,    304,    697,   1196,   7314,     13,   8175,    356,
         62988,  13905,   2526,   7035,   2750,    311,    279,   3034,   3950,
           438,   9066,  15472,    315,   7035,    943,   1189,    871,  27894,
           432,    387,   3204,    311,    912,    279,   2526,   8200,    311,
           419,   1714,     30,    201,   1022,  13481,   1177,  12875,    264,
          3183,   2072,   2899,   3934,    275,    588,     79,  20227,   7197,
           293,   3183,   2072,   2899,   3934,    275,    588,     79,  20227,
          7197,    198,   4421,    264,   3183,   2072,   2899,   3934,    275,
           588,     79,  20227,   7197,    198,  62289,    293,   3183,   2072,
          2899,   3934,    275,    588,     79,  20227,   7197,    198,  19155,
           481,     20, 101840,     11,     21,    488,     20, 101840,     11,
            24,  22250,    707,    912,  15863,  18211,   1193,     11,   2526,
         18211,     25,   1759,     58,  13439,  17282,     11,    607,  29504,
          1464,   2240,    198,    257,    707,   1855,    842,   6458,   1193,
            11,   2943,    842,     25,    607,     11,   5934,     25,    607,
             8,   1464,  24547,  17282,     11,    526,  10338,    260,   4960,
          1769,    284,    656,    670,   3317,  31723,   1769,   3710,   8178,
           842,  12799,    842,     11,   5934,    340,    260,   1196,    284,
           656,   1436,    455,   3317,  17065,    340,     10,    286,    369,
          6376,    304,   1196,  26059,    510,     10,    310,    421,   6376,
          1183,    675,   5521,  68814,    445,   9160,     25,  15134,     10,
           394,   4960,   1769,  65978,   1183,    675,  65811,    284,   6376,
          1183,   1130,   7026,    260,    421,   2422,   4277,  40398,      8,
           861,    220,     15,    510,   1797,   4960,   1769,   1183,     66,
         62988,     25,  16735,   1341,    284,    508,   4074,   6175,   1269,
           369,   1874,    304,   1196,  40398,    921,    260,    877,   6458,
            11,  27807,   1243,    284,    656,   2520,  94771,   1006],
       dtype=torch.int32), 'agentic')

(tensor([62535,  1584, 33430,  ...,   470,  2033,   198], dtype=torch.int32), 'agentic')

(tensor([ 38670,   1265,   4828,  11759,  14568,    369,   3698,  34360,    421,
           537,   6724,    198,  48546,   3698,  34360,    369,   9783,   9696,
           829,  24810,  37894,   4518,    315,  11759,  14568,   3224,  73022,
           319,    220,   2887,   3521,   3608,     14,   8589,  23396,  11924,
          1037,     85,   8193,  23203,     18,     13,     23,  47581,  75159,
          3183,   2072,   2687,  15210,  32280,  22589,   7197,    497,   1555,
           220,  99618,     11,    304,   3698,  34360,    319,    262,    656,
         68606,  39792,   7440,  34360,  17665,   1269,     11,    829,   1218,
           220,   2887,   3521,   3608,     14,   8589,  23396,  11924,   1037,
            85,   8193,  23203,     18,     13,     23,  47581,  75159,   3183,
          2072,   2687,  15210,  20227,   7197,    497,   1555,    220, 126382,
            11,    304,   3698,  34360,    319,    262,   1874,   7440,  34360,
          3153,   1218,    220,   2887,   3521,   3608,     14,   8589,  23396,
         11924,   1037,     85,   8193,  23203,     18,     13,     23,  47581,
         75159,   3183,   2072,   2687,  15210,  20227,   7197,    497,   1555,
           220, 111508,     11,    304,   3698,  34360,    319,    262,    656,
           514,  49295,   8287,   3153,   1218,   1592,   1454,     25,    364,
           757, 100372,     18,     17,     67,     23,     12, 101175,     64,
            18,     12,     19,     65,  98360,     12, 116385,     19,     12,
        114062,     20,  99695,     66,  98503,     23,     65,     19,   9735,
         73022,    871,     76,   2072,   2319,     25,    220,     19,     13,
            17,     13,  98886,    320,  16695,     82,   1218,     65,   2072,
            18,   2319,     25,    220,     16,     13,  99916,     13, 102269,
           319,   6331,    509,    460,   2319,     25,    220,     16,     13,
        100104,     13, 102269,    201,   1022,  13481,   1177,  12875,    264,
          3183,   2072,   2687,  15210,     14,  61319,   7197,    293,   3183,
          2072,   2687,  15210,     14,  61319,   7197,    198,   4421,    264,
          3183,   2072,   2687,  15210,     14,  61319,   7197,    198,  62289,
           293,   3183,   2072,   2687,  15210,     14,  61319,   7197,    198,
         19155,    481,     23,     11,     23,    488,     23,     11,  98668,
         22250,    707,   1304,   2327,   3804,    721,     11,    829,     25,
           607,      8,   1464,   2240,    510,  31770,    536,  23447,  10367,
         39129,  38101,   1454,    982,     12,    262,    707,   1304,   2327,
          3804,    721,      8,   1464,   2240,    510,     12,    286,   2256,
         26421,   2327,  51329,   4783,  14568,    497,    330,  32066,    537,
          1730,   1138,     10,    262,    707,   1304,   2327,   3804,    721,
            11,    829,     25,    607,      8,   1464,   2240,    510,     10,
           286,   2256,  26421,   2327,  60566,     10,    310,    330,   4783,
         14568,    497,    282,      1,  32066,    314,    606,     92,   1558,
           537,   3000,  10035,     10,    286,   1727,  31770,    536,  23447,
          2808,  10367,  39129,  38101,   1454,    982,  13481,   1177,  12875,
           264,   3183,   2072,   2687,  15210,  20227,   7197,    293,   3183,
          2072,   2687,  15210,  20227,   7197,    198,   4421,    264,   3183,
          2072,   2687,  15210,  20227,   7197,    198,  62289,    293,   3183,
          2072,   2687,  15210,  20227,   7197,    198,  19155,    481, 108479,
            11,  98668,    488, 108479,     11,  98886,  22250,    707,    912,
         34360,   1193,     11,   9696,     25,  23447,      8,   1464,   2240,
           510,    715,    257,    707,    633,  34360,   1193,     11,    829,
            25,    607,      8,   1464,  23447,    510,    260,    421,    829,
           537,    304,    656,    514,  49295,    510,     12,    310,   4828,
         23447,  10367,    198,     10,    310,   4828,  23447,  10367,   3153,
           340,    260,    470,    656,    514,  49295,  10929,    921,    715,
           257,    707,   3698,  34360,   1193,     11,    829,     25,    607,
             8,   1464,   2240,    510,     10,    286,    421,    829,    537,
           304,    656,    514,  49295,    510,     10,    310,   4828,  23447,
         10367,   3153,    340,    260,    656,    514,  49295,   8287,   3153,
           340,    715,    257,    707,    311,   5243,   1193,      8,   1464,
         29019,  17282,     11,   5765,  10338], dtype=torch.int32), 'agentic')

(tensor([    35,  82658,   3239,    448,    264,   5309,  10542,   9591,   1265,
          4828,   8422,   1454,    979,    279,  16641,   1376,    374,   4287,
           198,     44,   2072,   6079,     25,    220,     19,     13,     17,
            13,     24,    871,    641,    458,   4558,  19479,   6534,    311,
          3703,   1110,   5204,    905,  23239,     76,   2072,   3183,   2072,
         38537,     14,     20, 101135,     20,     11,    892,    572,    911,
           419,   4265,    979,   1667,   1565,    455,   5634,   7808,    979,
          1667,   1565,   1631,     63,   4518,    448,    264,   5309,  10542,
          9591,    279,   1852,   1142,    646,  12164,  17799,  73022,    319,
          1499,  60353,     18,   1159,   5101,    319,   1499,  60353,     18,
           950,  82658,  97867,   1159,  50609,     11,  15168,   3978,     11,
          5309,    871,   2005,    284,   5101,    445,     67,  82658,   1827,
          2556,    445,   2408,   5237,   6060,   2005,   4786,  21308,  10542,
          9591,     28,   1592,    445,  22186,   1827,  11001,    445,  25962,
         73022,    871,   5445,   5240,   1565,   6331,    509,    460,  25581,
         11710,   1454,     25,   1527,   1465,  10012,    320,  13790,   1354,
             8,    979,   8097,    279,  11356,   5666,     25,   3776,    476,
           803,   5733,   2750,    525,    537,   2697,     13,    576,  16734,
          1130,    369,    264,   1376,   7035,   4157,   6644,    458,   4287,
           914,    897,     13,   5309,     25,  24750,     63,    871,  30665,
           448,  72394,    432,   1101,   4675,    279,   3239,    438,   4622,
           448,    902,   3059,   4192,  13481,   1177,  12875,    264,   3183,
          2072,   3446,  82658,     14,  61319,   7197,    293,   3183,   2072,
          3446,  82658,     14,  61319,   7197,    198,   4421,    264,   3183,
          2072,   3446,  82658,     14,  61319,   7197,    198,  62289,    293,
          3183,   2072,   3446,  82658,     14,  61319,   7197,    198,  19155,
           481,  98729,     11,     21,    488,  98729,     11,  99366,  22250,
           707,   1304,   2327,   3804,    721,     11,   1943,     25,    607,
           982,    260,    656,  13831,   6483,    284,   1943,  26723,    715,
            10,   1040,   5309,  90545,    703,   1354,  65952,  13790,   1354,
           982,     10,    262,    707,   1304,   2327,   3804,    721,     11,
          4287,   3097,     25,    607,    982,     10,    286,   2256,  26421,
          2327,  60566,     10,    310,   1943,  18083,  73065,    476,    803,
          5733,   2750,    525,    537,   2697,     13,    576,  16734,   1130,
           369,    264,   1376,   7035,   4157,   6644,    458,   4287,    914,
           897,     13,   5309,     25,    314,   3194,   3097,  11190,     10,
           286,   1727,  16911,  16911,    536,  13873,   1552,    675,   1454,
         65952,  13790,   1354,    982,    257,   1494,  26723,  13481,   1177,
         12875,    264,   3183,   2072,   3446,  82658,   4322,  28498,  68362,
         27563,  27972,   7197,    293,   3183,   2072,   3446,  82658,   4322,
         28498,  68362,  27563,  27972,   7197,    198,   4421,    264,   3183,
          2072,   3446,  82658,   4322,  28498,  68362,  27563,  27972,   7197,
           198,  62289,    293,   3183,   2072,   3446,  82658,   4322,  28498,
         68362,  27563,  27972,   7197,    198,  19155,    481,     16,     11,
            21,    488,     16,     11,     21,  86399,    504,   7618,   1159,
         14077,    198,    504,  19459,   1159,   5765,     11,   1759,     11,
         29019,     11,  24547,     11,  12250,     11,   9142,    198,  37852,
         72394,    950,  82658,  25581,   1159,  14553,  13790,   1354,    198,
            10,   1499,  72394,    950,  82658,  25581,   1159,  14553,  13790,
          1354,     11,   5309,  90545,    703,   1354,    198,    504,  72394,
         62254,  14406,   3135,   1159,  21233,  37240,  26723,    715,  19155,
           481, 124618,     11,     21,    488, 124618,     11,     23,  22250,
           707,   9589,  25293,   1006,    260,   1727,    257,    421,  12307,
           961,  36051,    510,    260,   4828,  14553,  13790,   1354,    445,
          2859,   1376,   2971,    537,   7248,   1138,     10,    262,    421,
           330,     50,      1,    304,   5175,   3142,    323,   5175,   3142,
          1183,     50,   1341,    621,  52028,     10,    286,   4828,   5309,
         90545,    703,   1354,   7195,   8947,   3097,      8,    220,    671,
           943,     25,  10029,  70517,  10599,    921,    715,    257,   1922,
          9694,   3097,    284,    633,   3097,  42491,     11,    330,     49,
         11498,   1138,    257,   2088,   3097,     11,   2088,  90045,     11,
          2088,   9143,    284,   1790,   1006,  19155,    481,     17,  98729,
            11,     24,    488,     17,  99146,     11,  98886,  22250,    707,
          9589,  25293,   1006,    260,   2837,    260,    320,   4064,     11,
          2240,     11,  95227,    257,   1727,     12,    262,    421,   1922,
          9694,   3097,    323,   2422,  20441,      8,    861,    220,     16,
           323,   2088,   3097,    961,   1922,   9694,   3097,    510,     12,
           286,   4828,  14553,  13790,   1354,   1006,     12,    310,    282,
             1,   2859,   2971,  13619,   1376,  10797,   2392,     25,    314,
          1252,   9694,   3097,  11190,     12,    286,   1727,     10,    262,
           421,   1922,   9694,   3097,    510,     10,    286,    421,   2422,
         20441,      8,    861,    220,     16,    323,   2088,   3097,    961,
          1922,   9694,   3097,    510,     10,    310,   4828,  14553,  13790,
          1354,   1006,     10,    394,    282,      1,   2859,   2971,  13619,
          1376,  10797,   2392,     25,    314,   1252,   9694,   3097,  11190,
            10,    310,   1727,     10,    286,    421,   5212,     50,    788,
          1591,     92,    304,   2088,   9143,    510,     10,    310,   4828,
          5309,  90545,    703,   1354,   7195,   9694,   3097,    340,    715,
           257,    470,   5175,   3142,     11,   2088,  90045,     11,   2088,
          9143,    220,    671,    943,     25,  10029,     58,    689,  19048,
           921,  13481,   1177,  12875,    264,   3183,   2072,   3446,  82658,
         32280,  22589,   7197,    293,   3183,   2072,   3446,  82658,  32280,
         22589,   7197,    198,   4421,    264,   3183,   2072,   3446,  82658,
         32280,  22589,   7197,    198,  62289,    293,   3183,   2072,   3446,
         82658,  32280,  22589,   7197,    198,  19155,    481,  99367,     11,
            21,    488,  99367,     11,     22,  86399,    257,  14553,  13790,
          1354,    345,    257,  11759,  14568,    345,    257,  21641,  97136,
           345,     10,    262,   5309,  90545,    703,   1354,    345,   1727,
           504,  72394,    950,  82658,   8234,   1159,  17519,  16835,   3895,
          1412,     11,   6633,     11,  71265,   3506,  29586,    198,    504,
         72394,    950,  82658,   8234,  62254,   1159,  17519,     78,   9451,
         18267,    198,  19155,    481, 101130,     19,     11,  98668,    488,
        101130,     20,     11,     22,  22250,    707,    633,   5634,   1193,
             8,   1464,    607,    510,    260,   1376,    284,    656,   5079,
          1183,   1592,   7026,    260,   4287,  12625,    284,    508,     74,
           369,    595,     11,    348,    304,   1376,   9611,    368,    421,
           537,   1790,  26982,   3747,  10651,  10126,    921,    260,    421,
          4287,  12625,    510,     12,    310,   4828,  14553,  13790,   1354,
          1006,     12,    394,    330,   3966,    476,    803,   5733,   2750,
           525,    537,   2697,     13,    576,  16734,   1130,    369,    264,
          1376,   7035,   4157,   6644,    458,   6228,     12,    394,    282,
             1,   3194,    914,    897,     13,   5309,     25,    314,   3194,
         12625,     58,     15,  68854,     12,    310,   1727,     10,    310,
          4828,   5309,  90545,    703,   1354,  24147,  12625,     58,     15,
          2546,    715,    260,  21563,  27972,    284,    656,   1436,    455,
         72178,  27972,    741,    260,   8200,   2346,   3062,    284,    656,
          5079,    670,    445,  10511,   1249,   1949,   1138],
       dtype=torch.int32), 'agentic')

(tensor([ 77688,   1462,    374,    537,  10444,    304,   1102,    315,   7512,
         60700,    198,    565,  25148,    319,    641,   5535,   2319,    315,
         72394,    320,    437,   4658,   9011,   6174,   2238,      8,   1565,
         12326,  60700,     63,    729,   1558,    537,    470,  72108,   1462,
          3224,   3830,  72394,  13050,    432,    646,    387,   2494,   1075,
          1565,   1028,  10695,     63,    979,  12229,  11381,    380,   1660,
          3465,    773,    432,    646,    387,   5927,    979,   7512,   3468,
          1660,   2598,   1406,  13481,   1177,  12875,    264,   3183,   2072,
         72494,     17,  20227,     14,  44433,   7197,    293,   3183,   2072,
         72494,     17,  20227,     14,  44433,   7197,    198,   4421,    264,
          3183,   2072,  72494,     17,  20227,     14,  44433,   7197,    198,
         62289,    293,   3183,   2072,  72494,     17,  20227,     14,  44433,
          7197,    198,  19155,    481,     16,     11,     20,    488,     16,
            11,     21,  86399,    504,    659,   2153,   1159,  12347,   3556,
          7498,     17,   4783,    198,    504,   5241,   6031,   1159,  13945,
          8726,     11,   4194,    814,    291,  10084,  12842,    842,    198,
            10,   1499,  72394,   4871,   8409,   1159,  51525,   3009,    198,
           504,  19459,   1159,   5765,     11,  29019,     11,   1759,     11,
         12250,  26723,    715,  19155,    481,  99146,     11,     21,    488,
         99241,     11,     22,  22250,    707,   1304,   2327,  60566,    260,
           656,  13059,  26737,     25,  12250,  17282,     60,    284,   2867,
         26737,    198,    260,    656,  23549,  89458,    284,   3233,  89458,
           476,    330,    263,    698,    260,    656,  29081,     17,  39792,
           284,  19127,    198,     10,    286,    656,  12162,   2527,   3009,
           284,  51525,   3009,    741,    715,    257,    707,   4879,   1193,
             8,   1464,   2240,    510,    260,    656,   3467,    284,    330,
         76326,    698,  13481,   1177,  12875,    264,   3183,   2072,  72494,
            17,  32280,  22589,     14,  44433,   7197,    293,   3183,   2072,
         72494,     17,  32280,  22589,     14,  44433,   7197,    198,   4421,
           264,   3183,   2072,  72494,     17,  32280,  22589,     14,  44433,
          7197,    198,  62289,    293,   3183,   2072,  72494,     17,  32280,
         22589,     14,  44433,   7197,    198,  19155,    481, 101478,     11,
            21,    488, 101478,     11,     22,  22250,    707,   4879,  60700,
          1193,      8,   1464,    607,    510,    257,    366,   3790,   1649,
           397,    260,  51918,    369,   3468,    304,  18402,  67421,   1797,
           366,   1203,    397,     10,    394,    366,  92457,   1462,  11758,
          3468,  12162,   2527,   3009,  11325,  92457,   1462,    397,    338,
           366,   3902,  28140,  11758,   3468,  23549,  89458,  11325,   3902,
         28140,    397,    338,    366,  52710,  15351,  11758,   3468,  57413,
         11325,  52710,  15351,    397,    338,    366,  10329,  29283,   1472,
         10329,  29283,    397], dtype=torch.int32), 'agentic')

(tensor([  1556,  32694,   5333,  28431,  12628,    198,     32,   2421,   5555,
          4134,  23182,   7228,    279,    501,    508,   7082,  28431,  12628,
          9529,   2428,   1110,   8634,  18240,    905,   3470,  22026,  25016,
          8491,     14,    970,  23837,     12,   4979,  12628,  26108,  32073,
          5522,  39472,  13700,  50474,  14932,    369,   3665,  32694,    323,
           358,   2776,  23476,    311,   1430,    432,    700,    323,   4211,
           432,   1119,   1565,     76,   2072,     63,   5961,     11,    714,
           358,   1184,   1045,  18788,    389,  51166,    279,   5333,  14875,
            13,  12254,    358,   4211,    432,    448,    279,   1565,  36059,
            63,   3051,    323,   2167,  19835,    429,   5333,  14875,     11,
           773,    279,   1697,    879,    686,    990,    432,    646,  28538,
           279,   1618,    448,   1565,  70465,     63,     30,    871,     31,
            65,   2024,  19749,    388,    653,    498,    614,    894,   9455,
           389,    432,     30,   2521,    374,    432,    264,  18224,   4522,
           311,   1496,   4211,    432,   1119,   1565,     76,   2072,     63,
           518,    678,  30709,  13481,   1177,  12875,    264,   3183,   2072,
         42520,  20227,   7197,    293,   3183,   2072,  42520,  20227,   7197,
           198,   4421,    264,   3183,   2072,  42520,  20227,   7197,    198,
         62289,    293,   3183,   2072,  42520,  20227,   7197,    198,  19155,
           481,     16,     11,     21,    488,     16,     11,     22,  86399,
          1159,   2975,    198,   1159,   2643,    198,   1159,    312,    198,
            10,    474,   7388,    198,   1159,   2951,    198,   1159,   5708,
           198,   1159,  18958,    198,  19155,    481,  98965,     11,     21,
           488,  98886,     11,     23,  86399,    504,  19459,   1159,   5765,
            11,  29019,     11,   1759,     11,  12250,     11,  24547,  26723,
           504,  15290,   1159,  52860,    198,  16911,     10,   1499,  72394,
          1159,   5003,    198,    504,  72394,   4871,  25581,   1159,   8307,
         38101,   1454,    198,    504,  72394,   4871,   1159,   5351,  29586,
            11,  54890,  13439,     11,  14806,  59046,   1712,     11,  64138,
           198,    504,  72394,   4871,   8409,   1159,   2399,  19155,    481,
        122866,     11,     21,    488, 117721,     11,  99619,  22250,    707,
          3624,   2346,  41760,   1193,     11,   1538,     25,  29019,  17282,
            11,   5765,   2467,   1464,   2240,    510,   3824,    330,   1556,
         15061,    675,    788,    796,     77,  23945,    842,    345,    338,
           456,    338,   5312,  13491,  39792,   3597,  19654,   2561,    931,
          6748,   2546,     10,    310,   4409,    796,     77,   5736,    621,
           330,  12383,      1,    323,    796,     77,  23945,   1819,    621,
           330,   2068,     12,  17969,   4660,     10,    394,    421,   5003,
         18105,  79137,  25807,   3932,     10,    503,   6330,  55964,    284,
           656,   1436,   3903,  11691,  55964,      7,   1885,  23945,    842,
           340,     10,    503,   1681,  18234,    284,   2169,    670,    445,
          2905,   9702,    497,  35073,     10,    503,   7102,    284,   1681,
         18234,    670,    445,   4047,   9702,    497,  35073,     10,    503,
         32275,   6745,    284,   1681,  18234,    670,    445,  66513,   9702,
           497,  35073,     10,    503,   3239,   3904,    284,  13390,   3263,
          5987,   1006,     10,    664,    508,     69,  14120,    792,     92,
          1165,    831,   9858,    369,   1376,     11,   1044,    304,  32275,
          6745,   9611,  27672,     10,    503,   1727,     10,    503,   2515,
           284,   6330,  55964,  42974,   2276,  36508,    488,   2399,     10,
           664,    282,  43618,     90,   1631,   3904,   9858,    421,   3239,
          3904,    770,   8388,     10,    503,   1727,     10,    503,   7388,
          8222,   1006,     10,    664,   1714,     28,   2068,  55964,   6964,
          9029,    345,     10,    664,   2515,  64096,    345,     10,    664,
          7102,  53723,    345,     10,    503,   1727,   1797,    770,    510,
           338,   4828,  37996,    955,      1,  16027,    537,   4512,    369,
           314,   1313,   1193,   9136,   1138,    715,  19155,    481, 110743,
            11,     21,    488, 114146,     11,  98965,  22250,    707,    716,
          6681,   2346,  19654,  42628,   1193,     11,   5101,    842,     25,
           607,     11,   1538,     25,  29019,  17282,     11,   5765,   2467,
          1464,   2308,    198,    260,    421,  18104,  31019,    621,  18104,
         25461,    510,   1797,  18104,  18105,   2057,   6235,    340,    715,
            10,    262,    707,    716,   3903,  11691,  55964,   1193,     11,
          5101,    842,     25,    607,      8,   1464,    330,  33443,   4660,
            10,    286,  19127,     25,    330,   7900,  29586,      1,    284,
          4357,   3895,   1412,  14317,  18753,    842,   1457,    721,  42731,
          1269,    921,     10,    286,   9103,   1269,    284,   5101,    842,
          5289,   4283,  17116,     15,    921,     10,    286,    470,  19127,
         21439,  12628,     58,  17969,   1269,    921,  16911,    257,    707,
           716,   6681,   2346,    643,  26274,  10836,   1006,    260,    656,
            11,   5101,    842,     25,    607,     11,   1538,     25,  29019,
         17282,     11,   5765,   1125,   1874,    842,     25,  12250,  17282,
            60,    284,   2240,    198,    257,    873,   1464,   2240,    510,
         19155,    481, 115878,     20,     11,     21,    488, 115925,     15,
            11,     22,  22250,    707,   2182,  19654,   1193,     11,   4357,
            25,   1759,     58,  13439,  17282,     11,   5765,  29504,   1464,
          1759,     58,  13439,  17282,     11,   5765,  82630,    688,    481,
          3665,  32694,  29589,    198,    688,    481,  51278,     50,  18712,
           488,  46717,  18712,    198,    688,    481,  11256,  60255,  47619,
         88826,    198,     10,    260,    481,  10125,   7388,    320,   3243,
          8967,    979,    386,  27097,  60926,   2158,  57783,  34780,  11260,
           340,    260,   3190,    260,   1629,  19654,    284,   2422,  50166,
           340,    715,  13481,   1177,  12875,    264,   3183,   2072,  29750,
          7197,    293,   3183,   2072,  29750,   7197,    198,   4421,    264,
          3183,   2072,  29750,   7197,    198,  62289,    293,   3183,   2072,
         29750,   7197,    198,  19155,    481, 102626,     11,     21,    488,
        102626,     11,  98668,  22250,    707,  77794,   5921,     62,   1885,
          8952,    368,   1464,   1807,    510,    257,    470,   2643,  23658,
           670,    445,     44,  27097,   2089,   6412,  21961,     62,   9048,
           497,    330,   1866,   1827,  14762,    368,    961,    330,   3849,
           698,  31770,     10,    750,   4357,  79137,  25807,    368,   1464,
          1807,    510,     10,    262,    470,   2643,  23658,    670,    445,
            44,  27097,  60926,   2158,  57783,  34780,    497,    330,   3849,
          1827,  14762,    368,    621,    330,   1866,    698,  16911,  16911,
           707,   2138,  57117,  20584,    368,   1464,   1807,    510,    257,
           470,   2643,  23658,    670,    445,     44,  27097,  44067,  22073,
         92048,   1825,  38967,    497,    330,   3849,   1827,  14762,    368,
           621,    330,   1866,    698,    715], dtype=torch.int32), 'agentic')

(tensor([19565,   436, 80888,  ..., 16319, 56828,   982], dtype=torch.int32), 'agentic')